BRANCH_CODE,ACCOUNT,BKG_DATE,ACC_CCY,ACY_CLOSING_BAL,LAST_UPD
001,001234567890,2026-03-15,USD,45200.000,2026-03-15
002,100000000002,2026-01-02,PEN,9476.400,2026-01-02
003,100000000003,2026-01-03,EUR,20854.200,2026-01-03
004,100000000004,2026-01-04,BRL,8438.000,2026-01-04
005,100000000005,2026-01-05,USD,3310.400,2026-01-05
006,100000000006,2026-01-06,PEN,14000.600,2026-01-06
007,100000000007,2026-01-07,EUR,10446.400,2026-01-07
008,100000000008,2026-01-08,BRL,13319.300,2026-01-08
009,100000000009,2026-01-09,USD,14544.900,2026-01-09
010,100000000010,2026-01-10,PEN,11921.800,2026-01-10
011,100000000011,2026-01-11,EUR,24850.200,2026-01-11
012,100000000012,2026-01-12,BRL,8620.800,2026-01-12
013,100000000013,2026-01-13,USD,20446.300,2026-01-13
014,100000000014,2026-01-14,PEN,18502.200,2026-01-14
015,100000000015,2026-01-15,EUR,20304.900,2026-01-15
016,100000000016,2026-01-16,BRL,1661.900,2026-01-16
017,100000000017,2026-01-17,USD,22826.200,2026-01-17
018,100000000018,2026-01-18,PEN,20517.600,2026-01-18
019,100000000019,2026-01-19,EUR,11425.400,2026-01-19
020,100000000020,2026-01-20,BRL,15383.300,2026-01-20
021,100000000021,2026-01-21,USD,21523.400,2026-01-21
022,100000000022,2026-01-22,PEN,22518.100,2026-01-22
023,100000000023,2026-01-23,EUR,1229.100,2026-01-23
024,100000000024,2026-01-24,BRL,223.500,2026-01-24
025,100000000025,2026-01-25,USD,1717.300,2026-01-25
001,100000000026,2026-01-26,PEN,9414.700,2026-01-26
002,100000000027,2026-01-27,EUR,18318.000,2026-01-27
003,100000000028,2026-01-28,BRL,7659.400,2026-01-28
004,100000000029,2026-01-29,USD,11108.700,2026-01-29
005,100000000030,2026-01-30,PEN,2006.700,2026-01-30
006,100000000031,2026-01-31,EUR,23630.900,2026-01-31
007,100000000032,2026-02-01,BRL,5049.100,2026-02-01
008,100000000033,2026-02-02,USD,2176.700,2026-02-02
009,100000000034,2026-02-03,PEN,18458.600,2026-02-03
010,100000000035,2026-02-04,EUR,9166.100,2026-02-04
011,100000000036,2026-02-05,BRL,3498.400,2026-02-05
012,100000000037,2026-02-06,USD,11750.900,2026-02-06
013,100000000038,2026-02-07,PEN,94607.200,2026-02-07
014,100000000039,2026-02-08,EUR,20257.900,2026-02-08
015,100000000040,2026-02-09,BRL,21612.800,2026-02-09
016,100000000041,2026-02-10,USD,4205.700,2026-02-10
017,100000000042,2026-02-11,PEN,18204.900,2026-02-11
018,100000000043,2026-02-12,EUR,7318.600,2026-02-12
019,100000000044,2026-02-13,BRL,21527.700,2026-02-13
020,100000000045,2026-02-14,USD,2759.800,2026-02-14
021,100000000046,2026-02-15,PEN,24738.600,2026-02-15
022,100000000047,2026-02-16,EUR,214.000,2026-02-16
023,100000000048,2026-02-17,BRL,18610.700,2026-02-17
024,100000000049,2026-02-18,USD,3132.200,2026-02-18
025,100000000050,2026-02-19,PEN,21110.300,2026-02-19
001,100000000051,2026-02-20,EUR,1002.700,2026-02-20
002,100000000052,2026-02-21,BRL,21335.600,2026-02-21
003,100000000053,2026-02-22,USD,14079.200,2026-02-22
004,100000000054,2026-02-23,PEN,8760.800,2026-02-23
005,100000000055,2026-02-24,EUR,18424.200,2026-02-24
006,100000000056,2026-02-25,BRL,14507.700,2026-02-25
007,100000000057,2026-02-26,USD,22800.700,2026-02-26
008,100000000058,2026-02-27,PEN,16659.300,2026-02-27
009,100000000059,2026-02-28,EUR,4382.500,2026-02-28
010,100000000060,2026-03-01,BRL,9551.500,2026-03-01
011,100000000061,2026-03-02,USD,15480.900,2026-03-02
012,100000000062,2026-03-03,PEN,23491.600,2026-03-03
013,100000000063,2026-03-04,EUR,15212.100,2026-03-04
014,100000000064,2026-03-05,BRL,4720.000,2026-03-05
015,100000000065,2026-03-06,USD,20949.200,2026-03-06
016,100000000066,2026-03-07,PEN,21822.700,2026-03-07
017,100000000067,2026-03-08,EUR,13412.600,2026-03-08
018,100000000068,2026-03-09,BRL,12434.600,2026-03-09
019,100000000069,2026-03-10,USD,23879.300,2026-03-10
020,100000000070,2026-03-11,PEN,21986.500,2026-03-11
021,100000000071,2026-03-12,EUR,3581.500,2026-03-12
022,100000000072,2026-03-13,BRL,16427.200,2026-03-13
023,100000000073,2026-03-14,USD,21770.100,2026-03-14
024,100000000074,2026-03-15,PEN,6712.900,2026-03-15
025,100000000075,2026-03-16,EUR,175355.200,2026-03-16
001,100000000076,2026-03-17,BRL,6565.000,2026-03-17
002,100000000077,2026-03-18,USD,10153.500,2026-03-18
003,100000000078,2026-03-19,PEN,15600.000,2026-03-19
004,100000000079,2026-03-20,EUR,21322.000,2026-03-20
005,100000000080,2026-03-21,BRL,5813.600,2026-03-21
006,100000000081,2026-03-22,USD,7424.200,2026-03-22
007,100000000082,2026-03-23,PEN,19131.400,2026-03-23
008,100000000083,2026-03-24,EUR,12302.400,2026-03-24
009,100000000084,2026-03-25,BRL,15531.400,2026-03-25
010,100000000085,2026-03-26,USD,5636.200,2026-03-26
011,100000000086,2026-03-27,PEN,8203.100,2026-03-27
012,100000000087,2026-03-28,EUR,18839.100,2026-03-28
013,100000000088,2026-03-29,BRL,18957.500,2026-03-29
014,100000000089,2026-03-30,USD,15157.800,2026-03-30
015,100000000090,2026-03-31,PEN,9963.200,2026-03-31
016,100000000091,2026-04-01,EUR,1702.200,2026-04-01
017,100000000092,2026-04-02,BRL,15893.600,2026-04-02
018,100000000093,2026-04-03,USD,9832.700,2026-04-03
019,100000000094,2026-04-04,PEN,21268.900,2026-04-04
020,100000000095,2026-04-05,EUR,10468.000,2026-04-05
021,100000000096,2026-04-06,BRL,5691.600,2026-04-06
022,100000000097,2026-04-07,USD,21612.400,2026-04-07
023,100000000098,2026-04-08,PEN,24708.700,2026-04-08
024,100000000099,2026-04-09,EUR,23019.000,2026-04-09
025,100000000100,2026-04-10,BRL,1202.200,2026-04-10
001,100000000101,2026-04-11,USD,18487.900,2026-04-11
002,100000000102,2026-04-12,PEN,19446.700,2026-04-12
003,100000000103,2026-04-13,EUR,10452.200,2026-04-13
004,100000000104,2026-04-14,BRL,19702.800,2026-04-14
005,100000000105,2026-04-15,USD,21616.700,2026-04-15
006,100000000106,2026-04-16,PEN,14991.200,2026-04-16
007,100000000107,2026-04-17,EUR,14670.400,2026-04-17
008,100000000108,2026-04-18,BRL,6347.900,2026-04-18
009,100000000109,2026-04-19,USD,502.500,2026-04-19
010,100000000110,2026-04-20,PEN,11262.700,2026-04-20
011,100000000111,2026-04-21,EUR,6191.000,2026-04-21
012,100000000112,2026-04-22,BRL,66469.600,2026-04-22
013,100000000113,2026-04-23,USD,15086.800,2026-04-23
014,100000000114,2026-04-24,PEN,13634.400,2026-04-24
015,100000000115,2026-04-25,EUR,10461.300,2026-04-25
016,100000000116,2026-04-26,BRL,14449.500,2026-04-26
017,100000000117,2026-04-27,USD,23144.200,2026-04-27
018,100000000118,2026-04-28,PEN,526.000,2026-04-28
019,100000000119,2026-04-29,EUR,21394.100,2026-04-29
020,100000000120,2026-04-30,BRL,18015.100,2026-04-30
021,100000000121,2026-05-01,USD,14122.700,2026-05-01
022,100000000122,2026-05-02,PEN,23400.600,2026-05-02
023,100000000123,2026-05-03,EUR,1686.700,2026-05-03
024,100000000124,2026-05-04,BRL,13910.300,2026-05-04
025,100000000125,2026-05-05,USD,19956.600,2026-05-05
001,100000000126,2026-05-06,PEN,21812.400,2026-05-06
002,100000000127,2026-05-07,EUR,5994.300,2026-05-07
003,100000000128,2026-05-08,BRL,8505.500,2026-05-08
004,100000000129,2026-05-09,USD,2784.900,2026-05-09
005,100000000130,2026-05-10,PEN,18305.000,2026-05-10
006,100000000131,2026-05-11,EUR,16143.300,2026-05-11
007,100000000132,2026-05-12,BRL,9237.300,2026-05-12
008,100000000133,2026-05-13,USD,15090.300,2026-05-13
009,100000000134,2026-05-14,PEN,16931.700,2026-05-14
010,100000000135,2026-05-15,EUR,2594.300,2026-05-15
011,100000000136,2026-05-16,BRL,22229.000,2026-05-16
012,100000000137,2026-05-17,USD,3355.800,2026-05-17
013,100000000138,2026-05-18,PEN,17175.200,2026-05-18
014,100000000139,2026-05-19,EUR,19799.000,2026-05-19
015,100000000140,2026-05-20,BRL,12511.700,2026-05-20
016,100000000141,2026-05-21,USD,8643.700,2026-05-21
017,100000000142,2026-05-22,PEN,4954.200,2026-05-22
018,100000000143,2026-05-23,EUR,10356.400,2026-05-23
019,100000000144,2026-05-24,BRL,11635.200,2026-05-24
020,100000000145,2026-05-25,USD,8570.900,2026-05-25
021,100000000146,2026-05-26,PEN,15916.600,2026-05-26
022,100000000147,2026-05-27,EUR,2544.700,2026-05-27
023,100000000148,2026-05-28,BRL,157.800,2026-05-28
024,100000000149,2026-05-29,USD,97410.400,2026-05-29
025,100000000150,2026-05-30,PEN,16466.900,2026-05-30
001,100000000151,2026-05-31,EUR,16674.700,2026-05-31
002,100000000152,2026-06-01,BRL,11674.100,2026-06-01
003,100000000153,2026-06-02,USD,5678.600,2026-06-02
004,100000000154,2026-06-03,PEN,19757.700,2026-06-03
005,100000000155,2026-06-04,EUR,6516.100,2026-06-04
006,100000000156,2026-06-05,BRL,14655.200,2026-06-05
007,100000000157,2026-06-06,USD,10182.100,2026-06-06
008,100000000158,2026-06-07,PEN,14162.500,2026-06-07
009,100000000159,2026-06-08,EUR,21480.300,2026-06-08
010,100000000160,2026-06-09,BRL,13527.500,2026-06-09
011,100000000161,2026-06-10,USD,21568.900,2026-06-10
012,100000000162,2026-06-11,PEN,13401.700,2026-06-11
013,100000000163,2026-06-12,EUR,19080.100,2026-06-12
014,100000000164,2026-06-13,BRL,13159.300,2026-06-13
015,100000000165,2026-06-14,USD,20337.100,2026-06-14
016,100000000166,2026-06-15,PEN,2270.600,2026-06-15
017,100000000167,2026-06-16,EUR,21469.400,2026-06-16
018,100000000168,2026-06-17,BRL,373.300,2026-06-17
019,100000000169,2026-06-18,USD,175.400,2026-06-18
020,100000000170,2026-06-19,PEN,4096.400,2026-06-19
021,100000000171,2026-06-20,EUR,8966.400,2026-06-20
022,100000000172,2026-06-21,BRL,8329.200,2026-06-21
023,100000000173,2026-06-22,USD,17810.300,2026-06-22
024,100000000174,2026-06-23,PEN,20654.600,2026-06-23
025,100000000175,2026-06-24,EUR,4284.200,2026-06-24
001,100000000176,2026-06-25,BRL,22004.100,2026-06-25
002,100000000177,2026-06-26,USD,1725.200,2026-06-26
003,100000000178,2026-06-27,PEN,20099.700,2026-06-27
004,100000000179,2026-06-28,EUR,6883.200,2026-06-28
005,100000000180,2026-06-29,BRL,16047.300,2026-06-29
006,100000000181,2026-06-30,USD,11735.400,2026-06-30
007,100000000182,2026-07-01,PEN,19125.200,2026-07-01
008,100000000183,2026-07-02,EUR,16063.600,2026-07-02
009,100000000184,2026-07-03,BRL,13983.600,2026-07-03
010,100000000185,2026-07-04,USD,3280.600,2026-07-04
011,100000000186,2026-07-05,PEN,19399.200,2026-07-05
012,100000000187,2026-07-06,EUR,7408.500,2026-07-06
013,100000000188,2026-07-07,BRL,8980.100,2026-07-07
014,100000000189,2026-07-08,USD,24646.900,2026-07-08
015,100000000190,2026-07-09,PEN,22217.100,2026-07-09
016,100000000191,2026-07-10,EUR,1108.200,2026-07-10
017,100000000192,2026-07-11,BRL,15361.200,2026-07-11
018,100000000193,2026-07-12,USD,14993.100,2026-07-12
019,100000000194,2026-07-13,PEN,7231.800,2026-07-13
020,100000000195,2026-07-14,EUR,17901.400,2026-07-14
021,100000000196,2026-07-15,BRL,7894.900,2026-07-15
022,100000000197,2026-07-16,USD,7120.000,2026-07-16
023,100000000198,2026-07-17,PEN,15297.700,2026-07-17
024,100000000199,2026-07-18,EUR,10079.500,2026-07-18
025,100000000200,2026-07-19,BRL,1525.400,2026-07-19
001,100000000201,2026-07-20,USD,19816.300,2026-07-20
002,100000000202,2026-07-21,PEN,19036.600,2026-07-21
003,100000000203,2026-07-22,EUR,24187.200,2026-07-22
004,100000000204,2026-07-23,BRL,19623.500,2026-07-23
005,100000000205,2026-07-24,USD,12718.400,2026-07-24
006,100000000206,2026-07-25,PEN,7648.200,2026-07-25
007,100000000207,2026-07-26,EUR,13882.200,2026-07-26
008,100000000208,2026-07-27,BRL,22095.300,2026-07-27
009,100000000209,2026-07-28,USD,20571.300,2026-07-28
010,100000000210,2026-07-29,PEN,18776.800,2026-07-29
011,100000000211,2026-07-30,EUR,18247.100,2026-07-30
012,100000000212,2026-07-31,BRL,10303.100,2026-07-31
013,100000000213,2026-08-01,USD,18365.400,2026-08-01
014,100000000214,2026-08-02,PEN,15555.200,2026-08-02
015,100000000215,2026-08-03,EUR,12923.100,2026-08-03
016,100000000216,2026-08-04,BRL,16236.900,2026-08-04
017,100000000217,2026-08-05,USD,13094.300,2026-08-05
018,100000000218,2026-08-06,PEN,9109.700,2026-08-06
019,100000000219,2026-08-07,EUR,23679.100,2026-08-07
020,100000000220,2026-08-08,BRL,15173.900,2026-08-08
021,100000000221,2026-08-09,USD,13359.900,2026-08-09
022,100000000222,2026-08-10,PEN,22655.600,2026-08-10
023,100000000223,2026-08-11,EUR,100816.800,2026-08-11
024,100000000224,2026-08-12,BRL,10167.600,2026-08-12
025,100000000225,2026-08-13,USD,6578.300,2026-08-13
001,100000000226,2026-08-14,PEN,10905.000,2026-08-14
002,100000000227,2026-08-15,EUR,12105.200,2026-08-15
003,100000000228,2026-08-16,BRL,7850.300,2026-08-16
004,100000000229,2026-08-17,USD,15862.300,2026-08-17
005,100000000230,2026-08-18,PEN,19477.700,2026-08-18
006,100000000231,2026-08-19,EUR,18342.300,2026-08-19
007,100000000232,2026-08-20,BRL,17945.900,2026-08-20
008,100000000233,2026-08-21,USD,21840.000,2026-08-21
009,100000000234,2026-08-22,PEN,1762.700,2026-08-22
010,100000000235,2026-08-23,EUR,1318.900,2026-08-23
011,100000000236,2026-08-24,BRL,3100.000,2026-08-24
012,100000000237,2026-08-25,USD,21343.500,2026-08-25
013,100000000238,2026-08-26,PEN,186.100,2026-08-26
014,100000000239,2026-08-27,EUR,9009.100,2026-08-27
015,100000000240,2026-08-28,BRL,22828.200,2026-08-28
016,100000000241,2026-08-29,USD,12995.000,2026-08-29
017,100000000242,2026-08-30,PEN,17653.400,2026-08-30
018,100000000243,2026-08-31,EUR,2326.500,2026-08-31
019,100000000244,2026-09-01,BRL,18785.100,2026-09-01
020,100000000245,2026-09-02,USD,4302.500,2026-09-02
021,100000000246,2026-09-03,PEN,653.500,2026-09-03
022,100000000247,2026-09-04,EUR,18647.900,2026-09-04
023,100000000248,2026-09-05,BRL,21333.300,2026-09-05
024,100000000249,2026-09-06,USD,22036.300,2026-09-06
025,100000000250,2026-09-07,PEN,26.200,2026-09-07
001,100000000251,2026-09-08,EUR,8963.500,2026-09-08
002,100000000252,2026-09-09,BRL,880.200,2026-09-09
003,100000000253,2026-09-10,USD,12352.700,2026-09-10
004,100000000254,2026-09-11,PEN,6057.700,2026-09-11
005,100000000255,2026-09-12,EUR,7.900,2026-09-12
006,100000000256,2026-09-13,BRL,21408.400,2026-09-13
007,100000000257,2026-09-14,USD,22828.400,2026-09-14
008,100000000258,2026-09-15,PEN,14699.900,2026-09-15
009,100000000259,2026-09-16,EUR,7686.600,2026-09-16
010,100000000260,2026-09-17,BRL,140487.200,2026-09-17
011,100000000261,2026-09-18,USD,4676.000,2026-09-18
012,100000000262,2026-09-19,PEN,4959.100,2026-09-19
013,100000000263,2026-09-20,EUR,3170.200,2026-09-20
014,100000000264,2026-09-21,BRL,20399.300,2026-09-21
015,100000000265,2026-09-22,USD,1782.000,2026-09-22
016,100000000266,2026-09-23,PEN,17452.500,2026-09-23
017,100000000267,2026-09-24,EUR,23483.900,2026-09-24
018,100000000268,2026-09-25,BRL,18032.800,2026-09-25
019,100000000269,2026-09-26,USD,9082.400,2026-09-26
020,100000000270,2026-09-27,PEN,9210.200,2026-09-27
021,100000000271,2026-09-28,EUR,3806.900,2026-09-28
022,100000000272,2026-09-29,BRL,20378.000,2026-09-29
023,100000000273,2026-09-30,USD,157.400,2026-09-30
024,100000000274,2026-10-01,PEN,20973.200,2026-10-01
025,100000000275,2026-10-02,EUR,21949.800,2026-10-02
001,100000000276,2026-10-03,BRL,24470.300,2026-10-03
002,100000000277,2026-10-04,USD,13188.000,2026-10-04
003,100000000278,2026-10-05,PEN,18287.700,2026-10-05
004,100000000279,2026-10-06,EUR,15641.200,2026-10-06
005,100000000280,2026-10-07,BRL,23998.700,2026-10-07
006,100000000281,2026-10-08,USD,19944.100,2026-10-08
007,100000000282,2026-10-09,PEN,7456.400,2026-10-09
008,100000000283,2026-10-10,EUR,9303.100,2026-10-10
009,100000000284,2026-10-11,BRL,20021.100,2026-10-11
010,100000000285,2026-10-12,USD,9235.800,2026-10-12
011,100000000286,2026-10-13,PEN,9362.900,2026-10-13
012,100000000287,2026-10-14,EUR,8340.700,2026-10-14
013,100000000288,2026-10-15,BRL,1611.100,2026-10-15
014,100000000289,2026-10-16,USD,20302.800,2026-10-16
015,100000000290,2026-10-17,PEN,24621.700,2026-10-17
016,100000000291,2026-10-18,EUR,18940.700,2026-10-18
017,100000000292,2026-10-19,BRL,24261.000,2026-10-19
018,100000000293,2026-10-20,USD,20532.400,2026-10-20
019,100000000294,2026-10-21,PEN,23034.000,2026-10-21
020,100000000295,2026-10-22,EUR,12638.200,2026-10-22
021,100000000296,2026-10-23,BRL,15625.600,2026-10-23
022,100000000297,2026-10-24,USD,38652.800,2026-10-24
023,100000000298,2026-10-25,PEN,18642.800,2026-10-25
024,100000000299,2026-10-26,EUR,437.300,2026-10-26
025,100000000300,2026-10-27,BRL,1080.100,2026-10-27
001,100000000301,2026-10-28,USD,24841.500,2026-10-28
002,100000000302,2026-10-29,PEN,15147.700,2026-10-29
003,100000000303,2026-10-30,EUR,21236.800,2026-10-30
004,100000000304,2026-10-31,BRL,20977.400,2026-10-31
005,100000000305,2026-11-01,USD,4675.300,2026-11-01
006,100000000306,2026-11-02,PEN,15859.800,2026-11-02
007,100000000307,2026-11-03,EUR,11513.900,2026-11-03
008,100000000308,2026-11-04,BRL,1912.000,2026-11-04
009,100000000309,2026-11-05,USD,1126.800,2026-11-05
010,100000000310,2026-11-06,PEN,6479.300,2026-11-06
011,100000000311,2026-11-07,EUR,606.200,2026-11-07
012,100000000312,2026-11-08,BRL,6924.100,2026-11-08
013,100000000313,2026-11-09,USD,23739.500,2026-11-09
014,100000000314,2026-11-10,PEN,21037.300,2026-11-10
015,100000000315,2026-11-11,EUR,5777.200,2026-11-11
016,100000000316,2026-11-12,BRL,11316.400,2026-11-12
017,100000000317,2026-11-13,USD,3999.200,2026-11-13
018,100000000318,2026-11-14,PEN,8380.800,2026-11-14
019,100000000319,2026-11-15,EUR,20683.200,2026-11-15
020,100000000320,2026-11-16,BRL,18848.700,2026-11-16
021,100000000321,2026-11-17,USD,23591.500,2026-11-17
022,100000000322,2026-11-18,PEN,4095.100,2026-11-18
023,100000000323,2026-11-19,EUR,11402.000,2026-11-19
024,100000000324,2026-11-20,BRL,15909.700,2026-11-20
025,100000000325,2026-11-21,USD,14154.000,2026-11-21
001,100000000326,2026-11-22,PEN,4686.700,2026-11-22
002,100000000327,2026-11-23,EUR,7285.700,2026-11-23
003,100000000328,2026-11-24,BRL,4181.700,2026-11-24
004,100000000329,2026-11-25,USD,3746.600,2026-11-25
005,100000000330,2026-11-26,PEN,17396.800,2026-11-26
006,100000000331,2026-11-27,EUR,16075.900,2026-11-27
007,100000000332,2026-11-28,BRL,854.400,2026-11-28
008,100000000333,2026-11-29,USD,899.800,2026-11-29
009,100000000334,2026-11-30,PEN,53281.600,2026-11-30
010,100000000335,2026-12-01,EUR,22695.600,2026-12-01
011,100000000336,2026-12-02,BRL,12988.700,2026-12-02
012,100000000337,2026-12-03,USD,4387.400,2026-12-03
013,100000000338,2026-12-04,PEN,17006.800,2026-12-04
014,100000000339,2026-12-05,EUR,17269.400,2026-12-05
015,100000000340,2026-12-06,BRL,21096.900,2026-12-06
016,100000000341,2026-12-07,USD,17405.800,2026-12-07
017,100000000342,2026-12-08,PEN,13510.500,2026-12-08
018,100000000343,2026-12-09,EUR,19.200,2026-12-09
019,100000000344,2026-12-10,BRL,24514.200,2026-12-10
020,100000000345,2026-12-11,USD,2935.500,2026-12-11
021,100000000346,2026-12-12,PEN,19195.100,2026-12-12
022,100000000347,2026-12-13,EUR,15028.600,2026-12-13
023,100000000348,2026-12-14,BRL,15912.800,2026-12-14
024,100000000349,2026-12-15,USD,2557.100,2026-12-15
025,100000000350,2026-12-16,PEN,8219.200,2026-12-16
001,100000000351,2026-12-17,EUR,16099.600,2026-12-17
002,100000000352,2026-12-18,BRL,21110.100,2026-12-18
003,100000000353,2026-12-19,USD,23161.600,2026-12-19
004,100000000354,2026-12-20,PEN,5494.400,2026-12-20
005,100000000355,2026-12-21,EUR,3808.000,2026-12-21
006,100000000356,2026-12-22,BRL,7823.600,2026-12-22
007,100000000357,2026-12-23,USD,3285.800,2026-12-23
008,100000000358,2026-12-24,PEN,11414.200,2026-12-24
009,100000000359,2026-12-25,EUR,13065.500,2026-12-25
010,100000000360,2026-12-26,BRL,15399.400,2026-12-26
011,100000000361,2026-12-27,USD,9542.700,2026-12-27
012,100000000362,2026-12-28,PEN,1211.000,2026-12-28
013,100000000363,2026-12-29,EUR,10535.800,2026-12-29
014,100000000364,2026-12-30,BRL,20592.300,2026-12-30
015,100000000365,2026-12-31,USD,24001.300,2026-12-31
016,100000000366,2026-01-01,PEN,20149.900,2026-01-01
017,100000000367,2026-01-02,EUR,19040.100,2026-01-02
018,100000000368,2026-01-03,BRL,2475.200,2026-01-03
019,100000000369,2026-01-04,USD,24473.600,2026-01-04
020,100000000370,2026-01-05,PEN,15969.600,2026-01-05
021,100000000371,2026-01-06,EUR,17016.000,2026-01-06
022,100000000372,2026-01-07,BRL,13359.400,2026-01-07
023,100000000373,2026-01-08,USD,16050.600,2026-01-08
024,100000000374,2026-01-09,PEN,20251.100,2026-01-09
025,100000000375,2026-01-10,EUR,16427.600,2026-01-10
001,100000000376,2026-01-11,BRL,9663.400,2026-01-11
002,100000000377,2026-01-12,USD,23713.700,2026-01-12
003,100000000378,2026-01-13,PEN,8376.000,2026-01-13
004,100000000379,2026-01-14,EUR,15699.600,2026-01-14
005,100000000380,2026-01-15,BRL,9828.300,2026-01-15
006,100000000381,2026-01-16,USD,2830.400,2026-01-16
007,100000000382,2026-01-17,PEN,21974.200,2026-01-17
008,100000000383,2026-01-18,EUR,10785.600,2026-01-18
009,100000000384,2026-01-19,BRL,17936.300,2026-01-19
010,100000000385,2026-01-20,USD,18196.300,2026-01-20
011,100000000386,2026-01-21,PEN,16926.000,2026-01-21
012,100000000387,2026-01-22,EUR,23116.200,2026-01-22
013,100000000388,2026-01-23,BRL,14210.100,2026-01-23
014,100000000389,2026-01-24,USD,18567.500,2026-01-24
015,100000000390,2026-01-25,PEN,17704.100,2026-01-25
016,100000000391,2026-01-26,EUR,1987.500,2026-01-26
017,100000000392,2026-01-27,BRL,17738.400,2026-01-27
018,100000000393,2026-01-28,USD,15291.300,2026-01-28
019,100000000394,2026-01-29,PEN,15055.300,2026-01-29
020,100000000395,2026-01-30,EUR,4702.800,2026-01-30
021,100000000396,2026-01-31,BRL,13081.900,2026-01-31
022,100000000397,2026-02-01,USD,7545.600,2026-02-01
023,100000000398,2026-02-02,PEN,20488.600,2026-02-02
024,100000000399,2026-02-03,EUR,17376.200,2026-02-03
025,100000000400,2026-02-04,BRL,19561.600,2026-02-04
001,100000000401,2026-02-05,USD,6882.200,2026-02-05
002,100000000402,2026-02-06,PEN,11556.800,2026-02-06
003,100000000403,2026-02-07,EUR,12805.100,2026-02-07
004,100000000404,2026-02-08,BRL,8799.200,2026-02-08
005,100000000405,2026-02-09,USD,3707.700,2026-02-09
006,100000000406,2026-02-10,PEN,13844.100,2026-02-10
007,100000000407,2026-02-11,EUR,22819.300,2026-02-11
008,100000000408,2026-02-12,BRL,169391.200,2026-02-12
009,100000000409,2026-02-13,USD,8197.200,2026-02-13
010,100000000410,2026-02-14,PEN,11937.300,2026-02-14
011,100000000411,2026-02-15,EUR,6836.800,2026-02-15
012,100000000412,2026-02-16,BRL,22628.600,2026-02-16
013,100000000413,2026-02-17,USD,10130.000,2026-02-17
014,100000000414,2026-02-18,PEN,1600.900,2026-02-18
015,100000000415,2026-02-19,EUR,3905.900,2026-02-19
016,100000000416,2026-02-20,BRL,16344.100,2026-02-20
017,100000000417,2026-02-21,USD,2942.000,2026-02-21
018,100000000418,2026-02-22,PEN,8740.700,2026-02-22
019,100000000419,2026-02-23,EUR,24948.800,2026-02-23
020,100000000420,2026-02-24,BRL,17694.900,2026-02-24
021,100000000421,2026-02-25,USD,20203.400,2026-02-25
022,100000000422,2026-02-26,PEN,13982.100,2026-02-26
023,100000000423,2026-02-27,EUR,8077.300,2026-02-27
024,100000000424,2026-02-28,BRL,1802.900,2026-02-28
025,100000000425,2026-03-01,USD,24948.200,2026-03-01
001,100000000426,2026-03-02,PEN,1458.500,2026-03-02
002,100000000427,2026-03-03,EUR,692.500,2026-03-03
003,100000000428,2026-03-04,BRL,21653.800,2026-03-04
004,100000000429,2026-03-05,USD,7010.600,2026-03-05
005,100000000430,2026-03-06,PEN,21501.000,2026-03-06
006,100000000431,2026-03-07,EUR,11765.000,2026-03-07
007,100000000432,2026-03-08,BRL,19585.000,2026-03-08
008,100000000433,2026-03-09,USD,23299.400,2026-03-09
009,100000000434,2026-03-10,PEN,9831.800,2026-03-10
010,100000000435,2026-03-11,EUR,7796.200,2026-03-11
011,100000000436,2026-03-12,BRL,5605.000,2026-03-12
012,100000000437,2026-03-13,USD,20349.000,2026-03-13
013,100000000438,2026-03-14,PEN,8920.800,2026-03-14
014,100000000439,2026-03-15,EUR,3904.800,2026-03-15
015,100000000440,2026-03-16,BRL,3733.200,2026-03-16
016,100000000441,2026-03-17,USD,11858.700,2026-03-17
017,100000000442,2026-03-18,PEN,10228.300,2026-03-18
018,100000000443,2026-03-19,EUR,18203.700,2026-03-19
019,100000000444,2026-03-20,BRL,18498.800,2026-03-20
020,100000000445,2026-03-21,USD,168072.800,2026-03-21
021,100000000446,2026-03-22,PEN,15101.400,2026-03-22
022,100000000447,2026-03-23,EUR,8409.700,2026-03-23
023,100000000448,2026-03-24,BRL,18852.600,2026-03-24
024,100000000449,2026-03-25,USD,867.200,2026-03-25
025,100000000450,2026-03-26,PEN,7935.000,2026-03-26
001,100000000451,2026-03-27,EUR,23898.700,2026-03-27
002,100000000452,2026-03-28,BRL,7805.400,2026-03-28
003,100000000453,2026-03-29,USD,3927.600,2026-03-29
004,100000000454,2026-03-30,PEN,11913.700,2026-03-30
005,100000000455,2026-03-31,EUR,16492.100,2026-03-31
006,100000000456,2026-04-01,BRL,8606.000,2026-04-01
007,100000000457,2026-04-02,USD,6496.700,2026-04-02
008,100000000458,2026-04-03,PEN,3170.400,2026-04-03
009,100000000459,2026-04-04,EUR,17439.600,2026-04-04
010,100000000460,2026-04-05,BRL,23362.600,2026-04-05
011,100000000461,2026-04-06,USD,1463.700,2026-04-06
012,100000000462,2026-04-07,PEN,12661.900,2026-04-07
013,100000000463,2026-04-08,EUR,24384.400,2026-04-08
014,100000000464,2026-04-09,BRL,24744.700,2026-04-09
015,100000000465,2026-04-10,USD,20376.800,2026-04-10
016,100000000466,2026-04-11,PEN,19196.400,2026-04-11
017,100000000467,2026-04-12,EUR,11886.700,2026-04-12
018,100000000468,2026-04-13,BRL,4344.700,2026-04-13
019,100000000469,2026-04-14,USD,11507.700,2026-04-14
020,100000000470,2026-04-15,PEN,18255.900,2026-04-15
021,100000000471,2026-04-16,EUR,21074.500,2026-04-16
022,100000000472,2026-04-17,BRL,17779.600,2026-04-17
023,100000000473,2026-04-18,USD,4180.400,2026-04-18
024,100000000474,2026-04-19,PEN,14501.000,2026-04-19
025,100000000475,2026-04-20,EUR,9460.100,2026-04-20
001,100000000476,2026-04-21,BRL,13718.900,2026-04-21
002,100000000477,2026-04-22,USD,24766.500,2026-04-22
003,100000000478,2026-04-23,PEN,10731.200,2026-04-23
004,100000000479,2026-04-24,EUR,10893.400,2026-04-24
005,100000000480,2026-04-25,BRL,22821.200,2026-04-25
006,100000000481,2026-04-26,USD,9395.500,2026-04-26
007,100000000482,2026-04-27,PEN,9108.800,2026-04-27
008,100000000483,2026-04-28,EUR,24959.900,2026-04-28
009,100000000484,2026-04-29,BRL,16705.900,2026-04-29
010,100000000485,2026-04-30,USD,9947.700,2026-04-30
011,100000000486,2026-05-01,PEN,24019.100,2026-05-01
012,100000000487,2026-05-02,EUR,22769.200,2026-05-02
013,100000000488,2026-05-03,BRL,18306.300,2026-05-03
014,100000000489,2026-05-04,USD,9944.000,2026-05-04
015,100000000490,2026-05-05,PEN,5930.000,2026-05-05
016,100000000491,2026-05-06,EUR,19775.900,2026-05-06
017,100000000492,2026-05-07,BRL,1169.800,2026-05-07
018,100000000493,2026-05-08,USD,13510.800,2026-05-08
019,100000000494,2026-05-09,PEN,19256.900,2026-05-09
020,100000000495,2026-05-10,EUR,13253.900,2026-05-10
021,100000000496,2026-05-11,BRL,2157.100,2026-05-11
022,100000000497,2026-05-12,USD,13786.200,2026-05-12
023,100000000498,2026-05-13,PEN,24207.100,2026-05-13
024,100000000499,2026-05-14,EUR,93.400,2026-05-14
025,100000000500,2026-05-15,BRL,21078.400,2026-05-15
001,100000000501,2026-05-16,USD,9981.300,2026-05-16
002,100000000502,2026-05-17,PEN,13884.100,2026-05-17
003,100000000503,2026-05-18,EUR,11225.600,2026-05-18
004,100000000504,2026-05-19,BRL,17745.100,2026-05-19
005,100000000505,2026-05-20,USD,10509.500,2026-05-20
006,100000000506,2026-05-21,PEN,12757.800,2026-05-21
007,100000000507,2026-05-22,EUR,19380.300,2026-05-22
008,100000000508,2026-05-23,BRL,11998.400,2026-05-23
009,100000000509,2026-05-24,USD,20599.300,2026-05-24
010,100000000510,2026-05-25,PEN,13444.400,2026-05-25
011,100000000511,2026-05-26,EUR,11006.700,2026-05-26
012,100000000512,2026-05-27,BRL,15704.900,2026-05-27
013,100000000513,2026-05-28,USD,9305.900,2026-05-28
014,100000000514,2026-05-29,PEN,6464.800,2026-05-29
015,100000000515,2026-05-30,EUR,15607.400,2026-05-30
016,100000000516,2026-05-31,BRL,21574.700,2026-05-31
017,100000000517,2026-06-01,USD,17739.500,2026-06-01
018,100000000518,2026-06-02,PEN,10612.000,2026-06-02
019,100000000519,2026-06-03,EUR,53034.400,2026-06-03
020,100000000520,2026-06-04,BRL,11373.900,2026-06-04
021,100000000521,2026-06-05,USD,11060.100,2026-06-05
022,100000000522,2026-06-06,PEN,20661.200,2026-06-06
023,100000000523,2026-06-07,EUR,14125.000,2026-06-07
024,100000000524,2026-06-08,BRL,10699.000,2026-06-08
025,100000000525,2026-06-09,USD,12347.500,2026-06-09
001,100000000526,2026-06-10,PEN,8444.000,2026-06-10
002,100000000527,2026-06-11,EUR,20850.400,2026-06-11
003,100000000528,2026-06-12,BRL,20702.000,2026-06-12
004,100000000529,2026-06-13,USD,22274.400,2026-06-13
005,100000000530,2026-06-14,PEN,8826.200,2026-06-14
006,100000000531,2026-06-15,EUR,6850.700,2026-06-15
007,100000000532,2026-06-16,BRL,4371.800,2026-06-16
008,100000000533,2026-06-17,USD,9505.900,2026-06-17
009,100000000534,2026-06-18,PEN,22631.300,2026-06-18
010,100000000535,2026-06-19,EUR,7193.700,2026-06-19
011,100000000536,2026-06-20,BRL,13736.400,2026-06-20
012,100000000537,2026-06-21,USD,13860.300,2026-06-21
013,100000000538,2026-06-22,PEN,7283.700,2026-06-22
014,100000000539,2026-06-23,EUR,23464.700,2026-06-23
015,100000000540,2026-06-24,BRL,24015.600,2026-06-24
016,100000000541,2026-06-25,USD,19641.900,2026-06-25
017,100000000542,2026-06-26,PEN,11098.200,2026-06-26
018,100000000543,2026-06-27,EUR,24040.400,2026-06-27
019,100000000544,2026-06-28,BRL,13437.700,2026-06-28
020,100000000545,2026-06-29,USD,22428.800,2026-06-29
021,100000000546,2026-06-30,PEN,10562.300,2026-06-30
022,100000000547,2026-07-01,EUR,13144.100,2026-07-01
023,100000000548,2026-07-02,BRL,4189.000,2026-07-02
024,100000000549,2026-07-03,USD,4404.900,2026-07-03
025,100000000550,2026-07-04,PEN,8628.700,2026-07-04
001,100000000551,2026-07-05,EUR,9107.500,2026-07-05
002,100000000552,2026-07-06,BRL,22073.800,2026-07-06
003,100000000553,2026-07-07,USD,18727.900,2026-07-07
004,100000000554,2026-07-08,PEN,3362.900,2026-07-08
005,100000000555,2026-07-09,EUR,1941.200,2026-07-09
006,100000000556,2026-07-10,BRL,25898.400,2026-07-10
007,100000000557,2026-07-11,USD,13450.000,2026-07-11
008,100000000558,2026-07-12,PEN,8189.800,2026-07-12
009,100000000559,2026-07-13,EUR,23923.100,2026-07-13
010,100000000560,2026-07-14,BRL,5050.100,2026-07-14
011,100000000561,2026-07-15,USD,8055.300,2026-07-15
012,100000000562,2026-07-16,PEN,19091.000,2026-07-16
013,100000000563,2026-07-17,EUR,24011.400,2026-07-17
014,100000000564,2026-07-18,BRL,1627.500,2026-07-18
015,100000000565,2026-07-19,USD,11357.700,2026-07-19
016,100000000566,2026-07-20,PEN,21968.600,2026-07-20
017,100000000567,2026-07-21,EUR,12806.900,2026-07-21
018,100000000568,2026-07-22,BRL,10930.100,2026-07-22
019,100000000569,2026-07-23,USD,11161.800,2026-07-23
020,100000000570,2026-07-24,PEN,9394.200,2026-07-24
021,100000000571,2026-07-25,EUR,10939.900,2026-07-25
022,100000000572,2026-07-26,BRL,19292.500,2026-07-26
023,100000000573,2026-07-27,USD,5274.000,2026-07-27
024,100000000574,2026-07-28,PEN,19026.800,2026-07-28
025,100000000575,2026-07-29,EUR,9209.000,2026-07-29
001,100000000576,2026-07-30,BRL,7892.900,2026-07-30
002,100000000577,2026-07-31,USD,21241.100,2026-07-31
003,100000000578,2026-08-01,PEN,23621.400,2026-08-01
004,100000000579,2026-08-02,EUR,8273.800,2026-08-02
005,100000000580,2026-08-03,BRL,8659.700,2026-08-03
006,100000000581,2026-08-04,USD,19378.500,2026-08-04
007,100000000582,2026-08-05,PEN,20333.500,2026-08-05
008,100000000583,2026-08-06,EUR,14071.500,2026-08-06
009,100000000584,2026-08-07,BRL,24392.200,2026-08-07
010,100000000585,2026-08-08,USD,18493.100,2026-08-08
011,100000000586,2026-08-09,PEN,18945.300,2026-08-09
012,100000000587,2026-08-10,EUR,462.200,2026-08-10
013,100000000588,2026-08-11,BRL,11301.700,2026-08-11
014,100000000589,2026-08-12,USD,4741.100,2026-08-12
015,100000000590,2026-08-13,PEN,8241.700,2026-08-13
016,100000000591,2026-08-14,EUR,23742.000,2026-08-14
017,100000000592,2026-08-15,BRL,8014.700,2026-08-15
018,100000000593,2026-08-16,USD,128724.800,2026-08-16
019,100000000594,2026-08-17,PEN,14048.200,2026-08-17
020,100000000595,2026-08-18,EUR,3859.500,2026-08-18
021,100000000596,2026-08-19,BRL,965.200,2026-08-19
022,100000000597,2026-08-20,USD,3549.000,2026-08-20
023,100000000598,2026-08-21,PEN,17733.000,2026-08-21
024,100000000599,2026-08-22,EUR,6892.400,2026-08-22
025,100000000600,2026-08-23,BRL,14762.400,2026-08-23
001,100000000601,2026-08-24,USD,15298.000,2026-08-24
002,100000000602,2026-08-25,PEN,3403.500,2026-08-25
003,100000000603,2026-08-26,EUR,17182.200,2026-08-26
004,100000000604,2026-08-27,BRL,16570.000,2026-08-27
005,100000000605,2026-08-28,USD,2760.900,2026-08-28
006,100000000606,2026-08-29,PEN,8982.900,2026-08-29
007,100000000607,2026-08-30,EUR,2386.400,2026-08-30
008,100000000608,2026-08-31,BRL,8610.100,2026-08-31
009,100000000609,2026-09-01,USD,7305.100,2026-09-01
010,100000000610,2026-09-02,PEN,21557.700,2026-09-02
011,100000000611,2026-09-03,EUR,3702.200,2026-09-03
012,100000000612,2026-09-04,BRL,316.500,2026-09-04
013,100000000613,2026-09-05,USD,23532.600,2026-09-05
014,100000000614,2026-09-06,PEN,17771.500,2026-09-06
015,100000000615,2026-09-07,EUR,1413.200,2026-09-07
016,100000000616,2026-09-08,BRL,22456.700,2026-09-08
017,100000000617,2026-09-09,USD,16231.100,2026-09-09
018,100000000618,2026-09-10,PEN,23499.300,2026-09-10
019,100000000619,2026-09-11,EUR,13365.400,2026-09-11
020,100000000620,2026-09-12,BRL,8057.300,2026-09-12
021,100000000621,2026-09-13,USD,3312.700,2026-09-13
022,100000000622,2026-09-14,PEN,15482.600,2026-09-14
023,100000000623,2026-09-15,EUR,2367.000,2026-09-15
024,100000000624,2026-09-16,BRL,13323.500,2026-09-16
025,100000000625,2026-09-17,USD,16538.500,2026-09-17
001,100000000626,2026-09-18,PEN,7876.000,2026-09-18
002,100000000627,2026-09-19,EUR,7534.200,2026-09-19
003,100000000628,2026-09-20,BRL,21176.300,2026-09-20
004,100000000629,2026-09-21,USD,13354.100,2026-09-21
005,100000000630,2026-09-22,PEN,80315.200,2026-09-22
006,100000000631,2026-09-23,EUR,24839.000,2026-09-23
007,100000000632,2026-09-24,BRL,12735.700,2026-09-24
008,100000000633,2026-09-25,USD,21549.400,2026-09-25
009,100000000634,2026-09-26,PEN,13923.400,2026-09-26
010,100000000635,2026-09-27,EUR,3767.400,2026-09-27
011,100000000636,2026-09-28,BRL,9510.900,2026-09-28
012,100000000637,2026-09-29,USD,7993.000,2026-09-29
013,100000000638,2026-09-30,PEN,2579.300,2026-09-30
014,100000000639,2026-10-01,EUR,1442.400,2026-10-01
015,100000000640,2026-10-02,BRL,22991.400,2026-10-02
016,100000000641,2026-10-03,USD,10226.300,2026-10-03
017,100000000642,2026-10-04,PEN,18247.800,2026-10-04
018,100000000643,2026-10-05,EUR,13971.200,2026-10-05
019,100000000644,2026-10-06,BRL,17444.900,2026-10-06
020,100000000645,2026-10-07,USD,10087.600,2026-10-07
021,100000000646,2026-10-08,PEN,14538.900,2026-10-08
022,100000000647,2026-10-09,EUR,24001.700,2026-10-09
023,100000000648,2026-10-10,BRL,17265.400,2026-10-10
024,100000000649,2026-10-11,USD,853.000,2026-10-11
025,100000000650,2026-10-12,PEN,18394.100,2026-10-12
001,100000000651,2026-10-13,EUR,13652.400,2026-10-13
002,100000000652,2026-10-14,BRL,18437.700,2026-10-14
003,100000000653,2026-10-15,USD,7019.700,2026-10-15
004,100000000654,2026-10-16,PEN,4541.500,2026-10-16
005,100000000655,2026-10-17,EUR,18398.900,2026-10-17
006,100000000656,2026-10-18,BRL,15897.500,2026-10-18
007,100000000657,2026-10-19,USD,21528.600,2026-10-19
008,100000000658,2026-10-20,PEN,8723.600,2026-10-20
009,100000000659,2026-10-21,EUR,754.400,2026-10-21
010,100000000660,2026-10-22,BRL,16235.400,2026-10-22
011,100000000661,2026-10-23,USD,22366.700,2026-10-23
012,100000000662,2026-10-24,PEN,10406.200,2026-10-24
013,100000000663,2026-10-25,EUR,3697.300,2026-10-25
014,100000000664,2026-10-26,BRL,7560.800,2026-10-26
015,100000000665,2026-10-27,USD,20366.900,2026-10-27
016,100000000666,2026-10-28,PEN,21733.700,2026-10-28
017,100000000667,2026-10-29,EUR,20091.200,2026-10-29
018,100000000668,2026-10-30,BRL,9724.800,2026-10-30
019,100000000669,2026-10-31,USD,12516.500,2026-10-31
020,100000000670,2026-11-01,PEN,9435.000,2026-11-01
021,100000000671,2026-11-02,EUR,617.800,2026-11-02
022,100000000672,2026-11-03,BRL,24127.600,2026-11-03
023,100000000673,2026-11-04,USD,9069.100,2026-11-04
024,100000000674,2026-11-05,PEN,6415.500,2026-11-05
025,100000000675,2026-11-06,EUR,3481.600,2026-11-06
001,100000000676,2026-11-07,BRL,14662.000,2026-11-07
002,100000000677,2026-11-08,USD,13317.500,2026-11-08
003,100000000678,2026-11-09,PEN,24830.900,2026-11-09
004,100000000679,2026-11-10,EUR,4266.700,2026-11-10
005,100000000680,2026-11-11,BRL,21639.200,2026-11-11
006,100000000681,2026-11-12,USD,5187.600,2026-11-12
007,100000000682,2026-11-13,PEN,21987.200,2026-11-13
008,100000000683,2026-11-14,EUR,4281.100,2026-11-14
009,100000000684,2026-11-15,BRL,9247.400,2026-11-15
010,100000000685,2026-11-16,USD,14454.300,2026-11-16
011,100000000686,2026-11-17,PEN,2609.200,2026-11-17
012,100000000687,2026-11-18,EUR,14679.500,2026-11-18
013,100000000688,2026-11-19,BRL,8757.600,2026-11-19
014,100000000689,2026-11-20,USD,3325.500,2026-11-20
015,100000000690,2026-11-21,PEN,21588.400,2026-11-21
016,100000000691,2026-11-22,EUR,15580.400,2026-11-22
017,100000000692,2026-11-23,BRL,7769.900,2026-11-23
018,100000000693,2026-11-24,USD,18831.000,2026-11-24
019,100000000694,2026-11-25,PEN,24632.800,2026-11-25
020,100000000695,2026-11-26,EUR,22187.800,2026-11-26
021,100000000696,2026-11-27,BRL,18014.400,2026-11-27
022,100000000697,2026-11-28,USD,2976.700,2026-11-28
023,100000000698,2026-11-29,PEN,9738.100,2026-11-29
024,100000000699,2026-11-30,EUR,2655.300,2026-11-30
025,100000000700,2026-12-01,BRL,11426.600,2026-12-01
001,100000000701,2026-12-02,USD,11861.500,2026-12-02
002,100000000702,2026-12-03,PEN,11056.800,2026-12-03
003,100000000703,2026-12-04,EUR,4963.500,2026-12-04
004,100000000704,2026-12-05,BRL,199706.400,2026-12-05
005,100000000705,2026-12-06,USD,14373.200,2026-12-06
006,100000000706,2026-12-07,PEN,22691.400,2026-12-07
007,100000000707,2026-12-08,EUR,3043.600,2026-12-08
008,100000000708,2026-12-09,BRL,18048.100,2026-12-09
009,100000000709,2026-12-10,USD,12844.200,2026-12-10
010,100000000710,2026-12-11,PEN,13939.000,2026-12-11
011,100000000711,2026-12-12,EUR,4427.400,2026-12-12
012,100000000712,2026-12-13,BRL,19461.300,2026-12-13
013,100000000713,2026-12-14,USD,9433.000,2026-12-14
014,100000000714,2026-12-15,PEN,9544.400,2026-12-15
015,100000000715,2026-12-16,EUR,10993.900,2026-12-16
016,100000000716,2026-12-17,BRL,24898.100,2026-12-17
017,100000000717,2026-12-18,USD,16592.600,2026-12-18
018,100000000718,2026-12-19,PEN,13053.600,2026-12-19
019,100000000719,2026-12-20,EUR,4690.200,2026-12-20
020,100000000720,2026-12-21,BRL,24491.200,2026-12-21
021,100000000721,2026-12-22,USD,18642.800,2026-12-22
022,100000000722,2026-12-23,PEN,18859.100,2026-12-23
023,100000000723,2026-12-24,EUR,13861.400,2026-12-24
024,100000000724,2026-12-25,BRL,6857.700,2026-12-25
025,100000000725,2026-12-26,USD,6509.900,2026-12-26
001,100000000726,2026-12-27,PEN,3501.800,2026-12-27
002,100000000727,2026-12-28,EUR,3939.800,2026-12-28
003,100000000728,2026-12-29,BRL,7084.600,2026-12-29
004,100000000729,2026-12-30,USD,2681.500,2026-12-30
005,100000000730,2026-12-31,PEN,8289.600,2026-12-31
006,100000000731,2026-01-01,EUR,7635.100,2026-01-01
007,100000000732,2026-01-02,BRL,13729.500,2026-01-02
008,100000000733,2026-01-03,USD,19012.300,2026-01-03
009,100000000734,2026-01-04,PEN,16062.000,2026-01-04
010,100000000735,2026-01-05,EUR,22222.200,2026-01-05
011,100000000736,2026-01-06,BRL,20410.000,2026-01-06
012,100000000737,2026-01-07,USD,16150.400,2026-01-07
013,100000000738,2026-01-08,PEN,10787.400,2026-01-08
014,100000000739,2026-01-09,EUR,4550.300,2026-01-09
015,100000000740,2026-01-10,BRL,7840.600,2026-01-10
016,100000000741,2026-01-11,USD,8009.600,2026-01-11
017,100000000742,2026-01-12,PEN,13347.000,2026-01-12
018,100000000743,2026-01-13,EUR,11280.600,2026-01-13
019,100000000744,2026-01-14,BRL,3668.300,2026-01-14
020,100000000745,2026-01-15,USD,13814.700,2026-01-15
021,100000000746,2026-01-16,PEN,14137.400,2026-01-16
022,100000000747,2026-01-17,EUR,20705.600,2026-01-17
023,100000000748,2026-01-18,BRL,14250.900,2026-01-18
024,100000000749,2026-01-19,USD,4108.300,2026-01-19
025,100000000750,2026-01-20,PEN,13089.800,2026-01-20
001,100000000751,2026-01-21,EUR,1287.800,2026-01-21
002,100000000752,2026-01-22,BRL,12204.600,2026-01-22
003,100000000753,2026-01-23,USD,16949.900,2026-01-23
004,100000000754,2026-01-24,PEN,20476.900,2026-01-24
005,100000000755,2026-01-25,EUR,11203.000,2026-01-25
006,100000000756,2026-01-26,BRL,8429.400,2026-01-26
007,100000000757,2026-01-27,USD,1891.800,2026-01-27
008,100000000758,2026-01-28,PEN,6181.900,2026-01-28
009,100000000759,2026-01-29,EUR,19550.600,2026-01-29
010,100000000760,2026-01-30,BRL,16530.600,2026-01-30
011,100000000761,2026-01-31,USD,3720.000,2026-01-31
012,100000000762,2026-02-01,PEN,18612.900,2026-02-01
013,100000000763,2026-02-02,EUR,1557.600,2026-02-02
014,100000000764,2026-02-03,BRL,4139.200,2026-02-03
015,100000000765,2026-02-04,USD,10049.100,2026-02-04
016,100000000766,2026-02-05,PEN,7843.900,2026-02-05
017,100000000767,2026-02-06,EUR,17297.300,2026-02-06
018,100000000768,2026-02-07,BRL,416.400,2026-02-07
019,100000000769,2026-02-08,USD,24141.500,2026-02-08
020,100000000770,2026-02-09,PEN,3659.200,2026-02-09
021,100000000771,2026-02-10,EUR,13054.800,2026-02-10
022,100000000772,2026-02-11,BRL,17867.400,2026-02-11
023,100000000773,2026-02-12,USD,663.500,2026-02-12
024,100000000774,2026-02-13,PEN,24232.000,2026-02-13
025,100000000775,2026-02-14,EUR,2756.000,2026-02-14
001,100000000776,2026-02-15,BRL,469.100,2026-02-15
002,100000000777,2026-02-16,USD,18850.300,2026-02-16
003,100000000778,2026-02-17,PEN,92910.400,2026-02-17
004,100000000779,2026-02-18,EUR,9989.100,2026-02-18
005,100000000780,2026-02-19,BRL,8166.600,2026-02-19
006,100000000781,2026-02-20,USD,9678.900,2026-02-20
007,100000000782,2026-02-21,PEN,15152.800,2026-02-21
008,100000000783,2026-02-22,EUR,17448.400,2026-02-22
009,100000000784,2026-02-23,BRL,20466.900,2026-02-23
010,100000000785,2026-02-24,USD,24555.800,2026-02-24
011,100000000786,2026-02-25,PEN,4580.900,2026-02-25
012,100000000787,2026-02-26,EUR,8801.700,2026-02-26
013,100000000788,2026-02-27,BRL,9995.900,2026-02-27
014,100000000789,2026-02-28,USD,8043.600,2026-02-28
015,100000000790,2026-03-01,PEN,15756.600,2026-03-01
016,100000000791,2026-03-02,EUR,7748.800,2026-03-02
017,100000000792,2026-03-03,BRL,20907.600,2026-03-03
018,100000000793,2026-03-04,USD,12612.000,2026-03-04
019,100000000794,2026-03-05,PEN,7626.700,2026-03-05
020,100000000795,2026-03-06,EUR,8704.800,2026-03-06
021,100000000796,2026-03-07,BRL,23418.900,2026-03-07
022,100000000797,2026-03-08,USD,22080.800,2026-03-08
023,100000000798,2026-03-09,PEN,8232.900,2026-03-09
024,100000000799,2026-03-10,EUR,17316.500,2026-03-10
025,100000000800,2026-03-11,BRL,4606.900,2026-03-11
001,100000000801,2026-03-12,USD,12707.000,2026-03-12
002,100000000802,2026-03-13,PEN,1433.800,2026-03-13
003,100000000803,2026-03-14,EUR,10718.900,2026-03-14
004,100000000804,2026-03-15,BRL,23587.400,2026-03-15
005,100000000805,2026-03-16,USD,19726.700,2026-03-16
006,100000000806,2026-03-17,PEN,22356.400,2026-03-17
007,100000000807,2026-03-18,EUR,20073.700,2026-03-18
008,100000000808,2026-03-19,BRL,15389.800,2026-03-19
009,100000000809,2026-03-20,USD,19566.800,2026-03-20
010,100000000810,2026-03-21,PEN,11359.100,2026-03-21
011,100000000811,2026-03-22,EUR,1984.700,2026-03-22
012,100000000812,2026-03-23,BRL,828.000,2026-03-23
013,100000000813,2026-03-24,USD,14314.500,2026-03-24
014,100000000814,2026-03-25,PEN,22106.800,2026-03-25
015,100000000815,2026-03-26,EUR,3518.400,2026-03-26
016,100000000816,2026-03-27,BRL,3205.800,2026-03-27
017,100000000817,2026-03-28,USD,4549.200,2026-03-28
018,100000000818,2026-03-29,PEN,20284.500,2026-03-29
019,100000000819,2026-03-30,EUR,6027.000,2026-03-30
020,100000000820,2026-03-31,BRL,24067.900,2026-03-31
021,100000000821,2026-04-01,USD,20400.000,2026-04-01
022,100000000822,2026-04-02,PEN,1291.000,2026-04-02
023,100000000823,2026-04-03,EUR,9608.800,2026-04-03
024,100000000824,2026-04-04,BRL,6950.600,2026-04-04
025,100000000825,2026-04-05,USD,10054.100,2026-04-05
001,100000000826,2026-04-06,PEN,347.800,2026-04-06
002,100000000827,2026-04-07,EUR,14631.500,2026-04-07
003,100000000828,2026-04-08,BRL,5862.500,2026-04-08
004,100000000829,2026-04-09,USD,1997.400,2026-04-09
005,100000000830,2026-04-10,PEN,12901.300,2026-04-10
006,100000000831,2026-04-11,EUR,8122.700,2026-04-11
007,100000000832,2026-04-12,BRL,17708.000,2026-04-12
008,100000000833,2026-04-13,USD,4936.900,2026-04-13
009,100000000834,2026-04-14,PEN,11105.400,2026-04-14
010,100000000835,2026-04-15,EUR,9201.000,2026-04-15
011,100000000836,2026-04-16,BRL,21980.600,2026-04-16
012,100000000837,2026-04-17,USD,11283.600,2026-04-17
013,100000000838,2026-04-18,PEN,18459.000,2026-04-18
014,100000000839,2026-04-19,EUR,7768.400,2026-04-19
015,100000000840,2026-04-20,BRL,7053.100,2026-04-20
016,100000000841,2026-04-21,USD,8480.900,2026-04-21
017,100000000842,2026-04-22,PEN,13441.700,2026-04-22
018,100000000843,2026-04-23,EUR,14800.700,2026-04-23
019,100000000844,2026-04-24,BRL,10822.700,2026-04-24
020,100000000845,2026-04-25,USD,10356.000,2026-04-25
021,100000000846,2026-04-26,PEN,6283.100,2026-04-26
022,100000000847,2026-04-27,EUR,22125.700,2026-04-27
023,100000000848,2026-04-28,BRL,6151.300,2026-04-28
024,100000000849,2026-04-29,USD,16888.300,2026-04-29
025,100000000850,2026-04-30,PEN,15928.400,2026-04-30
001,100000000851,2026-05-01,EUR,11125.400,2026-05-01
002,100000000852,2026-05-02,BRL,74062.400,2026-05-02
003,100000000853,2026-05-03,USD,6123.400,2026-05-03
004,100000000854,2026-05-04,PEN,12326.500,2026-05-04
005,100000000855,2026-05-05,EUR,14303.300,2026-05-05
006,100000000856,2026-05-06,BRL,14774.500,2026-05-06
007,100000000857,2026-05-07,USD,5247.600,2026-05-07
008,100000000858,2026-05-08,PEN,9771.600,2026-05-08
009,100000000859,2026-05-09,EUR,14732.600,2026-05-09
010,100000000860,2026-05-10,BRL,16159.500,2026-05-10
011,100000000861,2026-05-11,USD,15376.400,2026-05-11
012,100000000862,2026-05-12,PEN,18747.600,2026-05-12
013,100000000863,2026-05-13,EUR,10725.300,2026-05-13
014,100000000864,2026-05-14,BRL,23670.400,2026-05-14
015,100000000865,2026-05-15,USD,23010.600,2026-05-15
016,100000000866,2026-05-16,PEN,1448.500,2026-05-16
017,100000000867,2026-05-17,EUR,20002.800,2026-05-17
018,100000000868,2026-05-18,BRL,807.200,2026-05-18
019,100000000869,2026-05-19,USD,12989.700,2026-05-19
020,100000000870,2026-05-20,PEN,6447.100,2026-05-20
021,100000000871,2026-05-21,EUR,15490.100,2026-05-21
022,100000000872,2026-05-22,BRL,24310.200,2026-05-22
023,100000000873,2026-05-23,USD,323.200,2026-05-23
024,100000000874,2026-05-24,PEN,6315.100,2026-05-24
025,100000000875,2026-05-25,EUR,7746.000,2026-05-25
001,100000000876,2026-05-26,BRL,9996.200,2026-05-26
002,100000000877,2026-05-27,USD,12508.800,2026-05-27
003,100000000878,2026-05-28,PEN,22102.700,2026-05-28
004,100000000879,2026-05-29,EUR,2904.900,2026-05-29
005,100000000880,2026-05-30,BRL,1074.000,2026-05-30
006,100000000881,2026-05-31,USD,3426.600,2026-05-31
007,100000000882,2026-06-01,PEN,166.000,2026-06-01
008,100000000883,2026-06-02,EUR,135.900,2026-06-02
009,100000000884,2026-06-03,BRL,2801.900,2026-06-03
010,100000000885,2026-06-04,USD,20438.100,2026-06-04
011,100000000886,2026-06-05,PEN,24074.800,2026-06-05
012,100000000887,2026-06-06,EUR,9132.100,2026-06-06
013,100000000888,2026-06-07,BRL,938.600,2026-06-07
014,100000000889,2026-06-08,USD,4619.200,2026-06-08
015,100000000890,2026-06-09,PEN,14387.900,2026-06-09
016,100000000891,2026-06-10,EUR,8947.700,2026-06-10
017,100000000892,2026-06-11,BRL,23388.800,2026-06-11
018,100000000893,2026-06-12,USD,7699.200,2026-06-12
019,100000000894,2026-06-13,PEN,8344.200,2026-06-13
020,100000000895,2026-06-14,EUR,7292.900,2026-06-14
021,100000000896,2026-06-15,BRL,4383.400,2026-06-15
022,100000000897,2026-06-16,USD,21043.400,2026-06-16
023,100000000898,2026-06-17,PEN,18130.600,2026-06-17
024,100000000899,2026-06-18,EUR,10908.700,2026-06-18
025,100000000900,2026-06-19,BRL,19448.100,2026-06-19
001,100000000901,2026-06-20,USD,18815.500,2026-06-20
002,100000000902,2026-06-21,PEN,8439.800,2026-06-21
003,100000000903,2026-06-22,EUR,16193.600,2026-06-22
004,100000000904,2026-06-23,BRL,1227.800,2026-06-23
005,100000000905,2026-06-24,USD,8093.000,2026-06-24
006,100000000906,2026-06-25,PEN,8180.900,2026-06-25
007,100000000907,2026-06-26,EUR,3163.200,2026-06-26
008,100000000908,2026-06-27,BRL,7177.100,2026-06-27
009,100000000909,2026-06-28,USD,8558.100,2026-06-28
010,100000000910,2026-06-29,PEN,24093.000,2026-06-29
011,100000000911,2026-06-30,EUR,2680.600,2026-06-30
012,100000000912,2026-07-01,BRL,13285.600,2026-07-01
013,100000000913,2026-07-02,USD,23442.400,2026-07-02
014,100000000914,2026-07-03,PEN,10365.700,2026-07-03
015,100000000915,2026-07-04,EUR,19411.500,2026-07-04
016,100000000916,2026-07-05,BRL,4924.600,2026-07-05
017,100000000917,2026-07-06,USD,3484.800,2026-07-06
018,100000000918,2026-07-07,PEN,21186.300,2026-07-07
019,100000000919,2026-07-08,EUR,9847.800,2026-07-08
020,100000000920,2026-07-09,BRL,16645.100,2026-07-09
021,100000000921,2026-07-10,USD,4592.400,2026-07-10
022,100000000922,2026-07-11,PEN,3648.700,2026-07-11
023,100000000923,2026-07-12,EUR,21896.500,2026-07-12
024,100000000924,2026-07-13,BRL,10606.600,2026-07-13
025,100000000925,2026-07-14,USD,12367.600,2026-07-14
001,100000000926,2026-07-15,PEN,181464.800,2026-07-15
002,100000000927,2026-07-16,EUR,19094.400,2026-07-16
003,100000000928,2026-07-17,BRL,12723.300,2026-07-17
004,100000000929,2026-07-18,USD,2411.600,2026-07-18
005,100000000930,2026-07-19,PEN,17792.000,2026-07-19
006,100000000931,2026-07-20,EUR,994.500,2026-07-20
007,100000000932,2026-07-21,BRL,1517.500,2026-07-21
008,100000000933,2026-07-22,USD,22791.300,2026-07-22
009,100000000934,2026-07-23,PEN,21196.100,2026-07-23
010,100000000935,2026-07-24,EUR,12024.800,2026-07-24
011,100000000936,2026-07-25,BRL,4580.700,2026-07-25
012,100000000937,2026-07-26,USD,24799.600,2026-07-26
013,100000000938,2026-07-27,PEN,22966.700,2026-07-27
014,100000000939,2026-07-28,EUR,15792.900,2026-07-28
015,100000000940,2026-07-29,BRL,15023.500,2026-07-29
016,100000000941,2026-07-30,USD,6961.300,2026-07-30
017,100000000942,2026-07-31,PEN,14656.700,2026-07-31
018,100000000943,2026-08-01,EUR,14294.200,2026-08-01
019,100000000944,2026-08-02,BRL,17043.600,2026-08-02
020,100000000945,2026-08-03,USD,14646.300,2026-08-03
021,100000000946,2026-08-04,PEN,3049.400,2026-08-04
022,100000000947,2026-08-05,EUR,9975.500,2026-08-05
023,100000000948,2026-08-06,BRL,6760.200,2026-08-06
024,100000000949,2026-08-07,USD,13342.200,2026-08-07
025,100000000950,2026-08-08,PEN,12650.800,2026-08-08
001,100000000951,2026-08-09,EUR,2334.400,2026-08-09
002,100000000952,2026-08-10,BRL,20517.700,2026-08-10
003,100000000953,2026-08-11,USD,21310.900,2026-08-11
004,100000000954,2026-08-12,PEN,19376.800,2026-08-12
005,100000000955,2026-08-13,EUR,4699.800,2026-08-13
006,100000000956,2026-08-14,BRL,18725.600,2026-08-14
007,100000000957,2026-08-15,USD,6650.100,2026-08-15
008,100000000958,2026-08-16,PEN,23848.500,2026-08-16
009,100000000959,2026-08-17,EUR,6780.000,2026-08-17
010,100000000960,2026-08-18,BRL,19790.600,2026-08-18
011,100000000961,2026-08-19,USD,9590.100,2026-08-19
012,100000000962,2026-08-20,PEN,1323.000,2026-08-20
013,100000000963,2026-08-21,EUR,52108.000,2026-08-21
014,100000000964,2026-08-22,BRL,14880.500,2026-08-22
015,100000000965,2026-08-23,USD,15030.500,2026-08-23
016,100000000966,2026-08-24,PEN,18593.300,2026-08-24
017,100000000967,2026-08-25,EUR,10724.300,2026-08-25
018,100000000968,2026-08-26,BRL,13412.500,2026-08-26
019,100000000969,2026-08-27,USD,5868.900,2026-08-27
020,100000000970,2026-08-28,PEN,6390.100,2026-08-28
021,100000000971,2026-08-29,EUR,24487.200,2026-08-29
022,100000000972,2026-08-30,BRL,13409.800,2026-08-30
023,100000000973,2026-08-31,USD,11317.100,2026-08-31
024,100000000974,2026-09-01,PEN,17368.700,2026-09-01
025,100000000975,2026-09-02,EUR,20731.100,2026-09-02
001,100000000976,2026-09-03,BRL,10299.900,2026-09-03
002,100000000977,2026-09-04,USD,19673.200,2026-09-04
003,100000000978,2026-09-05,PEN,2175.600,2026-09-05
004,100000000979,2026-09-06,EUR,15730.200,2026-09-06
005,100000000980,2026-09-07,BRL,258.900,2026-09-07
006,100000000981,2026-09-08,USD,6414.400,2026-09-08
007,100000000982,2026-09-09,PEN,24556.000,2026-09-09
008,100000000983,2026-09-10,EUR,8923.200,2026-09-10
009,100000000984,2026-09-11,BRL,15234.500,2026-09-11
010,100000000985,2026-09-12,USD,21984.600,2026-09-12
011,100000000986,2026-09-13,PEN,5191.800,2026-09-13
012,100000000987,2026-09-14,EUR,8112.700,2026-09-14
013,100000000988,2026-09-15,BRL,1138.200,2026-09-15
014,100000000989,2026-09-16,USD,18.600,2026-09-16
015,100000000990,2026-09-17,PEN,4098.900,2026-09-17
016,100000000991,2026-09-18,EUR,3358.500,2026-09-18
017,100000000992,2026-09-19,BRL,1769.500,2026-09-19
018,100000000993,2026-09-20,USD,14766.600,2026-09-20
019,100000000994,2026-09-21,PEN,13521.300,2026-09-21
020,100000000995,2026-09-22,EUR,19464.000,2026-09-22
021,100000000996,2026-09-23,BRL,22295.800,2026-09-23
022,100000000997,2026-09-24,USD,3474.600,2026-09-24
023,100000000998,2026-09-25,PEN,15405.800,2026-09-25
024,100000000999,2026-09-26,EUR,11127.400,2026-09-26
025,100000001000,2026-09-27,BRL,152705.600,2026-09-27
001,100000001001,2026-09-28,USD,6181.000,2026-09-28
002,100000001002,2026-09-29,PEN,13777.500,2026-09-29
003,100000001003,2026-09-30,EUR,6421.800,2026-09-30
004,100000001004,2026-10-01,BRL,17970.000,2026-10-01
005,100000001005,2026-10-02,USD,9487.200,2026-10-02
006,100000001006,2026-10-03,PEN,8195.800,2026-10-03
007,100000001007,2026-10-04,EUR,22104.700,2026-10-04
008,100000001008,2026-10-05,BRL,22651.000,2026-10-05
009,100000001009,2026-10-06,USD,10115.500,2026-10-06
010,100000001010,2026-10-07,PEN,13127.400,2026-10-07
011,100000001011,2026-10-08,EUR,10798.000,2026-10-08
012,100000001012,2026-10-09,BRL,19117.200,2026-10-09
013,100000001013,2026-10-10,USD,6755.100,2026-10-10
014,100000001014,2026-10-11,PEN,4483.300,2026-10-11
015,100000001015,2026-10-12,EUR,5733.800,2026-10-12
016,100000001016,2026-10-13,BRL,10420.000,2026-10-13
017,100000001017,2026-10-14,USD,14723.800,2026-10-14
018,100000001018,2026-10-15,PEN,17368.800,2026-10-15
019,100000001019,2026-10-16,EUR,4389.600,2026-10-16
020,100000001020,2026-10-17,BRL,2118.500,2026-10-17
021,100000001021,2026-10-18,USD,3734.600,2026-10-18
022,100000001022,2026-10-19,PEN,12462.700,2026-10-19
023,100000001023,2026-10-20,EUR,3575.700,2026-10-20
024,100000001024,2026-10-21,BRL,8179.800,2026-10-21
025,100000001025,2026-10-22,USD,7714.000,2026-10-22
001,100000001026,2026-10-23,PEN,10123.500,2026-10-23
002,100000001027,2026-10-24,EUR,22268.100,2026-10-24
003,100000001028,2026-10-25,BRL,632.100,2026-10-25
004,100000001029,2026-10-26,USD,22596.400,2026-10-26
005,100000001030,2026-10-27,PEN,14549.700,2026-10-27
006,100000001031,2026-10-28,EUR,1455.200,2026-10-28
007,100000001032,2026-10-29,BRL,1055.100,2026-10-29
008,100000001033,2026-10-30,USD,18757.000,2026-10-30
009,100000001034,2026-10-31,PEN,6706.500,2026-10-31
010,100000001035,2026-11-01,EUR,11727.600,2026-11-01
011,100000001036,2026-11-02,BRL,4375.000,2026-11-02
012,100000001037,2026-11-03,USD,60604.000,2026-11-03
013,100000001038,2026-11-04,PEN,5635.000,2026-11-04
014,100000001039,2026-11-05,EUR,2809.300,2026-11-05
015,100000001040,2026-11-06,BRL,12585.600,2026-11-06
016,100000001041,2026-11-07,USD,12626.400,2026-11-07
017,100000001042,2026-11-08,PEN,12888.500,2026-11-08
018,100000001043,2026-11-09,EUR,12597.900,2026-11-09
019,100000001044,2026-11-10,BRL,5009.900,2026-11-10
020,100000001045,2026-11-11,USD,11955.700,2026-11-11
021,100000001046,2026-11-12,PEN,16045.700,2026-11-12
022,100000001047,2026-11-13,EUR,14962.000,2026-11-13
023,100000001048,2026-11-14,BRL,6623.300,2026-11-14
024,100000001049,2026-11-15,USD,385.400,2026-11-15
025,100000001050,2026-11-16,PEN,2075.700,2026-11-16
001,100000001051,2026-11-17,EUR,9703.300,2026-11-17
002,100000001052,2026-11-18,BRL,8392.300,2026-11-18
003,100000001053,2026-11-19,USD,13430.300,2026-11-19
004,100000001054,2026-11-20,PEN,14912.400,2026-11-20
005,100000001055,2026-11-21,EUR,8910.100,2026-11-21
006,100000001056,2026-11-22,BRL,290.100,2026-11-22
007,100000001057,2026-11-23,USD,394.900,2026-11-23
008,100000001058,2026-11-24,PEN,15112.700,2026-11-24
009,100000001059,2026-11-25,EUR,8326.700,2026-11-25
010,100000001060,2026-11-26,BRL,13151.500,2026-11-26
011,100000001061,2026-11-27,USD,10770.300,2026-11-27
012,100000001062,2026-11-28,PEN,13120.000,2026-11-28
013,100000001063,2026-11-29,EUR,12587.600,2026-11-29
014,100000001064,2026-11-30,BRL,13278.900,2026-11-30
015,100000001065,2026-12-01,USD,14699.000,2026-12-01
016,100000001066,2026-12-02,PEN,2529.600,2026-12-02
017,100000001067,2026-12-03,EUR,6961.200,2026-12-03
018,100000001068,2026-12-04,BRL,4720.700,2026-12-04
019,100000001069,2026-12-05,USD,13875.200,2026-12-05
020,100000001070,2026-12-06,PEN,19882.400,2026-12-06
021,100000001071,2026-12-07,EUR,13075.200,2026-12-07
022,100000001072,2026-12-08,BRL,15525.300,2026-12-08
023,100000001073,2026-12-09,USD,16253.900,2026-12-09
024,100000001074,2026-12-10,PEN,129873.600,2026-12-10
025,100000001075,2026-12-11,EUR,16118.600,2026-12-11
001,100000001076,2026-12-12,BRL,14100.100,2026-12-12
002,100000001077,2026-12-13,USD,22165.500,2026-12-13
003,100000001078,2026-12-14,PEN,2309.200,2026-12-14
004,100000001079,2026-12-15,EUR,21157.800,2026-12-15
005,100000001080,2026-12-16,BRL,12994.100,2026-12-16
006,100000001081,2026-12-17,USD,9180.000,2026-12-17
007,100000001082,2026-12-18,PEN,10092.500,2026-12-18
008,100000001083,2026-12-19,EUR,16828.200,2026-12-19
009,100000001084,2026-12-20,BRL,16423.900,2026-12-20
010,100000001085,2026-12-21,USD,20846.600,2026-12-21
011,100000001086,2026-12-22,PEN,19435.400,2026-12-22
012,100000001087,2026-12-23,EUR,17365.700,2026-12-23
013,100000001088,2026-12-24,BRL,21221.300,2026-12-24
014,100000001089,2026-12-25,USD,8494.700,2026-12-25
015,100000001090,2026-12-26,PEN,17010.300,2026-12-26
016,100000001091,2026-12-27,EUR,10465.600,2026-12-27
017,100000001092,2026-12-28,BRL,14111.800,2026-12-28
018,100000001093,2026-12-29,USD,6241.000,2026-12-29
019,100000001094,2026-12-30,PEN,4695.700,2026-12-30
020,100000001095,2026-12-31,EUR,23340.900,2026-12-31
021,100000001096,2026-01-01,BRL,10283.900,2026-01-01
022,100000001097,2026-01-02,USD,16073.400,2026-01-02
023,100000001098,2026-01-03,PEN,5161.200,2026-01-03
024,100000001099,2026-01-04,EUR,10758.700,2026-01-04
025,100000001100,2026-01-05,BRL,11991.500,2026-01-05
001,100000001101,2026-01-06,USD,15302.400,2026-01-06
002,100000001102,2026-01-07,PEN,13862.600,2026-01-07
003,100000001103,2026-01-08,EUR,3364.700,2026-01-08
004,100000001104,2026-01-09,BRL,16579.500,2026-01-09
005,100000001105,2026-01-10,USD,6317.500,2026-01-10
006,100000001106,2026-01-11,PEN,17788.200,2026-01-11
007,100000001107,2026-01-12,EUR,9553.300,2026-01-12
008,100000001108,2026-01-13,BRL,39.300,2026-01-13
009,100000001109,2026-01-14,USD,23529.800,2026-01-14
010,100000001110,2026-01-15,PEN,16985.400,2026-01-15
011,100000001111,2026-01-16,EUR,15216.000,2026-01-16
012,100000001112,2026-01-17,BRL,1345.100,2026-01-17
013,100000001113,2026-01-18,USD,24129.600,2026-01-18
014,100000001114,2026-01-19,PEN,13970.200,2026-01-19
015,100000001115,2026-01-20,EUR,9680.000,2026-01-20
016,100000001116,2026-01-21,BRL,12444.700,2026-01-21
017,100000001117,2026-01-22,USD,17678.500,2026-01-22
018,100000001118,2026-01-23,PEN,12637.500,2026-01-23
019,100000001119,2026-01-24,EUR,9332.700,2026-01-24
020,100000001120,2026-01-25,BRL,15281.500,2026-01-25
021,100000001121,2026-01-26,USD,18920.500,2026-01-26
022,100000001122,2026-01-27,PEN,144.600,2026-01-27
023,100000001123,2026-01-28,EUR,7794.000,2026-01-28
024,100000001124,2026-01-29,BRL,24593.400,2026-01-29
025,100000001125,2026-01-30,USD,12599.300,2026-01-30
001,100000001126,2026-01-31,PEN,20638.400,2026-01-31
002,100000001127,2026-02-01,EUR,7167.100,2026-02-01
003,100000001128,2026-02-02,BRL,11958.800,2026-02-02
004,100000001129,2026-02-03,USD,473.400,2026-02-03
005,100000001130,2026-02-04,PEN,1519.800,2026-02-04
006,100000001131,2026-02-05,EUR,17946.100,2026-02-05
007,100000001132,2026-02-06,BRL,7632.900,2026-02-06
008,100000001133,2026-02-07,USD,23921.200,2026-02-07
009,100000001134,2026-02-08,PEN,15370.600,2026-02-08
010,100000001135,2026-02-09,EUR,17690.300,2026-02-09
011,100000001136,2026-02-10,BRL,19591.000,2026-02-10
012,100000001137,2026-02-11,USD,21372.300,2026-02-11
013,100000001138,2026-02-12,PEN,19525.300,2026-02-12
014,100000001139,2026-02-13,EUR,8932.100,2026-02-13
015,100000001140,2026-02-14,BRL,7009.200,2026-02-14
016,100000001141,2026-02-15,USD,3094.100,2026-02-15
017,100000001142,2026-02-16,PEN,1117.400,2026-02-16
018,100000001143,2026-02-17,EUR,1351.000,2026-02-17
019,100000001144,2026-02-18,BRL,1418.000,2026-02-18
020,100000001145,2026-02-19,USD,18993.400,2026-02-19
021,100000001146,2026-02-20,PEN,8445.100,2026-02-20
022,100000001147,2026-02-21,EUR,14346.400,2026-02-21
023,100000001148,2026-02-22,BRL,21966.400,2026-02-22
024,100000001149,2026-02-23,USD,18165.000,2026-02-23
025,100000001150,2026-02-24,PEN,5789.800,2026-02-24
001,100000001151,2026-02-25,EUR,17127.500,2026-02-25
002,100000001152,2026-02-26,BRL,4576.400,2026-02-26
003,100000001153,2026-02-27,USD,14525.600,2026-02-27
004,100000001154,2026-02-28,PEN,18292.100,2026-02-28
005,100000001155,2026-03-01,EUR,22434.100,2026-03-01
006,100000001156,2026-03-02,BRL,9602.000,2026-03-02
007,100000001157,2026-03-03,USD,8342.400,2026-03-03
008,100000001158,2026-03-04,PEN,11315.800,2026-03-04
009,100000001159,2026-03-05,EUR,16060.800,2026-03-05
010,100000001160,2026-03-06,BRL,6436.300,2026-03-06
011,100000001161,2026-03-07,USD,14182.900,2026-03-07
012,100000001162,2026-03-08,PEN,5204.300,2026-03-08
013,100000001163,2026-03-09,EUR,14521.900,2026-03-09
014,100000001164,2026-03-10,BRL,9143.300,2026-03-10
015,100000001165,2026-03-11,USD,20764.600,2026-03-11
016,100000001166,2026-03-12,PEN,12191.500,2026-03-12
017,100000001167,2026-03-13,EUR,18007.800,2026-03-13
018,100000001168,2026-03-14,BRL,20746.600,2026-03-14
019,100000001169,2026-03-15,USD,7566.800,2026-03-15
020,100000001170,2026-03-16,PEN,9442.900,2026-03-16
021,100000001171,2026-03-17,EUR,20619.500,2026-03-17
022,100000001172,2026-03-18,BRL,8920.500,2026-03-18
023,100000001173,2026-03-19,USD,16416.500,2026-03-19
024,100000001174,2026-03-20,PEN,22472.000,2026-03-20
025,100000001175,2026-03-21,EUR,23959.200,2026-03-21
001,100000001176,2026-03-22,BRL,1686.700,2026-03-22
002,100000001177,2026-03-23,USD,21037.300,2026-03-23
003,100000001178,2026-03-24,PEN,21790.800,2026-03-24
004,100000001179,2026-03-25,EUR,8661.100,2026-03-25
005,100000001180,2026-03-26,BRL,5881.500,2026-03-26
006,100000001181,2026-03-27,USD,17374.500,2026-03-27
007,100000001182,2026-03-28,PEN,13569.700,2026-03-28
008,100000001183,2026-03-29,EUR,11343.700,2026-03-29
009,100000001184,2026-03-30,BRL,20366.100,2026-03-30
010,100000001185,2026-03-31,USD,140534.400,2026-03-31
011,100000001186,2026-04-01,PEN,4457.200,2026-04-01
012,100000001187,2026-04-02,EUR,12212.700,2026-04-02
013,100000001188,2026-04-03,BRL,7968.100,2026-04-03
014,100000001189,2026-04-04,USD,6411.700,2026-04-04
015,100000001190,2026-04-05,PEN,16397.400,2026-04-05
016,100000001191,2026-04-06,EUR,17574.300,2026-04-06
017,100000001192,2026-04-07,BRL,7754.800,2026-04-07
018,100000001193,2026-04-08,USD,21984.000,2026-04-08
019,100000001194,2026-04-09,PEN,5090.400,2026-04-09
020,100000001195,2026-04-10,EUR,8933.100,2026-04-10
021,100000001196,2026-04-11,BRL,16496.200,2026-04-11
022,100000001197,2026-04-12,USD,1305.600,2026-04-12
023,100000001198,2026-04-13,PEN,20233.300,2026-04-13
024,100000001199,2026-04-14,EUR,14740.300,2026-04-14
025,100000001200,2026-04-15,BRL,20671.500,2026-04-15
001,100000001201,2026-04-16,USD,9728.600,2026-04-16
002,100000001202,2026-04-17,PEN,13782.600,2026-04-17
003,100000001203,2026-04-18,EUR,6933.400,2026-04-18
004,100000001204,2026-04-19,BRL,21805.000,2026-04-19
005,100000001205,2026-04-20,USD,14356.500,2026-04-20
006,100000001206,2026-04-21,PEN,19799.100,2026-04-21
007,100000001207,2026-04-22,EUR,8100.300,2026-04-22
008,100000001208,2026-04-23,BRL,19187.200,2026-04-23
009,100000001209,2026-04-24,USD,15563.800,2026-04-24
010,100000001210,2026-04-25,PEN,23671.500,2026-04-25
011,100000001211,2026-04-26,EUR,20773.100,2026-04-26
012,100000001212,2026-04-27,BRL,3134.500,2026-04-27
013,100000001213,2026-04-28,USD,18641.700,2026-04-28
014,100000001214,2026-04-29,PEN,8957.300,2026-04-29
015,100000001215,2026-04-30,EUR,10428.900,2026-04-30
016,100000001216,2026-05-01,BRL,13227.300,2026-05-01
017,100000001217,2026-05-02,USD,14053.800,2026-05-02
018,100000001218,2026-05-03,PEN,17620.400,2026-05-03
019,100000001219,2026-05-04,EUR,2868.600,2026-05-04
020,100000001220,2026-05-05,BRL,23945.500,2026-05-05
021,100000001221,2026-05-06,USD,9492.900,2026-05-06
022,100000001222,2026-05-07,PEN,10293.600,2026-05-07
023,100000001223,2026-05-08,EUR,23721.700,2026-05-08
024,100000001224,2026-05-09,BRL,13731.600,2026-05-09
025,100000001225,2026-05-10,USD,6052.600,2026-05-10
001,100000001226,2026-05-11,PEN,8140.900,2026-05-11
002,100000001227,2026-05-12,EUR,15687.500,2026-05-12
003,100000001228,2026-05-13,BRL,15502.500,2026-05-13
004,100000001229,2026-05-14,USD,14432.300,2026-05-14
005,100000001230,2026-05-15,PEN,3675.800,2026-05-15
006,100000001231,2026-05-16,EUR,4673.900,2026-05-16
007,100000001232,2026-05-17,BRL,22408.900,2026-05-17
008,100000001233,2026-05-18,USD,24932.300,2026-05-18
009,100000001234,2026-05-19,PEN,9106.900,2026-05-19
010,100000001235,2026-05-20,EUR,8213.700,2026-05-20
011,100000001236,2026-05-21,BRL,2144.300,2026-05-21
012,100000001237,2026-05-22,USD,11015.300,2026-05-22
013,100000001238,2026-05-23,PEN,10692.100,2026-05-23
014,100000001239,2026-05-24,EUR,8616.300,2026-05-24
015,100000001240,2026-05-25,BRL,24584.500,2026-05-25
016,100000001241,2026-05-26,USD,1880.600,2026-05-26
017,100000001242,2026-05-27,PEN,21095.200,2026-05-27
018,100000001243,2026-05-28,EUR,11373.800,2026-05-28
019,100000001244,2026-05-29,BRL,9723.700,2026-05-29
020,100000001245,2026-05-30,USD,1812.700,2026-05-30
021,100000001246,2026-05-31,PEN,13248.400,2026-05-31
022,100000001247,2026-06-01,EUR,1761.500,2026-06-01
023,100000001248,2026-06-02,BRL,6525.500,2026-06-02
024,100000001249,2026-06-03,USD,8485.000,2026-06-03
025,100000001250,2026-06-04,PEN,11553.800,2026-06-04
001,100000001251,2026-06-05,EUR,10621.200,2026-06-05
002,100000001252,2026-06-06,BRL,8973.000,2026-06-06
003,100000001253,2026-06-07,USD,3403.100,2026-06-07
004,100000001254,2026-06-08,PEN,4604.700,2026-06-08
005,100000001255,2026-06-09,EUR,870.500,2026-06-09
006,100000001256,2026-06-10,BRL,16663.700,2026-06-10
007,100000001257,2026-06-11,USD,24812.700,2026-06-11
008,100000001258,2026-06-12,PEN,15525.200,2026-06-12
009,100000001259,2026-06-13,EUR,138381.600,2026-06-13
010,100000001260,2026-06-14,BRL,18999.800,2026-06-14
011,100000001261,2026-06-15,USD,18492.100,2026-06-15
012,100000001262,2026-06-16,PEN,21391.600,2026-06-16
013,100000001263,2026-06-17,EUR,14432.900,2026-06-17
014,100000001264,2026-06-18,BRL,5126.000,2026-06-18
015,100000001265,2026-06-19,USD,23980.200,2026-06-19
016,100000001266,2026-06-20,PEN,15131.400,2026-06-20
017,100000001267,2026-06-21,EUR,16785.000,2026-06-21
018,100000001268,2026-06-22,BRL,14785.800,2026-06-22
019,100000001269,2026-06-23,USD,11392.200,2026-06-23
020,100000001270,2026-06-24,PEN,17765.800,2026-06-24
021,100000001271,2026-06-25,EUR,4115.100,2026-06-25
022,100000001272,2026-06-26,BRL,6497.600,2026-06-26
023,100000001273,2026-06-27,USD,4904.800,2026-06-27
024,100000001274,2026-06-28,PEN,19381.300,2026-06-28
025,100000001275,2026-06-29,EUR,12516.500,2026-06-29
001,100000001276,2026-06-30,BRL,22983.600,2026-06-30
002,100000001277,2026-07-01,USD,4935.000,2026-07-01
003,100000001278,2026-07-02,PEN,7684.100,2026-07-02
004,100000001279,2026-07-03,EUR,12838.500,2026-07-03
005,100000001280,2026-07-04,BRL,15439.400,2026-07-04
006,100000001281,2026-07-05,USD,23174.000,2026-07-05
007,100000001282,2026-07-06,PEN,10516.200,2026-07-06
008,100000001283,2026-07-07,EUR,24171.300,2026-07-07
009,100000001284,2026-07-08,BRL,21911.400,2026-07-08
010,100000001285,2026-07-09,USD,21348.200,2026-07-09
011,100000001286,2026-07-10,PEN,23810.100,2026-07-10
012,100000001287,2026-07-11,EUR,3765.500,2026-07-11
013,100000001288,2026-07-12,BRL,21053.500,2026-07-12
014,100000001289,2026-07-13,USD,12385.100,2026-07-13
015,100000001290,2026-07-14,PEN,4119.300,2026-07-14
016,100000001291,2026-07-15,EUR,21519.000,2026-07-15
017,100000001292,2026-07-16,BRL,1075.000,2026-07-16
018,100000001293,2026-07-17,USD,6241.200,2026-07-17
019,100000001294,2026-07-18,PEN,23768.500,2026-07-18
020,100000001295,2026-07-19,EUR,8125.000,2026-07-19
021,100000001296,2026-07-20,BRL,21340.800,2026-07-20
022,100000001297,2026-07-21,USD,1137.900,2026-07-21
023,100000001298,2026-07-22,PEN,7224.200,2026-07-22
024,100000001299,2026-07-23,EUR,14902.900,2026-07-23
025,100000001300,2026-07-24,BRL,8400.700,2026-07-24
001,100000001301,2026-07-25,USD,24540.300,2026-07-25
002,100000001302,2026-07-26,PEN,16563.700,2026-07-26
003,100000001303,2026-07-27,EUR,2368.300,2026-07-27
004,100000001304,2026-07-28,BRL,7858.200,2026-07-28
005,100000001305,2026-07-29,USD,23921.800,2026-07-29
006,100000001306,2026-07-30,PEN,9992.800,2026-07-30
007,100000001307,2026-07-31,EUR,8727.900,2026-07-31
008,100000001308,2026-08-01,BRL,20297.900,2026-08-01
009,100000001309,2026-08-02,USD,8633.800,2026-08-02
010,100000001310,2026-08-03,PEN,21886.400,2026-08-03
011,100000001311,2026-08-04,EUR,9218.400,2026-08-04
012,100000001312,2026-08-05,BRL,17053.500,2026-08-05
013,100000001313,2026-08-06,USD,5304.500,2026-08-06
014,100000001314,2026-08-07,PEN,23646.100,2026-08-07
015,100000001315,2026-08-08,EUR,15528.000,2026-08-08
016,100000001316,2026-08-09,BRL,21246.000,2026-08-09
017,100000001317,2026-08-10,USD,23939.300,2026-08-10
018,100000001318,2026-08-11,PEN,14160.200,2026-08-11
019,100000001319,2026-08-12,EUR,11837.300,2026-08-12
020,100000001320,2026-08-13,BRL,2765.700,2026-08-13
021,100000001321,2026-08-14,USD,504.700,2026-08-14
022,100000001322,2026-08-15,PEN,7069.100,2026-08-15
023,100000001323,2026-08-16,EUR,9282.600,2026-08-16
024,100000001324,2026-08-17,BRL,24095.600,2026-08-17
025,100000001325,2026-08-18,USD,20058.700,2026-08-18
001,100000001326,2026-08-19,PEN,9370.500,2026-08-19
002,100000001327,2026-08-20,EUR,7690.900,2026-08-20
003,100000001328,2026-08-21,BRL,24200.500,2026-08-21
004,100000001329,2026-08-22,USD,8603.800,2026-08-22
005,100000001330,2026-08-23,PEN,5391.400,2026-08-23
006,100000001331,2026-08-24,EUR,14437.700,2026-08-24
007,100000001332,2026-08-25,BRL,11725.100,2026-08-25
008,100000001333,2026-08-26,USD,124115.200,2026-08-26
009,100000001334,2026-08-27,PEN,1412.100,2026-08-27
010,100000001335,2026-08-28,EUR,2916.200,2026-08-28
011,100000001336,2026-08-29,BRL,13637.400,2026-08-29
012,100000001337,2026-08-30,USD,2002.600,2026-08-30
013,100000001338,2026-08-31,PEN,8823.800,2026-08-31
014,100000001339,2026-09-01,EUR,17382.700,2026-09-01
015,100000001340,2026-09-02,BRL,7699.500,2026-09-02
016,100000001341,2026-09-03,USD,3275.900,2026-09-03
017,100000001342,2026-09-04,PEN,388.200,2026-09-04
018,100000001343,2026-09-05,EUR,3077.600,2026-09-05
019,100000001344,2026-09-06,BRL,9452.600,2026-09-06
020,100000001345,2026-09-07,USD,13612.900,2026-09-07
021,100000001346,2026-09-08,PEN,17538.200,2026-09-08
022,100000001347,2026-09-09,EUR,22214.100,2026-09-09
023,100000001348,2026-09-10,BRL,1346.100,2026-09-10
024,100000001349,2026-09-11,USD,14583.000,2026-09-11
025,100000001350,2026-09-12,PEN,3115.200,2026-09-12
001,100000001351,2026-09-13,EUR,24911.100,2026-09-13
002,100000001352,2026-09-14,BRL,2035.200,2026-09-14
003,100000001353,2026-09-15,USD,1655.100,2026-09-15
004,100000001354,2026-09-16,PEN,21163.000,2026-09-16
005,100000001355,2026-09-17,EUR,9861.000,2026-09-17
006,100000001356,2026-09-18,BRL,22996.100,2026-09-18
007,100000001357,2026-09-19,USD,5851.000,2026-09-19
008,100000001358,2026-09-20,PEN,22248.700,2026-09-20
009,100000001359,2026-09-21,EUR,12254.000,2026-09-21
010,100000001360,2026-09-22,BRL,20005.600,2026-09-22
011,100000001361,2026-09-23,USD,5238.800,2026-09-23
012,100000001362,2026-09-24,PEN,21949.600,2026-09-24
013,100000001363,2026-09-25,EUR,17585.700,2026-09-25
014,100000001364,2026-09-26,BRL,17779.200,2026-09-26
015,100000001365,2026-09-27,USD,3674.000,2026-09-27
016,100000001366,2026-09-28,PEN,6588.100,2026-09-28
017,100000001367,2026-09-29,EUR,18464.600,2026-09-29
018,100000001368,2026-09-30,BRL,14367.900,2026-09-30
019,100000001369,2026-10-01,USD,18191.900,2026-10-01
020,100000001370,2026-10-02,PEN,186577.600,2026-10-02
021,100000001371,2026-10-03,EUR,4717.500,2026-10-03
022,100000001372,2026-10-04,BRL,3751.200,2026-10-04
023,100000001373,2026-10-05,USD,2496.200,2026-10-05
024,100000001374,2026-10-06,PEN,6728.300,2026-10-06
025,100000001375,2026-10-07,EUR,18302.900,2026-10-07
001,100000001376,2026-10-08,BRL,1058.200,2026-10-08
002,100000001377,2026-10-09,USD,9714.300,2026-10-09
003,100000001378,2026-10-10,PEN,11127.900,2026-10-10
004,100000001379,2026-10-11,EUR,13924.400,2026-10-11
005,100000001380,2026-10-12,BRL,15415.200,2026-10-12
006,100000001381,2026-10-13,USD,3939.200,2026-10-13
007,100000001382,2026-10-14,PEN,22897.800,2026-10-14
008,100000001383,2026-10-15,EUR,19461.300,2026-10-15
009,100000001384,2026-10-16,BRL,9059.100,2026-10-16
010,100000001385,2026-10-17,USD,5888.900,2026-10-17
011,100000001386,2026-10-18,PEN,7060.400,2026-10-18
012,100000001387,2026-10-19,EUR,5822.100,2026-10-19
013,100000001388,2026-10-20,BRL,9336.400,2026-10-20
014,100000001389,2026-10-21,USD,24906.300,2026-10-21
015,100000001390,2026-10-22,PEN,11087.000,2026-10-22
016,100000001391,2026-10-23,EUR,1336.000,2026-10-23
017,100000001392,2026-10-24,BRL,21118.200,2026-10-24
018,100000001393,2026-10-25,USD,8821.300,2026-10-25
019,100000001394,2026-10-26,PEN,284.800,2026-10-26
020,100000001395,2026-10-27,EUR,13149.900,2026-10-27
021,100000001396,2026-10-28,BRL,18751.100,2026-10-28
022,100000001397,2026-10-29,USD,21506.600,2026-10-29
023,100000001398,2026-10-30,PEN,10189.800,2026-10-30
024,100000001399,2026-10-31,EUR,21828.400,2026-10-31
025,100000001400,2026-11-01,BRL,14394.100,2026-11-01
001,100000001401,2026-11-02,USD,1944.600,2026-11-02
002,100000001402,2026-11-03,PEN,7369.400,2026-11-03
003,100000001403,2026-11-04,EUR,7354.600,2026-11-04
004,100000001404,2026-11-05,BRL,15070.100,2026-11-05
005,100000001405,2026-11-06,USD,12095.600,2026-11-06
006,100000001406,2026-11-07,PEN,10376.500,2026-11-07
007,100000001407,2026-11-08,EUR,92680.000,2026-11-08
008,100000001408,2026-11-09,BRL,9212.100,2026-11-09
009,100000001409,2026-11-10,USD,19474.500,2026-11-10
010,100000001410,2026-11-11,PEN,13043.500,2026-11-11
011,100000001411,2026-11-12,EUR,5774.700,2026-11-12
012,100000001412,2026-11-13,BRL,6151.600,2026-11-13
013,100000001413,2026-11-14,USD,22976.600,2026-11-14
014,100000001414,2026-11-15,PEN,18684.800,2026-11-15
015,100000001415,2026-11-16,EUR,20757.100,2026-11-16
016,100000001416,2026-11-17,BRL,19145.000,2026-11-17
017,100000001417,2026-11-18,USD,4481.200,2026-11-18
018,100000001418,2026-11-19,PEN,20158.000,2026-11-19
019,100000001419,2026-11-20,EUR,23814.700,2026-11-20
020,100000001420,2026-11-21,BRL,5131.500,2026-11-21
021,100000001421,2026-11-22,USD,22019.700,2026-11-22
022,100000001422,2026-11-23,PEN,6692.500,2026-11-23
023,100000001423,2026-11-24,EUR,21175.400,2026-11-24
024,100000001424,2026-11-25,BRL,13100.800,2026-11-25
025,100000001425,2026-11-26,USD,3916.800,2026-11-26
001,100000001426,2026-11-27,PEN,16405.300,2026-11-27
002,100000001427,2026-11-28,EUR,11294.700,2026-11-28
003,100000001428,2026-11-29,BRL,6359.900,2026-11-29
004,100000001429,2026-11-30,USD,10296.700,2026-11-30
005,100000001430,2026-12-01,PEN,5938.500,2026-12-01
006,100000001431,2026-12-02,EUR,5825.400,2026-12-02
007,100000001432,2026-12-03,BRL,14700.200,2026-12-03
008,100000001433,2026-12-04,USD,3143.800,2026-12-04
009,100000001434,2026-12-05,PEN,5232.700,2026-12-05
010,100000001435,2026-12-06,EUR,11868.800,2026-12-06
011,100000001436,2026-12-07,BRL,21235.000,2026-12-07
012,100000001437,2026-12-08,USD,11761.500,2026-12-08
013,100000001438,2026-12-09,PEN,1686.100,2026-12-09
014,100000001439,2026-12-10,EUR,17530.100,2026-12-10
015,100000001440,2026-12-11,BRL,3679.100,2026-12-11
016,100000001441,2026-12-12,USD,5327.400,2026-12-12
017,100000001442,2026-12-13,PEN,7469.800,2026-12-13
018,100000001443,2026-12-14,EUR,592.800,2026-12-14
019,100000001444,2026-12-15,BRL,194636.800,2026-12-15
020,100000001445,2026-12-16,USD,1950.600,2026-12-16
021,100000001446,2026-12-17,PEN,13941.700,2026-12-17
022,100000001447,2026-12-18,EUR,24119.500,2026-12-18
023,100000001448,2026-12-19,BRL,22039.100,2026-12-19
024,100000001449,2026-12-20,USD,22422.300,2026-12-20
025,100000001450,2026-12-21,PEN,24357.200,2026-12-21
001,100000001451,2026-12-22,EUR,17801.800,2026-12-22
002,100000001452,2026-12-23,BRL,2214.600,2026-12-23
003,100000001453,2026-12-24,USD,20658.300,2026-12-24
004,100000001454,2026-12-25,PEN,15521.000,2026-12-25
005,100000001455,2026-12-26,EUR,11530.100,2026-12-26
006,100000001456,2026-12-27,BRL,5325.900,2026-12-27
007,100000001457,2026-12-28,USD,5356.800,2026-12-28
008,100000001458,2026-12-29,PEN,19935.500,2026-12-29
009,100000001459,2026-12-30,EUR,10859.500,2026-12-30
010,100000001460,2026-12-31,BRL,2001.700,2026-12-31
011,100000001461,2026-01-01,USD,10638.400,2026-01-01
012,100000001462,2026-01-02,PEN,20126.000,2026-01-02
013,100000001463,2026-01-03,EUR,13064.400,2026-01-03
014,100000001464,2026-01-04,BRL,19270.700,2026-01-04
015,100000001465,2026-01-05,USD,16693.200,2026-01-05
016,100000001466,2026-01-06,PEN,17874.500,2026-01-06
017,100000001467,2026-01-07,EUR,19721.800,2026-01-07
018,100000001468,2026-01-08,BRL,6717.500,2026-01-08
019,100000001469,2026-01-09,USD,14204.500,2026-01-09
020,100000001470,2026-01-10,PEN,14717.800,2026-01-10
021,100000001471,2026-01-11,EUR,14690.200,2026-01-11
022,100000001472,2026-01-12,BRL,5478.600,2026-01-12
023,100000001473,2026-01-13,USD,9091.000,2026-01-13
024,100000001474,2026-01-14,PEN,120.400,2026-01-14
025,100000001475,2026-01-15,EUR,18206.800,2026-01-15
001,100000001476,2026-01-16,BRL,21692.800,2026-01-16
002,100000001477,2026-01-17,USD,10226.100,2026-01-17
003,100000001478,2026-01-18,PEN,12101.400,2026-01-18
004,100000001479,2026-01-19,EUR,15187.900,2026-01-19
005,100000001480,2026-01-20,BRL,3868.600,2026-01-20
006,100000001481,2026-01-21,USD,69283.200,2026-01-21
007,100000001482,2026-01-22,PEN,14919.800,2026-01-22
008,100000001483,2026-01-23,EUR,14932.900,2026-01-23
009,100000001484,2026-01-24,BRL,15284.500,2026-01-24
010,100000001485,2026-01-25,USD,15127.100,2026-01-25
011,100000001486,2026-01-26,PEN,6219.400,2026-01-26
012,100000001487,2026-01-27,EUR,10001.000,2026-01-27
013,100000001488,2026-01-28,BRL,6539.700,2026-01-28
014,100000001489,2026-01-29,USD,19662.800,2026-01-29
015,100000001490,2026-01-30,PEN,17728.500,2026-01-30
016,100000001491,2026-01-31,EUR,15688.400,2026-01-31
017,100000001492,2026-02-01,BRL,177.600,2026-02-01
018,100000001493,2026-02-02,USD,1278.300,2026-02-02
019,100000001494,2026-02-03,PEN,8006.100,2026-02-03
020,100000001495,2026-02-04,EUR,13881.600,2026-02-04
021,100000001496,2026-02-05,BRL,22923.800,2026-02-05
022,100000001497,2026-02-06,USD,4399.700,2026-02-06
023,100000001498,2026-02-07,PEN,19167.500,2026-02-07
024,100000001499,2026-02-08,EUR,1953.200,2026-02-08
025,100000001500,2026-02-09,BRL,8001.300,2026-02-09
001,100000001501,2026-02-10,USD,6400.700,2026-02-10
002,100000001502,2026-02-11,PEN,4131.100,2026-02-11
003,100000001503,2026-02-12,EUR,10469.700,2026-02-12
004,100000001504,2026-02-13,BRL,7119.800,2026-02-13
005,100000001505,2026-02-14,USD,8944.800,2026-02-14
006,100000001506,2026-02-15,PEN,10793.300,2026-02-15
007,100000001507,2026-02-16,EUR,469.200,2026-02-16
008,100000001508,2026-02-17,BRL,9920.700,2026-02-17
009,100000001509,2026-02-18,USD,2538.900,2026-02-18
010,100000001510,2026-02-19,PEN,20450.900,2026-02-19
011,100000001511,2026-02-20,EUR,7048.200,2026-02-20
012,100000001512,2026-02-21,BRL,2691.800,2026-02-21
013,100000001513,2026-02-22,USD,22276.400,2026-02-22
014,100000001514,2026-02-23,PEN,20853.700,2026-02-23
015,100000001515,2026-02-24,EUR,23294.300,2026-02-24
016,100000001516,2026-02-25,BRL,7886.000,2026-02-25
017,100000001517,2026-02-26,USD,4363.400,2026-02-26
018,100000001518,2026-02-27,PEN,164617.600,2026-02-27
019,100000001519,2026-02-28,EUR,9509.800,2026-02-28
020,100000001520,2026-03-01,BRL,15147.600,2026-03-01
021,100000001521,2026-03-02,USD,15162.000,2026-03-02
022,100000001522,2026-03-03,PEN,22028.200,2026-03-03
023,100000001523,2026-03-04,EUR,15963.100,2026-03-04
024,100000001524,2026-03-05,BRL,1783.600,2026-03-05
025,100000001525,2026-03-06,USD,14356.400,2026-03-06
001,100000001526,2026-03-07,PEN,5989.100,2026-03-07
002,100000001527,2026-03-08,EUR,8977.200,2026-03-08
003,100000001528,2026-03-09,BRL,4652.500,2026-03-09
004,100000001529,2026-03-10,USD,23800.000,2026-03-10
005,100000001530,2026-03-11,PEN,10199.700,2026-03-11
006,100000001531,2026-03-12,EUR,8620.600,2026-03-12
007,100000001532,2026-03-13,BRL,19326.100,2026-03-13
008,100000001533,2026-03-14,USD,24449.100,2026-03-14
009,100000001534,2026-03-15,PEN,20396.600,2026-03-15
010,100000001535,2026-03-16,EUR,24073.600,2026-03-16
011,100000001536,2026-03-17,BRL,23119.600,2026-03-17
012,100000001537,2026-03-18,USD,18022.600,2026-03-18
013,100000001538,2026-03-19,PEN,5748.300,2026-03-19
014,100000001539,2026-03-20,EUR,9909.000,2026-03-20
015,100000001540,2026-03-21,BRL,14070.500,2026-03-21
016,100000001541,2026-03-22,USD,11155.200,2026-03-22
017,100000001542,2026-03-23,PEN,20480.100,2026-03-23
018,100000001543,2026-03-24,EUR,5967.300,2026-03-24
019,100000001544,2026-03-25,BRL,20077.600,2026-03-25
020,100000001545,2026-03-26,USD,13155.600,2026-03-26
021,100000001546,2026-03-27,PEN,10859.900,2026-03-27
022,100000001547,2026-03-28,EUR,3758.400,2026-03-28
023,100000001548,2026-03-29,BRL,21155.600,2026-03-29
024,100000001549,2026-03-30,USD,24221.900,2026-03-30
025,100000001550,2026-03-31,PEN,8199.200,2026-03-31
001,100000001551,2026-04-01,EUR,1864.200,2026-04-01
002,100000001552,2026-04-02,BRL,8347.800,2026-04-02
003,100000001553,2026-04-03,USD,2365.400,2026-04-03
004,100000001554,2026-04-04,PEN,6043.900,2026-04-04
005,100000001555,2026-04-05,EUR,160927.200,2026-04-05
006,100000001556,2026-04-06,BRL,21351.000,2026-04-06
007,100000001557,2026-04-07,USD,19094.900,2026-04-07
008,100000001558,2026-04-08,PEN,1150.300,2026-04-08
009,100000001559,2026-04-09,EUR,24367.200,2026-04-09
010,100000001560,2026-04-10,BRL,24032.600,2026-04-10
011,100000001561,2026-04-11,USD,5895.900,2026-04-11
012,100000001562,2026-04-12,PEN,21521.600,2026-04-12
013,100000001563,2026-04-13,EUR,5558.200,2026-04-13
014,100000001564,2026-04-14,BRL,23749.000,2026-04-14
015,100000001565,2026-04-15,USD,1662.700,2026-04-15
016,100000001566,2026-04-16,PEN,3171.500,2026-04-16
017,100000001567,2026-04-17,EUR,20753.200,2026-04-17
018,100000001568,2026-04-18,BRL,7343.700,2026-04-18
019,100000001569,2026-04-19,USD,13707.000,2026-04-19
020,100000001570,2026-04-20,PEN,12225.100,2026-04-20
021,100000001571,2026-04-21,EUR,24586.700,2026-04-21
022,100000001572,2026-04-22,BRL,12483.700,2026-04-22
023,100000001573,2026-04-23,USD,705.600,2026-04-23
024,100000001574,2026-04-24,PEN,1360.300,2026-04-24
025,100000001575,2026-04-25,EUR,3953.700,2026-04-25
001,100000001576,2026-04-26,BRL,2969.200,2026-04-26
002,100000001577,2026-04-27,USD,14584.300,2026-04-27
003,100000001578,2026-04-28,PEN,18515.700,2026-04-28
004,100000001579,2026-04-29,EUR,1381.400,2026-04-29
005,100000001580,2026-04-30,BRL,4518.600,2026-04-30
006,100000001581,2026-05-01,USD,8178.100,2026-05-01
007,100000001582,2026-05-02,PEN,8340.600,2026-05-02
008,100000001583,2026-05-03,EUR,10014.100,2026-05-03
009,100000001584,2026-05-04,BRL,3151.600,2026-05-04
010,100000001585,2026-05-05,USD,10539.400,2026-05-05
011,100000001586,2026-05-06,PEN,5907.300,2026-05-06
012,100000001587,2026-05-07,EUR,16882.500,2026-05-07
013,100000001588,2026-05-08,BRL,12747.400,2026-05-08
014,100000001589,2026-05-09,USD,19766.000,2026-05-09
015,100000001590,2026-05-10,PEN,17652.700,2026-05-10
016,100000001591,2026-05-11,EUR,12895.900,2026-05-11
017,100000001592,2026-05-12,BRL,183196.800,2026-05-12
018,100000001593,2026-05-13,USD,5473.300,2026-05-13
019,100000001594,2026-05-14,PEN,4831.500,2026-05-14
020,100000001595,2026-05-15,EUR,18052.500,2026-05-15
021,100000001596,2026-05-16,BRL,15953.300,2026-05-16
022,100000001597,2026-05-17,USD,13952.700,2026-05-17
023,100000001598,2026-05-18,PEN,5073.100,2026-05-18
024,100000001599,2026-05-19,EUR,13107.300,2026-05-19
025,100000001600,2026-05-20,BRL,8194.300,2026-05-20
001,100000001601,2026-05-21,USD,3692.000,2026-05-21
002,100000001602,2026-05-22,PEN,15326.100,2026-05-22
003,100000001603,2026-05-23,EUR,10934.500,2026-05-23
004,100000001604,2026-05-24,BRL,4292.900,2026-05-24
005,100000001605,2026-05-25,USD,18120.800,2026-05-25
006,100000001606,2026-05-26,PEN,11108.800,2026-05-26
007,100000001607,2026-05-27,EUR,18271.900,2026-05-27
008,100000001608,2026-05-28,BRL,4372.200,2026-05-28
009,100000001609,2026-05-29,USD,9004.400,2026-05-29
010,100000001610,2026-05-30,PEN,1783.000,2026-05-30
011,100000001611,2026-05-31,EUR,15675.700,2026-05-31
012,100000001612,2026-06-01,BRL,8057.500,2026-06-01
013,100000001613,2026-06-02,USD,9471.400,2026-06-02
014,100000001614,2026-06-03,PEN,13140.400,2026-06-03
015,100000001615,2026-06-04,EUR,16300.000,2026-06-04
016,100000001616,2026-06-05,BRL,10166.200,2026-06-05
017,100000001617,2026-06-06,USD,4628.800,2026-06-06
018,100000001618,2026-06-07,PEN,12164.100,2026-06-07
019,100000001619,2026-06-08,EUR,13442.800,2026-06-08
020,100000001620,2026-06-09,BRL,5510.200,2026-06-09
021,100000001621,2026-06-10,USD,21163.100,2026-06-10
022,100000001622,2026-06-11,PEN,23815.400,2026-06-11
023,100000001623,2026-06-12,EUR,23573.300,2026-06-12
024,100000001624,2026-06-13,BRL,24530.000,2026-06-13
025,100000001625,2026-06-14,USD,2954.200,2026-06-14
001,100000001626,2026-06-15,PEN,6912.400,2026-06-15
002,100000001627,2026-06-16,EUR,6212.600,2026-06-16
003,100000001628,2026-06-17,BRL,21291.500,2026-06-17
004,100000001629,2026-06-18,USD,73042.400,2026-06-18
005,100000001630,2026-06-19,PEN,6466.500,2026-06-19
006,100000001631,2026-06-20,EUR,22956.800,2026-06-20
007,100000001632,2026-06-21,BRL,10819.500,2026-06-21
008,100000001633,2026-06-22,USD,18551.000,2026-06-22
009,100000001634,2026-06-23,PEN,22779.800,2026-06-23
010,100000001635,2026-06-24,EUR,810.400,2026-06-24
011,100000001636,2026-06-25,BRL,7544.700,2026-06-25
012,100000001637,2026-06-26,USD,5659.100,2026-06-26
013,100000001638,2026-06-27,PEN,11448.200,2026-06-27
014,100000001639,2026-06-28,EUR,2103.900,2026-06-28
015,100000001640,2026-06-29,BRL,6869.400,2026-06-29
016,100000001641,2026-06-30,USD,13476.900,2026-06-30
017,100000001642,2026-07-01,PEN,6806.600,2026-07-01
018,100000001643,2026-07-02,EUR,9866.200,2026-07-02
019,100000001644,2026-07-03,BRL,2119.800,2026-07-03
020,100000001645,2026-07-04,USD,24047.200,2026-07-04
021,100000001646,2026-07-05,PEN,12247.100,2026-07-05
022,100000001647,2026-07-06,EUR,3756.100,2026-07-06
023,100000001648,2026-07-07,BRL,5596.500,2026-07-07
024,100000001649,2026-07-08,USD,740.100,2026-07-08
025,100000001650,2026-07-09,PEN,5235.800,2026-07-09
001,100000001651,2026-07-10,EUR,198.900,2026-07-10
002,100000001652,2026-07-11,BRL,6397.600,2026-07-11
003,100000001653,2026-07-12,USD,1333.200,2026-07-12
004,100000001654,2026-07-13,PEN,20609.200,2026-07-13
005,100000001655,2026-07-14,EUR,15501.700,2026-07-14
006,100000001656,2026-07-15,BRL,1888.600,2026-07-15
007,100000001657,2026-07-16,USD,21316.700,2026-07-16
008,100000001658,2026-07-17,PEN,4856.600,2026-07-17
009,100000001659,2026-07-18,EUR,12686.200,2026-07-18
010,100000001660,2026-07-19,BRL,12367.700,2026-07-19
011,100000001661,2026-07-20,USD,12046.500,2026-07-20
012,100000001662,2026-07-21,PEN,3469.900,2026-07-21
013,100000001663,2026-07-22,EUR,10342.600,2026-07-22
014,100000001664,2026-07-23,BRL,14175.100,2026-07-23
015,100000001665,2026-07-24,USD,16507.300,2026-07-24
016,100000001666,2026-07-25,PEN,180808.000,2026-07-25
017,100000001667,2026-07-26,EUR,5806.000,2026-07-26
018,100000001668,2026-07-27,BRL,11430.200,2026-07-27
019,100000001669,2026-07-28,USD,14973.100,2026-07-28
020,100000001670,2026-07-29,PEN,15386.800,2026-07-29
021,100000001671,2026-07-30,EUR,14989.100,2026-07-30
022,100000001672,2026-07-31,BRL,17352.900,2026-07-31
023,100000001673,2026-08-01,USD,6447.200,2026-08-01
024,100000001674,2026-08-02,PEN,906.400,2026-08-02
025,100000001675,2026-08-03,EUR,17877.900,2026-08-03
001,100000001676,2026-08-04,BRL,780.900,2026-08-04
002,100000001677,2026-08-05,USD,2035.700,2026-08-05
003,100000001678,2026-08-06,PEN,17754.300,2026-08-06
004,100000001679,2026-08-07,EUR,4085.800,2026-08-07
005,100000001680,2026-08-08,BRL,1968.700,2026-08-08
006,100000001681,2026-08-09,USD,1457.800,2026-08-09
007,100000001682,2026-08-10,PEN,13727.700,2026-08-10
008,100000001683,2026-08-11,EUR,8929.700,2026-08-11
009,100000001684,2026-08-12,BRL,10960.600,2026-08-12
010,100000001685,2026-08-13,USD,1859.400,2026-08-13
011,100000001686,2026-08-14,PEN,2205.300,2026-08-14
012,100000001687,2026-08-15,EUR,19345.900,2026-08-15
013,100000001688,2026-08-16,BRL,10642.600,2026-08-16
014,100000001689,2026-08-17,USD,18315.600,2026-08-17
015,100000001690,2026-08-18,PEN,9310.200,2026-08-18
016,100000001691,2026-08-19,EUR,18226.700,2026-08-19
017,100000001692,2026-08-20,BRL,3993.800,2026-08-20
018,100000001693,2026-08-21,USD,3706.100,2026-08-21
019,100000001694,2026-08-22,PEN,12770.200,2026-08-22
020,100000001695,2026-08-23,EUR,12333.400,2026-08-23
021,100000001696,2026-08-24,BRL,22996.600,2026-08-24
022,100000001697,2026-08-25,USD,1117.600,2026-08-25
023,100000001698,2026-08-26,PEN,12376.700,2026-08-26
024,100000001699,2026-08-27,EUR,17978.800,2026-08-27
025,100000001700,2026-08-28,BRL,3886.800,2026-08-28
001,100000001701,2026-08-29,USD,15483.700,2026-08-29
002,100000001702,2026-08-30,PEN,9690.700,2026-08-30
003,100000001703,2026-08-31,EUR,148899.200,2026-08-31
004,100000001704,2026-09-01,BRL,15783.300,2026-09-01
005,100000001705,2026-09-02,USD,20650.700,2026-09-02
006,100000001706,2026-09-03,PEN,14211.900,2026-09-03
007,100000001707,2026-09-04,EUR,13098.400,2026-09-04
008,100000001708,2026-09-05,BRL,3538.400,2026-09-05
009,100000001709,2026-09-06,USD,709.200,2026-09-06
010,100000001710,2026-09-07,PEN,16016.800,2026-09-07
011,100000001711,2026-09-08,EUR,23390.000,2026-09-08
012,100000001712,2026-09-09,BRL,6260.400,2026-09-09
013,100000001713,2026-09-10,USD,24748.600,2026-09-10
014,100000001714,2026-09-11,PEN,12136.500,2026-09-11
015,100000001715,2026-09-12,EUR,21166.800,2026-09-12
016,100000001716,2026-09-13,BRL,427.600,2026-09-13
017,100000001717,2026-09-14,USD,3512.600,2026-09-14
018,100000001718,2026-09-15,PEN,5230.100,2026-09-15
019,100000001719,2026-09-16,EUR,2730.400,2026-09-16
020,100000001720,2026-09-17,BRL,19102.500,2026-09-17
021,100000001721,2026-09-18,USD,6659.200,2026-09-18
022,100000001722,2026-09-19,PEN,9130.600,2026-09-19
023,100000001723,2026-09-20,EUR,18070.500,2026-09-20
024,100000001724,2026-09-21,BRL,5424.200,2026-09-21
025,100000001725,2026-09-22,USD,24319.400,2026-09-22
001,100000001726,2026-09-23,PEN,23865.900,2026-09-23
002,100000001727,2026-09-24,EUR,10505.700,2026-09-24
003,100000001728,2026-09-25,BRL,20825.000,2026-09-25
004,100000001729,2026-09-26,USD,14995.100,2026-09-26
005,100000001730,2026-09-27,PEN,2326.100,2026-09-27
006,100000001731,2026-09-28,EUR,1601.300,2026-09-28
007,100000001732,2026-09-29,BRL,15640.600,2026-09-29
008,100000001733,2026-09-30,USD,18407.000,2026-09-30
009,100000001734,2026-10-01,PEN,8484.700,2026-10-01
010,100000001735,2026-10-02,EUR,16732.100,2026-10-02
011,100000001736,2026-10-03,BRL,18292.200,2026-10-03
012,100000001737,2026-10-04,USD,23667.600,2026-10-04
013,100000001738,2026-10-05,PEN,19705.800,2026-10-05
014,100000001739,2026-10-06,EUR,3513.400,2026-10-06
015,100000001740,2026-10-07,BRL,64162.400,2026-10-07
016,100000001741,2026-10-08,USD,16615.500,2026-10-08
017,100000001742,2026-10-09,PEN,5471.400,2026-10-09
018,100000001743,2026-10-10,EUR,6150.700,2026-10-10
019,100000001744,2026-10-11,BRL,16069.800,2026-10-11
020,100000001745,2026-10-12,USD,15442.100,2026-10-12
021,100000001746,2026-10-13,PEN,5993.400,2026-10-13
022,100000001747,2026-10-14,EUR,1904.900,2026-10-14
023,100000001748,2026-10-15,BRL,14746.400,2026-10-15
024,100000001749,2026-10-16,USD,9257.500,2026-10-16
025,100000001750,2026-10-17,PEN,24459.600,2026-10-17
001,100000001751,2026-10-18,EUR,20519.200,2026-10-18
002,100000001752,2026-10-19,BRL,12756.700,2026-10-19
003,100000001753,2026-10-20,USD,9291.300,2026-10-20
004,100000001754,2026-10-21,PEN,1213.700,2026-10-21
005,100000001755,2026-10-22,EUR,22930.500,2026-10-22
006,100000001756,2026-10-23,BRL,820.400,2026-10-23
007,100000001757,2026-10-24,USD,11455.200,2026-10-24
008,100000001758,2026-10-25,PEN,9389.800,2026-10-25
009,100000001759,2026-10-26,EUR,3325.600,2026-10-26
010,100000001760,2026-10-27,BRL,4365.500,2026-10-27
011,100000001761,2026-10-28,USD,11632.500,2026-10-28
012,100000001762,2026-10-29,PEN,10299.800,2026-10-29
013,100000001763,2026-10-30,EUR,19889.500,2026-10-30
014,100000001764,2026-10-31,BRL,21967.400,2026-10-31
015,100000001765,2026-11-01,USD,12575.300,2026-11-01
016,100000001766,2026-11-02,PEN,4766.000,2026-11-02
017,100000001767,2026-11-03,EUR,20617.600,2026-11-03
018,100000001768,2026-11-04,BRL,12338.100,2026-11-04
019,100000001769,2026-11-05,USD,13494.500,2026-11-05
020,100000001770,2026-11-06,PEN,20072.000,2026-11-06
021,100000001771,2026-11-07,EUR,24028.100,2026-11-07
022,100000001772,2026-11-08,BRL,15734.700,2026-11-08
023,100000001773,2026-11-09,USD,12643.500,2026-11-09
024,100000001774,2026-11-10,PEN,13147.400,2026-11-10
025,100000001775,2026-11-11,EUR,14613.300,2026-11-11
001,100000001776,2026-11-12,BRL,6387.000,2026-11-12
002,100000001777,2026-11-13,USD,155244.000,2026-11-13
003,100000001778,2026-11-14,PEN,2993.200,2026-11-14
004,100000001779,2026-11-15,EUR,24850.900,2026-11-15
005,100000001780,2026-11-16,BRL,1991.100,2026-11-16
006,100000001781,2026-11-17,USD,10696.300,2026-11-17
007,100000001782,2026-11-18,PEN,8193.700,2026-11-18
008,100000001783,2026-11-19,EUR,1036.600,2026-11-19
009,100000001784,2026-11-20,BRL,20615.000,2026-11-20
010,100000001785,2026-11-21,USD,17784.200,2026-11-21
011,100000001786,2026-11-22,PEN,22760.000,2026-11-22
012,100000001787,2026-11-23,EUR,7284.400,2026-11-23
013,100000001788,2026-11-24,BRL,21736.500,2026-11-24
014,100000001789,2026-11-25,USD,17792.300,2026-11-25
015,100000001790,2026-11-26,PEN,24228.900,2026-11-26
016,100000001791,2026-11-27,EUR,17443.000,2026-11-27
017,100000001792,2026-11-28,BRL,20624.500,2026-11-28
018,100000001793,2026-11-29,USD,4250.200,2026-11-29
019,100000001794,2026-11-30,PEN,602.500,2026-11-30
020,100000001795,2026-12-01,EUR,10443.700,2026-12-01
021,100000001796,2026-12-02,BRL,41.900,2026-12-02
022,100000001797,2026-12-03,USD,10697.300,2026-12-03
023,100000001798,2026-12-04,PEN,21772.000,2026-12-04
024,100000001799,2026-12-05,EUR,22879.900,2026-12-05
025,100000001800,2026-12-06,BRL,18583.100,2026-12-06
001,100000000001,2026-12-07,USD,22761.200,2026-12-07
002,100000000002,2026-12-08,PEN,18026.800,2026-12-08
003,100000000003,2026-12-09,EUR,24233.600,2026-12-09
004,100000000004,2026-12-10,BRL,4154.600,2026-12-10
005,100000000005,2026-12-11,USD,16714.400,2026-12-11
006,100000000006,2026-12-12,PEN,9855.400,2026-12-12
007,100000000007,2026-12-13,EUR,24176.600,2026-12-13
008,100000000008,2026-12-14,BRL,15437.600,2026-12-14
009,100000000009,2026-12-15,USD,2937.900,2026-12-15
010,100000000010,2026-12-16,PEN,1885.200,2026-12-16
011,100000000011,2026-12-17,EUR,5005.700,2026-12-17
012,100000000012,2026-12-18,BRL,20347.100,2026-12-18
013,100000000013,2026-12-19,USD,15554.200,2026-12-19
014,100000000014,2026-12-20,PEN,192003.200,2026-12-20
015,100000000015,2026-12-21,EUR,7588.200,2026-12-21
016,100000000016,2026-12-22,BRL,13355.400,2026-12-22
017,100000000017,2026-12-23,USD,19947.800,2026-12-23
018,100000000018,2026-12-24,PEN,5331.500,2026-12-24
019,100000000019,2026-12-25,EUR,18172.700,2026-12-25
020,100000000020,2026-12-26,BRL,7724.700,2026-12-26
021,100000000021,2026-12-27,USD,11788.100,2026-12-27
022,100000000022,2026-12-28,PEN,6247.000,2026-12-28
023,100000000023,2026-12-29,EUR,16179.600,2026-12-29
024,100000000024,2026-12-30,BRL,15261.500,2026-12-30
025,100000000025,2026-12-31,USD,8024.700,2026-12-31
