BRN,AC_NO,EVENT_SEQ_NO,OPER_TYPE,TXN_DATE,OPER_AMT,VALUE_DATE,SETL_MODE,SETL_BRN,SETL_ACC,SETL_CCY,REMARKS,XREF,FLAG_PENALTY,ROUNDING,ROUNDING_AMT,PRIN_READJ_IND,INT_READJ_IND,ARCHIVE_DATE,REFERENCE_NO
001,100000000001,9196,O,2026-01-01,102096.000,2026-01-01,SET,SET,100000000001,USD,REMARKS_1,XREF_1,F,R,30729,Y,Y,2026-01-01,TRN000000000001
002,100000000002,6327,O,2026-01-02,991.400,2026-01-02,SET,SET,100000000002,PEN,REMARKS_2,XREF_2,F,R,20158,N,N,2026-01-02,TRN000000000002
003,100000000003,4388,O,2026-01-03,12622.000,2026-01-03,SET,SET,100000000003,EUR,REMARKS_3,XREF_3,F,R,11977,N,N,2026-01-03,TRN000000000003
004,100000000004,4985,O,2026-01-04,13894.700,2026-01-04,SET,SET,100000000004,BRL,REMARKS_4,XREF_4,F,R,21309,N,N,2026-01-04,TRN000000000004
005,100000000005,1258,O,2026-01-05,4854.400,2026-01-05,SET,SET,100000000005,USD,REMARKS_5,XREF_5,F,R,11188,N,N,2026-01-05,TRN000000000005
006,100000000006,840,O,2026-01-06,23324.400,2026-01-06,SET,SET,100000000006,PEN,REMARKS_6,XREF_6,F,R,12849,Y,Y,2026-01-06,TRN000000000006
007,100000000007,8402,O,2026-01-07,16988.200,2026-01-07,SET,SET,100000000007,EUR,REMARKS_7,XREF_7,F,R,5467,N,N,2026-01-07,TRN000000000007
008,100000000008,8157,O,2026-01-08,11863.400,2026-01-08,SET,SET,100000000008,BRL,REMARKS_8,XREF_8,F,R,11966,N,N,2026-01-08,TRN000000000008
009,100000000009,7249,O,2026-01-09,3924.400,2026-01-09,SET,SET,100000000009,USD,REMARKS_9,XREF_9,F,R,17288,N,N,2026-01-09,TRN000000000009
010,100000000010,2287,O,2026-01-10,13104.400,2026-01-10,SET,SET,100000000010,PEN,REMARKS_10,XREF_10,F,R,10552,N,N,2026-01-10,TRN000000000010
011,100000000011,5617,O,2026-01-11,24911.300,2026-01-11,SET,SET,100000000011,EUR,REMARKS_11,XREF_11,F,R,24475,Y,Y,2026-01-11,TRN000000000011
012,100000000012,1061,O,2026-01-12,8641.100,2026-01-12,SET,SET,100000000012,BRL,REMARKS_12,XREF_12,F,R,20023,N,N,2026-01-12,TRN000000000012
013,100000000013,2651,O,2026-01-13,12235.100,2026-01-13,SET,SET,100000000013,USD,REMARKS_13,XREF_13,F,R,13962,N,N,2026-01-13,TRN000000000013
014,100000000014,65,O,2026-01-14,3299.100,2026-01-14,SET,SET,100000000014,PEN,REMARKS_14,XREF_14,F,R,2747,N,N,2026-01-14,TRN000000000014
015,100000000015,2674,O,2026-01-15,14111.700,2026-01-15,SET,SET,100000000015,EUR,REMARKS_15,XREF_15,F,R,9146,N,N,2026-01-15,TRN000000000015
016,100000000016,4168,O,2026-01-16,2347.500,2026-01-16,SET,SET,100000000016,BRL,REMARKS_16,XREF_16,F,R,5825,Y,Y,2026-01-16,TRN000000000016
017,100000000017,5443,O,2026-01-17,24376.900,2026-01-17,SET,SET,100000000017,USD,REMARKS_17,XREF_17,F,R,23521,N,N,2026-01-17,TRN000000000017
018,100000000018,6214,O,2026-01-18,9784.800,2026-01-18,SET,SET,100000000018,PEN,REMARKS_18,XREF_18,F,R,4081,N,N,2026-01-18,TRN000000000018
019,100000000019,3417,O,2026-01-19,11366.100,2026-01-19,SET,SET,100000000019,EUR,REMARKS_19,XREF_19,F,R,18386,N,N,2026-01-19,TRN000000000019
020,100000000020,7598,O,2026-01-20,4547.000,2026-01-20,SET,SET,100000000020,BRL,REMARKS_20,XREF_20,F,R,21540,N,N,2026-01-20,TRN000000000020
021,100000000021,8248,O,2026-01-21,4589.100,2026-01-21,SET,SET,100000000021,USD,REMARKS_21,XREF_21,F,R,3355,Y,Y,2026-01-21,TRN000000000021
022,100000000022,2624,O,2026-01-22,6428.500,2026-01-22,SET,SET,100000000022,PEN,REMARKS_22,XREF_22,F,R,20867,N,N,2026-01-22,TRN000000000022
023,100000000023,7430,O,2026-01-23,18357.600,2026-01-23,SET,SET,100000000023,EUR,REMARKS_23,XREF_23,F,R,23754,N,N,2026-01-23,TRN000000000023
024,100000000024,8819,O,2026-01-24,18964.200,2026-01-24,SET,SET,100000000024,BRL,REMARKS_24,XREF_24,F,R,13252,N,N,2026-01-24,TRN000000000024
025,100000000025,9219,O,2026-01-25,5273.300,2026-01-25,SET,SET,100000000025,USD,REMARKS_25,XREF_25,F,R,17877,N,N,2026-01-25,TRN000000000025
001,100000000026,2579,O,2026-01-26,16151.100,2026-01-26,SET,SET,100000000026,PEN,REMARKS_26,XREF_26,F,R,1329,Y,Y,2026-01-26,TRN000000000026
002,100000000027,4370,O,2026-01-27,7593.400,2026-01-27,SET,SET,100000000027,EUR,REMARKS_27,XREF_27,F,R,530,N,N,2026-01-27,TRN000000000027
003,100000000028,7670,O,2026-01-28,5778.200,2026-01-28,SET,SET,100000000028,BRL,REMARKS_28,XREF_28,F,R,236,N,N,2026-01-28,TRN000000000028
004,100000000029,1255,O,2026-01-29,14624.100,2026-01-29,SET,SET,100000000029,USD,REMARKS_29,XREF_29,F,R,23128,N,N,2026-01-29,TRN000000000029
005,100000000030,7296,O,2026-01-30,290.100,2026-01-30,SET,SET,100000000030,PEN,REMARKS_30,XREF_30,F,R,19903,N,N,2026-01-30,TRN000000000030
006,100000000031,8415,O,2026-01-31,15374.000,2026-01-31,SET,SET,100000000031,EUR,REMARKS_31,XREF_31,F,R,1342,Y,Y,2026-01-31,TRN000000000031
007,100000000032,9954,O,2026-02-01,14458.600,2026-02-01,SET,SET,100000000032,BRL,REMARKS_32,XREF_32,F,R,22137,N,N,2026-02-01,TRN000000000032
008,100000000033,9042,O,2026-02-02,22565.200,2026-02-02,SET,SET,100000000033,USD,REMARKS_33,XREF_33,F,R,22238,N,N,2026-02-02,TRN000000000033
009,100000000034,9397,O,2026-02-03,11361.400,2026-02-03,SET,SET,100000000034,PEN,REMARKS_34,XREF_34,F,R,1170,N,N,2026-02-03,TRN000000000034
010,100000000035,7816,O,2026-02-04,7659.100,2026-02-04,SET,SET,100000000035,EUR,REMARKS_35,XREF_35,F,R,5991,N,N,2026-02-04,TRN000000000035
011,100000000036,8837,O,2026-02-05,5743.800,2026-02-05,SET,SET,100000000036,BRL,REMARKS_36,XREF_36,F,R,15147,Y,Y,2026-02-05,TRN000000000036
012,100000000037,2189,O,2026-02-06,968.500,2026-02-06,SET,SET,100000000037,USD,REMARKS_37,XREF_37,F,R,4148,N,N,2026-02-06,TRN000000000037
013,100000000038,4384,O,2026-02-07,143047.200,2026-02-07,SET,SET,100000000038,PEN,REMARKS_38,XREF_38,F,R,135728,N,N,2026-02-07,TRN000000000038
014,100000000039,1147,O,2026-02-08,18663.100,2026-02-08,SET,SET,100000000039,EUR,REMARKS_39,XREF_39,F,R,8225,N,N,2026-02-08,TRN000000000039
015,100000000040,9357,O,2026-02-09,9217.200,2026-02-09,SET,SET,100000000040,BRL,REMARKS_40,XREF_40,F,R,5169,N,N,2026-02-09,TRN000000000040
016,100000000041,6371,O,2026-02-10,13170.200,2026-02-10,SET,SET,100000000041,USD,REMARKS_41,XREF_41,F,R,10832,Y,Y,2026-02-10,TRN000000000041
017,100000000042,3744,O,2026-02-11,5019.100,2026-02-11,SET,SET,100000000042,PEN,REMARKS_42,XREF_42,F,R,1223,N,N,2026-02-11,TRN000000000042
018,100000000043,8014,O,2026-02-12,6166.400,2026-02-12,SET,SET,100000000043,EUR,REMARKS_43,XREF_43,F,R,22976,N,N,2026-02-12,TRN000000000043
019,100000000044,5439,O,2026-02-13,17588.000,2026-02-13,SET,SET,100000000044,BRL,REMARKS_44,XREF_44,F,R,15492,N,N,2026-02-13,TRN000000000044
020,100000000045,8580,O,2026-02-14,5048.400,2026-02-14,SET,SET,100000000045,USD,REMARKS_45,XREF_45,F,R,18413,N,N,2026-02-14,TRN000000000045
021,100000000046,9587,O,2026-02-15,18432.400,2026-02-15,SET,SET,100000000046,PEN,REMARKS_46,XREF_46,F,R,1313,Y,Y,2026-02-15,TRN000000000046
022,100000000047,4983,O,2026-02-16,533.900,2026-02-16,SET,SET,100000000047,EUR,REMARKS_47,XREF_47,F,R,6387,N,N,2026-02-16,TRN000000000047
023,100000000048,6949,O,2026-02-17,18702.000,2026-02-17,SET,SET,100000000048,BRL,REMARKS_48,XREF_48,F,R,427,N,N,2026-02-17,TRN000000000048
024,100000000049,352,O,2026-02-18,16323.800,2026-02-18,SET,SET,100000000049,USD,REMARKS_49,XREF_49,F,R,13833,N,N,2026-02-18,TRN000000000049
025,100000000050,7697,O,2026-02-19,7286.300,2026-02-19,SET,SET,100000000050,PEN,REMARKS_50,XREF_50,F,R,7640,N,N,2026-02-19,TRN000000000050
001,100000000051,8998,O,2026-02-20,2533.900,2026-02-20,SET,SET,100000000051,EUR,REMARKS_51,XREF_51,F,R,10721,Y,Y,2026-02-20,TRN000000000051
002,100000000052,1818,O,2026-02-21,22740.500,2026-02-21,SET,SET,100000000052,BRL,REMARKS_52,XREF_52,F,R,14643,N,N,2026-02-21,TRN000000000052
003,100000000053,9854,O,2026-02-22,16493.300,2026-02-22,SET,SET,100000000053,USD,REMARKS_53,XREF_53,F,R,6260,N,N,2026-02-22,TRN000000000053
004,100000000054,8967,O,2026-02-23,15827.500,2026-02-23,SET,SET,100000000054,PEN,REMARKS_54,XREF_54,F,R,14767,N,N,2026-02-23,TRN000000000054
005,100000000055,2308,O,2026-02-24,23287.800,2026-02-24,SET,SET,100000000055,EUR,REMARKS_55,XREF_55,F,R,16508,N,N,2026-02-24,TRN000000000055
006,100000000056,5150,O,2026-02-25,2437.000,2026-02-25,SET,SET,100000000056,BRL,REMARKS_56,XREF_56,F,R,3776,Y,Y,2026-02-25,TRN000000000056
007,100000000057,4136,O,2026-02-26,8450.900,2026-02-26,SET,SET,100000000057,USD,REMARKS_57,XREF_57,F,R,7721,N,N,2026-02-26,TRN000000000057
008,100000000058,9800,O,2026-02-27,21526.100,2026-02-27,SET,SET,100000000058,PEN,REMARKS_58,XREF_58,F,R,24719,N,N,2026-02-27,TRN000000000058
009,100000000059,2764,O,2026-02-28,6801.500,2026-02-28,SET,SET,100000000059,EUR,REMARKS_59,XREF_59,F,R,4657,N,N,2026-02-28,TRN000000000059
010,100000000060,1445,O,2026-03-01,6901.600,2026-03-01,SET,SET,100000000060,BRL,REMARKS_60,XREF_60,F,R,11560,N,N,2026-03-01,TRN000000000060
011,100000000061,8139,O,2026-03-02,19394.500,2026-03-02,SET,SET,100000000061,USD,REMARKS_61,XREF_61,F,R,2387,Y,Y,2026-03-02,TRN000000000061
012,100000000062,2987,O,2026-03-03,10529.700,2026-03-03,SET,SET,100000000062,PEN,REMARKS_62,XREF_62,F,R,6181,N,N,2026-03-03,TRN000000000062
013,100000000063,87,O,2026-03-04,9112.400,2026-03-04,SET,SET,100000000063,EUR,REMARKS_63,XREF_63,F,R,13326,N,N,2026-03-04,TRN000000000063
014,100000000064,3572,O,2026-03-05,23091.900,2026-03-05,SET,SET,100000000064,BRL,REMARKS_64,XREF_64,F,R,18471,N,N,2026-03-05,TRN000000000064
015,100000000065,641,O,2026-03-06,3055.700,2026-03-06,SET,SET,100000000065,USD,REMARKS_65,XREF_65,F,R,12243,N,N,2026-03-06,TRN000000000065
016,100000000066,3092,O,2026-03-07,3821.600,2026-03-07,SET,SET,100000000066,PEN,REMARKS_66,XREF_66,F,R,18550,Y,Y,2026-03-07,TRN000000000066
017,100000000067,7129,O,2026-03-08,18894.800,2026-03-08,SET,SET,100000000067,EUR,REMARKS_67,XREF_67,F,R,7885,N,N,2026-03-08,TRN000000000067
018,100000000068,5811,O,2026-03-09,3956.500,2026-03-09,SET,SET,100000000068,BRL,REMARKS_68,XREF_68,F,R,22164,N,N,2026-03-09,TRN000000000068
019,100000000069,9454,O,2026-03-10,14378.600,2026-03-10,SET,SET,100000000069,USD,REMARKS_69,XREF_69,F,R,5901,N,N,2026-03-10,TRN000000000069
020,100000000070,2556,O,2026-03-11,2859.600,2026-03-11,SET,SET,100000000070,PEN,REMARKS_70,XREF_70,F,R,17748,N,N,2026-03-11,TRN000000000070
021,100000000071,171,O,2026-03-12,22029.400,2026-03-12,SET,SET,100000000071,EUR,REMARKS_71,XREF_71,F,R,16651,Y,Y,2026-03-12,TRN000000000071
022,100000000072,5768,O,2026-03-13,6723.700,2026-03-13,SET,SET,100000000072,BRL,REMARKS_72,XREF_72,F,R,4175,N,N,2026-03-13,TRN000000000072
023,100000000073,7727,O,2026-03-14,4083.800,2026-03-14,SET,SET,100000000073,USD,REMARKS_73,XREF_73,F,R,17265,N,N,2026-03-14,TRN000000000073
024,100000000074,3590,O,2026-03-15,17066.900,2026-03-15,SET,SET,100000000074,PEN,REMARKS_74,XREF_74,F,R,21257,N,N,2026-03-15,TRN000000000074
025,100000000075,4307,O,2026-03-16,58988.800,2026-03-16,SET,SET,100000000075,EUR,REMARKS_75,XREF_75,F,R,168906,N,N,2026-03-16,TRN000000000075
001,100000000076,8440,O,2026-03-17,9847.600,2026-03-17,SET,SET,100000000076,BRL,REMARKS_76,XREF_76,F,R,22128,Y,Y,2026-03-17,TRN000000000076
002,100000000077,7557,O,2026-03-18,8667.700,2026-03-18,SET,SET,100000000077,USD,REMARKS_77,XREF_77,F,R,14025,N,N,2026-03-18,TRN000000000077
003,100000000078,8138,O,2026-03-19,23693.900,2026-03-19,SET,SET,100000000078,PEN,REMARKS_78,XREF_78,F,R,6700,N,N,2026-03-19,TRN000000000078
004,100000000079,646,O,2026-03-20,22696.100,2026-03-20,SET,SET,100000000079,EUR,REMARKS_79,XREF_79,F,R,17121,N,N,2026-03-20,TRN000000000079
005,100000000080,5352,O,2026-03-21,22209.900,2026-03-21,SET,SET,100000000080,BRL,REMARKS_80,XREF_80,F,R,465,N,N,2026-03-21,TRN000000000080
006,100000000081,719,O,2026-03-22,8444.900,2026-03-22,SET,SET,100000000081,USD,REMARKS_81,XREF_81,F,R,11594,Y,Y,2026-03-22,TRN000000000081
007,100000000082,5828,O,2026-03-23,6899.700,2026-03-23,SET,SET,100000000082,PEN,REMARKS_82,XREF_82,F,R,23014,N,N,2026-03-23,TRN000000000082
008,100000000083,7450,O,2026-03-24,2025.500,2026-03-24,SET,SET,100000000083,EUR,REMARKS_83,XREF_83,F,R,20402,N,N,2026-03-24,TRN000000000083
009,100000000084,2627,O,2026-03-25,13588.000,2026-03-25,SET,SET,100000000084,BRL,REMARKS_84,XREF_84,F,R,15122,N,N,2026-03-25,TRN000000000084
010,100000000085,6227,O,2026-03-26,8638.400,2026-03-26,SET,SET,100000000085,USD,REMARKS_85,XREF_85,F,R,3612,N,N,2026-03-26,TRN000000000085
011,100000000086,3183,O,2026-03-27,23749.700,2026-03-27,SET,SET,100000000086,PEN,REMARKS_86,XREF_86,F,R,20005,Y,Y,2026-03-27,TRN000000000086
012,100000000087,145,O,2026-03-28,14595.600,2026-03-28,SET,SET,100000000087,EUR,REMARKS_87,XREF_87,F,R,22869,N,N,2026-03-28,TRN000000000087
013,100000000088,415,O,2026-03-29,19290.100,2026-03-29,SET,SET,100000000088,BRL,REMARKS_88,XREF_88,F,R,3335,N,N,2026-03-29,TRN000000000088
014,100000000089,9658,O,2026-03-30,15700.100,2026-03-30,SET,SET,100000000089,USD,REMARKS_89,XREF_89,F,R,18855,N,N,2026-03-30,TRN000000000089
015,100000000090,9869,O,2026-03-31,20931.500,2026-03-31,SET,SET,100000000090,PEN,REMARKS_90,XREF_90,F,R,23371,N,N,2026-03-31,TRN000000000090
016,100000000091,7210,O,2026-04-01,9439.500,2026-04-01,SET,SET,100000000091,EUR,REMARKS_91,XREF_91,F,R,17285,Y,Y,2026-04-01,TRN000000000091
017,100000000092,4770,O,2026-04-02,19808.900,2026-04-02,SET,SET,100000000092,BRL,REMARKS_92,XREF_92,F,R,5947,N,N,2026-04-02,TRN000000000092
018,100000000093,2228,O,2026-04-03,24005.900,2026-04-03,SET,SET,100000000093,USD,REMARKS_93,XREF_93,F,R,11834,N,N,2026-04-03,TRN000000000093
019,100000000094,6246,O,2026-04-04,22891.400,2026-04-04,SET,SET,100000000094,PEN,REMARKS_94,XREF_94,F,R,4209,N,N,2026-04-04,TRN000000000094
020,100000000095,1414,O,2026-04-05,14958.400,2026-04-05,SET,SET,100000000095,EUR,REMARKS_95,XREF_95,F,R,16251,N,N,2026-04-05,TRN000000000095
021,100000000096,4378,O,2026-04-06,20969.900,2026-04-06,SET,SET,100000000096,BRL,REMARKS_96,XREF_96,F,R,12039,Y,Y,2026-04-06,TRN000000000096
022,100000000097,4895,O,2026-04-07,16290.500,2026-04-07,SET,SET,100000000097,USD,REMARKS_97,XREF_97,F,R,17156,N,N,2026-04-07,TRN000000000097
023,100000000098,8426,O,2026-04-08,15927.300,2026-04-08,SET,SET,100000000098,PEN,REMARKS_98,XREF_98,F,R,2452,N,N,2026-04-08,TRN000000000098
024,100000000099,1074,O,2026-04-09,23660.900,2026-04-09,SET,SET,100000000099,EUR,REMARKS_99,XREF_99,F,R,20942,N,N,2026-04-09,TRN000000000099
025,100000000100,164,O,2026-04-10,9234.200,2026-04-10,SET,SET,100000000100,BRL,REMARKS_100,XREF_100,F,R,15261,N,N,2026-04-10,TRN000000000100
001,100000000101,4830,O,2026-04-11,630.500,2026-04-11,SET,SET,100000000101,USD,REMARKS_101,XREF_101,F,R,14895,Y,Y,2026-04-11,TRN000000000101
002,100000000102,2339,O,2026-04-12,4872.200,2026-04-12,SET,SET,100000000102,PEN,REMARKS_102,XREF_102,F,R,15616,N,N,2026-04-12,TRN000000000102
003,100000000103,6310,O,2026-04-13,19477.100,2026-04-13,SET,SET,100000000103,EUR,REMARKS_103,XREF_103,F,R,20940,N,N,2026-04-13,TRN000000000103
004,100000000104,7609,O,2026-04-14,22126.300,2026-04-14,SET,SET,100000000104,BRL,REMARKS_104,XREF_104,F,R,14867,N,N,2026-04-14,TRN000000000104
005,100000000105,7509,O,2026-04-15,21030.700,2026-04-15,SET,SET,100000000105,USD,REMARKS_105,XREF_105,F,R,2194,N,N,2026-04-15,TRN000000000105
006,100000000106,9448,O,2026-04-16,9652.700,2026-04-16,SET,SET,100000000106,PEN,REMARKS_106,XREF_106,F,R,1128,Y,Y,2026-04-16,TRN000000000106
007,100000000107,9015,O,2026-04-17,7730.800,2026-04-17,SET,SET,100000000107,EUR,REMARKS_107,XREF_107,F,R,13548,N,N,2026-04-17,TRN000000000107
008,100000000108,119,O,2026-04-18,4353.200,2026-04-18,SET,SET,100000000108,BRL,REMARKS_108,XREF_108,F,R,8945,N,N,2026-04-18,TRN000000000108
009,100000000109,4079,O,2026-04-19,6347.500,2026-04-19,SET,SET,100000000109,USD,REMARKS_109,XREF_109,F,R,20054,N,N,2026-04-19,TRN000000000109
010,100000000110,6643,O,2026-04-20,21567.000,2026-04-20,SET,SET,100000000110,PEN,REMARKS_110,XREF_110,F,R,17316,N,N,2026-04-20,TRN000000000110
011,100000000111,1332,O,2026-04-21,19045.100,2026-04-21,SET,SET,100000000111,EUR,REMARKS_111,XREF_111,F,R,7080,Y,Y,2026-04-21,TRN000000000111
012,100000000112,7209,O,2026-04-22,159433.600,2026-04-22,SET,SET,100000000112,BRL,REMARKS_112,XREF_112,F,R,53922,N,N,2026-04-22,TRN000000000112
013,100000000113,8986,O,2026-04-23,5353.700,2026-04-23,SET,SET,100000000113,USD,REMARKS_113,XREF_113,F,R,6996,N,N,2026-04-23,TRN000000000113
014,100000000114,5185,O,2026-04-24,18909.500,2026-04-24,SET,SET,100000000114,PEN,REMARKS_114,XREF_114,F,R,12531,N,N,2026-04-24,TRN000000000114
015,100000000115,4244,O,2026-04-25,5479.600,2026-04-25,SET,SET,100000000115,EUR,REMARKS_115,XREF_115,F,R,15006,N,N,2026-04-25,TRN000000000115
016,100000000116,8802,O,2026-04-26,14195.200,2026-04-26,SET,SET,100000000116,BRL,REMARKS_116,XREF_116,F,R,22557,Y,Y,2026-04-26,TRN000000000116
017,100000000117,4174,O,2026-04-27,19110.600,2026-04-27,SET,SET,100000000117,USD,REMARKS_117,XREF_117,F,R,2634,N,N,2026-04-27,TRN000000000117
018,100000000118,6569,O,2026-04-28,14777.000,2026-04-28,SET,SET,100000000118,PEN,REMARKS_118,XREF_118,F,R,18199,N,N,2026-04-28,TRN000000000118
019,100000000119,7087,O,2026-04-29,20812.700,2026-04-29,SET,SET,100000000119,EUR,REMARKS_119,XREF_119,F,R,22039,N,N,2026-04-29,TRN000000000119
020,100000000120,4737,O,2026-04-30,23153.000,2026-04-30,SET,SET,100000000120,BRL,REMARKS_120,XREF_120,F,R,21264,N,N,2026-04-30,TRN000000000120
021,100000000121,168,O,2026-05-01,19972.500,2026-05-01,SET,SET,100000000121,USD,REMARKS_121,XREF_121,F,R,24235,Y,Y,2026-05-01,TRN000000000121
022,100000000122,7967,O,2026-05-02,6779.000,2026-05-02,SET,SET,100000000122,PEN,REMARKS_122,XREF_122,F,R,9157,N,N,2026-05-02,TRN000000000122
023,100000000123,7124,O,2026-05-03,18640.300,2026-05-03,SET,SET,100000000123,EUR,REMARKS_123,XREF_123,F,R,15291,N,N,2026-05-03,TRN000000000123
024,100000000124,215,O,2026-05-04,4758.100,2026-05-04,SET,SET,100000000124,BRL,REMARKS_124,XREF_124,F,R,20475,N,N,2026-05-04,TRN000000000124
025,100000000125,4351,O,2026-05-05,10824.400,2026-05-05,SET,SET,100000000125,USD,REMARKS_125,XREF_125,F,R,7907,N,N,2026-05-05,TRN000000000125
001,100000000126,1370,O,2026-05-06,18263.500,2026-05-06,SET,SET,100000000126,PEN,REMARKS_126,XREF_126,F,R,14269,Y,Y,2026-05-06,TRN000000000126
002,100000000127,8625,O,2026-05-07,23842.400,2026-05-07,SET,SET,100000000127,EUR,REMARKS_127,XREF_127,F,R,22265,N,N,2026-05-07,TRN000000000127
003,100000000128,7269,O,2026-05-08,4934.100,2026-05-08,SET,SET,100000000128,BRL,REMARKS_128,XREF_128,F,R,24492,N,N,2026-05-08,TRN000000000128
004,100000000129,3600,O,2026-05-09,4083.300,2026-05-09,SET,SET,100000000129,USD,REMARKS_129,XREF_129,F,R,11546,N,N,2026-05-09,TRN000000000129
005,100000000130,9519,O,2026-05-10,22436.600,2026-05-10,SET,SET,100000000130,PEN,REMARKS_130,XREF_130,F,R,7539,N,N,2026-05-10,TRN000000000130
006,100000000131,2684,O,2026-05-11,17018.000,2026-05-11,SET,SET,100000000131,EUR,REMARKS_131,XREF_131,F,R,5077,Y,Y,2026-05-11,TRN000000000131
007,100000000132,2155,O,2026-05-12,22334.300,2026-05-12,SET,SET,100000000132,BRL,REMARKS_132,XREF_132,F,R,1009,N,N,2026-05-12,TRN000000000132
008,100000000133,2522,O,2026-05-13,2119.500,2026-05-13,SET,SET,100000000133,USD,REMARKS_133,XREF_133,F,R,14080,N,N,2026-05-13,TRN000000000133
009,100000000134,296,O,2026-05-14,6700.900,2026-05-14,SET,SET,100000000134,PEN,REMARKS_134,XREF_134,F,R,4536,N,N,2026-05-14,TRN000000000134
010,100000000135,4311,O,2026-05-15,15910.000,2026-05-15,SET,SET,100000000135,EUR,REMARKS_135,XREF_135,F,R,10660,N,N,2026-05-15,TRN000000000135
011,100000000136,4081,O,2026-05-16,2836.600,2026-05-16,SET,SET,100000000136,BRL,REMARKS_136,XREF_136,F,R,17961,Y,Y,2026-05-16,TRN000000000136
012,100000000137,2803,O,2026-05-17,3389.300,2026-05-17,SET,SET,100000000137,USD,REMARKS_137,XREF_137,F,R,19206,N,N,2026-05-17,TRN000000000137
013,100000000138,991,O,2026-05-18,10198.200,2026-05-18,SET,SET,100000000138,PEN,REMARKS_138,XREF_138,F,R,883,N,N,2026-05-18,TRN000000000138
014,100000000139,1023,O,2026-05-19,147.900,2026-05-19,SET,SET,100000000139,EUR,REMARKS_139,XREF_139,F,R,22357,N,N,2026-05-19,TRN000000000139
015,100000000140,5088,O,2026-05-20,19423.200,2026-05-20,SET,SET,100000000140,BRL,REMARKS_140,XREF_140,F,R,14468,N,N,2026-05-20,TRN000000000140
016,100000000141,9707,O,2026-05-21,21651.300,2026-05-21,SET,SET,100000000141,USD,REMARKS_141,XREF_141,F,R,14000,Y,Y,2026-05-21,TRN000000000141
017,100000000142,314,O,2026-05-22,3426.900,2026-05-22,SET,SET,100000000142,PEN,REMARKS_142,XREF_142,F,R,13895,N,N,2026-05-22,TRN000000000142
018,100000000143,8610,O,2026-05-23,2327.400,2026-05-23,SET,SET,100000000143,EUR,REMARKS_143,XREF_143,F,R,21545,N,N,2026-05-23,TRN000000000143
019,100000000144,9891,O,2026-05-24,9108.200,2026-05-24,SET,SET,100000000144,BRL,REMARKS_144,XREF_144,F,R,6259,N,N,2026-05-24,TRN000000000144
020,100000000145,6517,O,2026-05-25,7588.500,2026-05-25,SET,SET,100000000145,USD,REMARKS_145,XREF_145,F,R,14661,N,N,2026-05-25,TRN000000000145
021,100000000146,6134,O,2026-05-26,6321.000,2026-05-26,SET,SET,100000000146,PEN,REMARKS_146,XREF_146,F,R,4636,Y,Y,2026-05-26,TRN000000000146
022,100000000147,4088,O,2026-05-27,7190.700,2026-05-27,SET,SET,100000000147,EUR,REMARKS_147,XREF_147,F,R,22116,N,N,2026-05-27,TRN000000000147
023,100000000148,5961,O,2026-05-28,7062.800,2026-05-28,SET,SET,100000000148,BRL,REMARKS_148,XREF_148,F,R,5146,N,N,2026-05-28,TRN000000000148
024,100000000149,8268,O,2026-05-29,47748.000,2026-05-29,SET,SET,100000000149,USD,REMARKS_149,XREF_149,F,R,15511,N,N,2026-05-29,TRN000000000149
025,100000000150,4926,O,2026-05-30,7899.100,2026-05-30,SET,SET,100000000150,PEN,REMARKS_150,XREF_150,F,R,22569,N,N,2026-05-30,TRN000000000150
001,100000000151,4287,O,2026-05-31,3909.300,2026-05-31,SET,SET,100000000151,EUR,REMARKS_151,XREF_151,F,R,6349,Y,Y,2026-05-31,TRN000000000151
002,100000000152,9962,O,2026-06-01,10016.100,2026-06-01,SET,SET,100000000152,BRL,REMARKS_152,XREF_152,F,R,2502,N,N,2026-06-01,TRN000000000152
003,100000000153,4716,O,2026-06-02,1521.300,2026-06-02,SET,SET,100000000153,USD,REMARKS_153,XREF_153,F,R,10697,N,N,2026-06-02,TRN000000000153
004,100000000154,2022,O,2026-06-03,971.800,2026-06-03,SET,SET,100000000154,PEN,REMARKS_154,XREF_154,F,R,2349,N,N,2026-06-03,TRN000000000154
005,100000000155,6349,O,2026-06-04,12508.700,2026-06-04,SET,SET,100000000155,EUR,REMARKS_155,XREF_155,F,R,17915,N,N,2026-06-04,TRN000000000155
006,100000000156,3150,O,2026-06-05,18650.700,2026-06-05,SET,SET,100000000156,BRL,REMARKS_156,XREF_156,F,R,9004,Y,Y,2026-06-05,TRN000000000156
007,100000000157,9179,O,2026-06-06,4097.700,2026-06-06,SET,SET,100000000157,USD,REMARKS_157,XREF_157,F,R,14279,N,N,2026-06-06,TRN000000000157
008,100000000158,1050,O,2026-06-07,7735.700,2026-06-07,SET,SET,100000000158,PEN,REMARKS_158,XREF_158,F,R,3936,N,N,2026-06-07,TRN000000000158
009,100000000159,8913,O,2026-06-08,16038.800,2026-06-08,SET,SET,100000000159,EUR,REMARKS_159,XREF_159,F,R,3633,N,N,2026-06-08,TRN000000000159
010,100000000160,1127,O,2026-06-09,18370.900,2026-06-09,SET,SET,100000000160,BRL,REMARKS_160,XREF_160,F,R,131,N,N,2026-06-09,TRN000000000160
011,100000000161,4018,O,2026-06-10,13249.200,2026-06-10,SET,SET,100000000161,USD,REMARKS_161,XREF_161,F,R,19846,Y,Y,2026-06-10,TRN000000000161
012,100000000162,8144,O,2026-06-11,10112.600,2026-06-11,SET,SET,100000000162,PEN,REMARKS_162,XREF_162,F,R,8275,N,N,2026-06-11,TRN000000000162
013,100000000163,6769,O,2026-06-12,22188.800,2026-06-12,SET,SET,100000000163,EUR,REMARKS_163,XREF_163,F,R,16033,N,N,2026-06-12,TRN000000000163
014,100000000164,2681,O,2026-06-13,1215.500,2026-06-13,SET,SET,100000000164,BRL,REMARKS_164,XREF_164,F,R,21628,N,N,2026-06-13,TRN000000000164
015,100000000165,2936,O,2026-06-14,24388.200,2026-06-14,SET,SET,100000000165,USD,REMARKS_165,XREF_165,F,R,12126,N,N,2026-06-14,TRN000000000165
016,100000000166,2186,O,2026-06-15,18122.200,2026-06-15,SET,SET,100000000166,PEN,REMARKS_166,XREF_166,F,R,562,Y,Y,2026-06-15,TRN000000000166
017,100000000167,8285,O,2026-06-16,3405.800,2026-06-16,SET,SET,100000000167,EUR,REMARKS_167,XREF_167,F,R,21711,N,N,2026-06-16,TRN000000000167
018,100000000168,6150,O,2026-06-17,1714.100,2026-06-17,SET,SET,100000000168,BRL,REMARKS_168,XREF_168,F,R,20881,N,N,2026-06-17,TRN000000000168
019,100000000169,3008,O,2026-06-18,13885.100,2026-06-18,SET,SET,100000000169,USD,REMARKS_169,XREF_169,F,R,15482,N,N,2026-06-18,TRN000000000169
020,100000000170,873,O,2026-06-19,3622.000,2026-06-19,SET,SET,100000000170,PEN,REMARKS_170,XREF_170,F,R,8344,N,N,2026-06-19,TRN000000000170
021,100000000171,5609,O,2026-06-20,7515.500,2026-06-20,SET,SET,100000000171,EUR,REMARKS_171,XREF_171,F,R,20160,Y,Y,2026-06-20,TRN000000000171
022,100000000172,1622,O,2026-06-21,1955.500,2026-06-21,SET,SET,100000000172,BRL,REMARKS_172,XREF_172,F,R,13018,N,N,2026-06-21,TRN000000000172
023,100000000173,8241,O,2026-06-22,19133.300,2026-06-22,SET,SET,100000000173,USD,REMARKS_173,XREF_173,F,R,11239,N,N,2026-06-22,TRN000000000173
024,100000000174,10,O,2026-06-23,11593.000,2026-06-23,SET,SET,100000000174,PEN,REMARKS_174,XREF_174,F,R,7717,N,N,2026-06-23,TRN000000000174
025,100000000175,588,O,2026-06-24,8656.400,2026-06-24,SET,SET,100000000175,EUR,REMARKS_175,XREF_175,F,R,16071,N,N,2026-06-24,TRN000000000175
001,100000000176,2336,O,2026-06-25,48.800,2026-06-25,SET,SET,100000000176,BRL,REMARKS_176,XREF_176,F,R,4400,Y,Y,2026-06-25,TRN000000000176
002,100000000177,9816,O,2026-06-26,16359.500,2026-06-26,SET,SET,100000000177,USD,REMARKS_177,XREF_177,F,R,3837,N,N,2026-06-26,TRN000000000177
003,100000000178,2447,O,2026-06-27,2219.700,2026-06-27,SET,SET,100000000178,PEN,REMARKS_178,XREF_178,F,R,6269,N,N,2026-06-27,TRN000000000178
004,100000000179,229,O,2026-06-28,1480.000,2026-06-28,SET,SET,100000000179,EUR,REMARKS_179,XREF_179,F,R,14381,N,N,2026-06-28,TRN000000000179
005,100000000180,4452,O,2026-06-29,20022.000,2026-06-29,SET,SET,100000000180,BRL,REMARKS_180,XREF_180,F,R,3230,N,N,2026-06-29,TRN000000000180
006,100000000181,7349,O,2026-06-30,12984.600,2026-06-30,SET,SET,100000000181,USD,REMARKS_181,XREF_181,F,R,10609,Y,Y,2026-06-30,TRN000000000181
007,100000000182,5289,O,2026-07-01,9390.700,2026-07-01,SET,SET,100000000182,PEN,REMARKS_182,XREF_182,F,R,5707,N,N,2026-07-01,TRN000000000182
008,100000000183,6189,O,2026-07-02,9969.900,2026-07-02,SET,SET,100000000183,EUR,REMARKS_183,XREF_183,F,R,5331,N,N,2026-07-02,TRN000000000183
009,100000000184,992,O,2026-07-03,3458.400,2026-07-03,SET,SET,100000000184,BRL,REMARKS_184,XREF_184,F,R,5872,N,N,2026-07-03,TRN000000000184
010,100000000185,3966,O,2026-07-04,17021.100,2026-07-04,SET,SET,100000000185,USD,REMARKS_185,XREF_185,F,R,16596,N,N,2026-07-04,TRN000000000185
011,100000000186,8266,O,2026-07-05,147232.800,2026-07-05,SET,SET,100000000186,PEN,REMARKS_186,XREF_186,F,R,33693,Y,Y,2026-07-05,TRN000000000186
012,100000000187,4501,O,2026-07-06,15773.600,2026-07-06,SET,SET,100000000187,EUR,REMARKS_187,XREF_187,F,R,17477,N,N,2026-07-06,TRN000000000187
013,100000000188,2231,O,2026-07-07,15302.300,2026-07-07,SET,SET,100000000188,BRL,REMARKS_188,XREF_188,F,R,3150,N,N,2026-07-07,TRN000000000188
014,100000000189,2924,O,2026-07-08,4469.600,2026-07-08,SET,SET,100000000189,USD,REMARKS_189,XREF_189,F,R,17512,N,N,2026-07-08,TRN000000000189
015,100000000190,7121,O,2026-07-09,17361.900,2026-07-09,SET,SET,100000000190,PEN,REMARKS_190,XREF_190,F,R,2637,N,N,2026-07-09,TRN000000000190
016,100000000191,1065,O,2026-07-10,4591.800,2026-07-10,SET,SET,100000000191,EUR,REMARKS_191,XREF_191,F,R,4824,Y,Y,2026-07-10,TRN000000000191
017,100000000192,7617,O,2026-07-11,4247.900,2026-07-11,SET,SET,100000000192,BRL,REMARKS_192,XREF_192,F,R,3455,N,N,2026-07-11,TRN000000000192
018,100000000193,6624,O,2026-07-12,20958.200,2026-07-12,SET,SET,100000000193,USD,REMARKS_193,XREF_193,F,R,8718,N,N,2026-07-12,TRN000000000193
019,100000000194,2398,O,2026-07-13,7145.200,2026-07-13,SET,SET,100000000194,PEN,REMARKS_194,XREF_194,F,R,4721,N,N,2026-07-13,TRN000000000194
020,100000000195,4583,O,2026-07-14,5965.700,2026-07-14,SET,SET,100000000195,EUR,REMARKS_195,XREF_195,F,R,6026,N,N,2026-07-14,TRN000000000195
021,100000000196,8704,O,2026-07-15,7881.900,2026-07-15,SET,SET,100000000196,BRL,REMARKS_196,XREF_196,F,R,23291,Y,Y,2026-07-15,TRN000000000196
022,100000000197,2106,O,2026-07-16,17490.800,2026-07-16,SET,SET,100000000197,USD,REMARKS_197,XREF_197,F,R,16925,N,N,2026-07-16,TRN000000000197
023,100000000198,2536,O,2026-07-17,1503.900,2026-07-17,SET,SET,100000000198,PEN,REMARKS_198,XREF_198,F,R,4187,N,N,2026-07-17,TRN000000000198
024,100000000199,941,O,2026-07-18,23396.000,2026-07-18,SET,SET,100000000199,EUR,REMARKS_199,XREF_199,F,R,2664,N,N,2026-07-18,TRN000000000199
025,100000000200,7717,O,2026-07-19,83.200,2026-07-19,SET,SET,100000000200,BRL,REMARKS_200,XREF_200,F,R,7892,N,N,2026-07-19,TRN000000000200
001,100000000201,7816,O,2026-07-20,2090.100,2026-07-20,SET,SET,100000000201,USD,REMARKS_201,XREF_201,F,R,23768,Y,Y,2026-07-20,TRN000000000201
002,100000000202,8426,O,2026-07-21,5078.400,2026-07-21,SET,SET,100000000202,PEN,REMARKS_202,XREF_202,F,R,22475,N,N,2026-07-21,TRN000000000202
003,100000000203,269,O,2026-07-22,2950.100,2026-07-22,SET,SET,100000000203,EUR,REMARKS_203,XREF_203,F,R,2773,N,N,2026-07-22,TRN000000000203
004,100000000204,1299,O,2026-07-23,15494.000,2026-07-23,SET,SET,100000000204,BRL,REMARKS_204,XREF_204,F,R,14389,N,N,2026-07-23,TRN000000000204
005,100000000205,9265,O,2026-07-24,1154.200,2026-07-24,SET,SET,100000000205,USD,REMARKS_205,XREF_205,F,R,20795,N,N,2026-07-24,TRN000000000205
006,100000000206,8765,O,2026-07-25,2339.500,2026-07-25,SET,SET,100000000206,PEN,REMARKS_206,XREF_206,F,R,4673,Y,Y,2026-07-25,TRN000000000206
007,100000000207,1854,O,2026-07-26,19728.200,2026-07-26,SET,SET,100000000207,EUR,REMARKS_207,XREF_207,F,R,24285,N,N,2026-07-26,TRN000000000207
008,100000000208,5620,O,2026-07-27,7422.100,2026-07-27,SET,SET,100000000208,BRL,REMARKS_208,XREF_208,F,R,20908,N,N,2026-07-27,TRN000000000208
009,100000000209,9004,O,2026-07-28,20481.900,2026-07-28,SET,SET,100000000209,USD,REMARKS_209,XREF_209,F,R,4081,N,N,2026-07-28,TRN000000000209
010,100000000210,2361,O,2026-07-29,19677.200,2026-07-29,SET,SET,100000000210,PEN,REMARKS_210,XREF_210,F,R,6134,N,N,2026-07-29,TRN000000000210
011,100000000211,1924,O,2026-07-30,4552.100,2026-07-30,SET,SET,100000000211,EUR,REMARKS_211,XREF_211,F,R,24108,Y,Y,2026-07-30,TRN000000000211
012,100000000212,6604,O,2026-07-31,209.000,2026-07-31,SET,SET,100000000212,BRL,REMARKS_212,XREF_212,F,R,22093,N,N,2026-07-31,TRN000000000212
013,100000000213,2269,O,2026-08-01,9685.000,2026-08-01,SET,SET,100000000213,USD,REMARKS_213,XREF_213,F,R,2702,N,N,2026-08-01,TRN000000000213
014,100000000214,1105,O,2026-08-02,18098.200,2026-08-02,SET,SET,100000000214,PEN,REMARKS_214,XREF_214,F,R,13049,N,N,2026-08-02,TRN000000000214
015,100000000215,943,O,2026-08-03,15722.700,2026-08-03,SET,SET,100000000215,EUR,REMARKS_215,XREF_215,F,R,6871,N,N,2026-08-03,TRN000000000215
016,100000000216,593,O,2026-08-04,7291.700,2026-08-04,SET,SET,100000000216,BRL,REMARKS_216,XREF_216,F,R,3851,Y,Y,2026-08-04,TRN000000000216
017,100000000217,4463,O,2026-08-05,19967.300,2026-08-05,SET,SET,100000000217,USD,REMARKS_217,XREF_217,F,R,11735,N,N,2026-08-05,TRN000000000217
018,100000000218,3485,O,2026-08-06,12540.300,2026-08-06,SET,SET,100000000218,PEN,REMARKS_218,XREF_218,F,R,19661,N,N,2026-08-06,TRN000000000218
019,100000000219,5765,O,2026-08-07,22037.900,2026-08-07,SET,SET,100000000219,EUR,REMARKS_219,XREF_219,F,R,13496,N,N,2026-08-07,TRN000000000219
020,100000000220,1119,O,2026-08-08,5224.200,2026-08-08,SET,SET,100000000220,BRL,REMARKS_220,XREF_220,F,R,6502,N,N,2026-08-08,TRN000000000220
021,100000000221,4682,O,2026-08-09,19931.300,2026-08-09,SET,SET,100000000221,USD,REMARKS_221,XREF_221,F,R,10783,Y,Y,2026-08-09,TRN000000000221
022,100000000222,9511,O,2026-08-10,1237.300,2026-08-10,SET,SET,100000000222,PEN,REMARKS_222,XREF_222,F,R,12873,N,N,2026-08-10,TRN000000000222
023,100000000223,2084,O,2026-08-11,119394.400,2026-08-11,SET,SET,100000000223,EUR,REMARKS_223,XREF_223,F,R,163580,N,N,2026-08-11,TRN000000000223
024,100000000224,7699,O,2026-08-12,16406.600,2026-08-12,SET,SET,100000000224,BRL,REMARKS_224,XREF_224,F,R,20105,N,N,2026-08-12,TRN000000000224
025,100000000225,843,O,2026-08-13,3101.300,2026-08-13,SET,SET,100000000225,USD,REMARKS_225,XREF_225,F,R,24835,N,N,2026-08-13,TRN000000000225
001,100000000226,6731,O,2026-08-14,11508.300,2026-08-14,SET,SET,100000000226,PEN,REMARKS_226,XREF_226,F,R,22636,Y,Y,2026-08-14,TRN000000000226
002,100000000227,7438,O,2026-08-15,24011.800,2026-08-15,SET,SET,100000000227,EUR,REMARKS_227,XREF_227,F,R,21111,N,N,2026-08-15,TRN000000000227
003,100000000228,1912,O,2026-08-16,12669.600,2026-08-16,SET,SET,100000000228,BRL,REMARKS_228,XREF_228,F,R,20721,N,N,2026-08-16,TRN000000000228
004,100000000229,2128,O,2026-08-17,9266.900,2026-08-17,SET,SET,100000000229,USD,REMARKS_229,XREF_229,F,R,10528,N,N,2026-08-17,TRN000000000229
005,100000000230,6678,O,2026-08-18,21106.600,2026-08-18,SET,SET,100000000230,PEN,REMARKS_230,XREF_230,F,R,4704,N,N,2026-08-18,TRN000000000230
006,100000000231,8387,O,2026-08-19,22969.200,2026-08-19,SET,SET,100000000231,EUR,REMARKS_231,XREF_231,F,R,16467,Y,Y,2026-08-19,TRN000000000231
007,100000000232,7118,O,2026-08-20,4410.900,2026-08-20,SET,SET,100000000232,BRL,REMARKS_232,XREF_232,F,R,7266,N,N,2026-08-20,TRN000000000232
008,100000000233,4545,O,2026-08-21,9300.500,2026-08-21,SET,SET,100000000233,USD,REMARKS_233,XREF_233,F,R,21941,N,N,2026-08-21,TRN000000000233
009,100000000234,1937,O,2026-08-22,12695.000,2026-08-22,SET,SET,100000000234,PEN,REMARKS_234,XREF_234,F,R,19716,N,N,2026-08-22,TRN000000000234
010,100000000235,1984,O,2026-08-23,1557.800,2026-08-23,SET,SET,100000000235,EUR,REMARKS_235,XREF_235,F,R,6113,N,N,2026-08-23,TRN000000000235
011,100000000236,4445,O,2026-08-24,4374.400,2026-08-24,SET,SET,100000000236,BRL,REMARKS_236,XREF_236,F,R,17154,Y,Y,2026-08-24,TRN000000000236
012,100000000237,9687,O,2026-08-25,18952.000,2026-08-25,SET,SET,100000000237,USD,REMARKS_237,XREF_237,F,R,6079,N,N,2026-08-25,TRN000000000237
013,100000000238,8510,O,2026-08-26,15832.400,2026-08-26,SET,SET,100000000238,PEN,REMARKS_238,XREF_238,F,R,1446,N,N,2026-08-26,TRN000000000238
014,100000000239,612,O,2026-08-27,14658.400,2026-08-27,SET,SET,100000000239,EUR,REMARKS_239,XREF_239,F,R,7011,N,N,2026-08-27,TRN000000000239
015,100000000240,8910,O,2026-08-28,15944.500,2026-08-28,SET,SET,100000000240,BRL,REMARKS_240,XREF_240,F,R,7263,N,N,2026-08-28,TRN000000000240
016,100000000241,3371,O,2026-08-29,17517.100,2026-08-29,SET,SET,100000000241,USD,REMARKS_241,XREF_241,F,R,17276,Y,Y,2026-08-29,TRN000000000241
017,100000000242,4661,O,2026-08-30,11472.900,2026-08-30,SET,SET,100000000242,PEN,REMARKS_242,XREF_242,F,R,22998,N,N,2026-08-30,TRN000000000242
018,100000000243,6022,O,2026-08-31,5883.200,2026-08-31,SET,SET,100000000243,EUR,REMARKS_243,XREF_243,F,R,12155,N,N,2026-08-31,TRN000000000243
019,100000000244,5632,O,2026-09-01,4978.700,2026-09-01,SET,SET,100000000244,BRL,REMARKS_244,XREF_244,F,R,21230,N,N,2026-09-01,TRN000000000244
020,100000000245,2131,O,2026-09-02,15190.000,2026-09-02,SET,SET,100000000245,USD,REMARKS_245,XREF_245,F,R,24881,N,N,2026-09-02,TRN000000000245
021,100000000246,107,O,2026-09-03,6051.900,2026-09-03,SET,SET,100000000246,PEN,REMARKS_246,XREF_246,F,R,4462,Y,Y,2026-09-03,TRN000000000246
022,100000000247,539,O,2026-09-04,16365.600,2026-09-04,SET,SET,100000000247,EUR,REMARKS_247,XREF_247,F,R,21710,N,N,2026-09-04,TRN000000000247
023,100000000248,23,O,2026-09-05,2852.900,2026-09-05,SET,SET,100000000248,BRL,REMARKS_248,XREF_248,F,R,14364,N,N,2026-09-05,TRN000000000248
024,100000000249,5082,O,2026-09-06,16543.400,2026-09-06,SET,SET,100000000249,USD,REMARKS_249,XREF_249,F,R,10109,N,N,2026-09-06,TRN000000000249
025,100000000250,7381,O,2026-09-07,4439.800,2026-09-07,SET,SET,100000000250,PEN,REMARKS_250,XREF_250,F,R,11956,N,N,2026-09-07,TRN000000000250
001,100000000251,2856,O,2026-09-08,9302.900,2026-09-08,SET,SET,100000000251,EUR,REMARKS_251,XREF_251,F,R,13541,Y,Y,2026-09-08,TRN000000000251
002,100000000252,5944,O,2026-09-09,3289.700,2026-09-09,SET,SET,100000000252,BRL,REMARKS_252,XREF_252,F,R,5751,N,N,2026-09-09,TRN000000000252
003,100000000253,509,O,2026-09-10,21723.200,2026-09-10,SET,SET,100000000253,USD,REMARKS_253,XREF_253,F,R,22349,N,N,2026-09-10,TRN000000000253
004,100000000254,9530,O,2026-09-11,16923.300,2026-09-11,SET,SET,100000000254,PEN,REMARKS_254,XREF_254,F,R,24503,N,N,2026-09-11,TRN000000000254
005,100000000255,2875,O,2026-09-12,179.900,2026-09-12,SET,SET,100000000255,EUR,REMARKS_255,XREF_255,F,R,22741,N,N,2026-09-12,TRN000000000255
006,100000000256,6042,O,2026-09-13,6541.900,2026-09-13,SET,SET,100000000256,BRL,REMARKS_256,XREF_256,F,R,2513,Y,Y,2026-09-13,TRN000000000256
007,100000000257,1375,O,2026-09-14,4500.800,2026-09-14,SET,SET,100000000257,USD,REMARKS_257,XREF_257,F,R,15335,N,N,2026-09-14,TRN000000000257
008,100000000258,7990,O,2026-09-15,7843.200,2026-09-15,SET,SET,100000000258,PEN,REMARKS_258,XREF_258,F,R,14375,N,N,2026-09-15,TRN000000000258
009,100000000259,803,O,2026-09-16,6838.000,2026-09-16,SET,SET,100000000259,EUR,REMARKS_259,XREF_259,F,R,13062,N,N,2026-09-16,TRN000000000259
010,100000000260,9335,O,2026-09-17,152793.600,2026-09-17,SET,SET,100000000260,BRL,REMARKS_260,XREF_260,F,R,150761,N,N,2026-09-17,TRN000000000260
011,100000000261,8952,O,2026-09-18,20723.400,2026-09-18,SET,SET,100000000261,USD,REMARKS_261,XREF_261,F,R,18740,Y,Y,2026-09-18,TRN000000000261
012,100000000262,9135,O,2026-09-19,1492.400,2026-09-19,SET,SET,100000000262,PEN,REMARKS_262,XREF_262,F,R,5296,N,N,2026-09-19,TRN000000000262
013,100000000263,2337,O,2026-09-20,10082.100,2026-09-20,SET,SET,100000000263,EUR,REMARKS_263,XREF_263,F,R,11637,N,N,2026-09-20,TRN000000000263
014,100000000264,1840,O,2026-09-21,10058.300,2026-09-21,SET,SET,100000000264,BRL,REMARKS_264,XREF_264,F,R,8666,N,N,2026-09-21,TRN000000000264
015,100000000265,1249,O,2026-09-22,23857.800,2026-09-22,SET,SET,100000000265,USD,REMARKS_265,XREF_265,F,R,16903,N,N,2026-09-22,TRN000000000265
016,100000000266,2088,O,2026-09-23,8487.800,2026-09-23,SET,SET,100000000266,PEN,REMARKS_266,XREF_266,F,R,1476,Y,Y,2026-09-23,TRN000000000266
017,100000000267,5431,O,2026-09-24,20865.000,2026-09-24,SET,SET,100000000267,EUR,REMARKS_267,XREF_267,F,R,23839,N,N,2026-09-24,TRN000000000267
018,100000000268,8719,O,2026-09-25,4992.900,2026-09-25,SET,SET,100000000268,BRL,REMARKS_268,XREF_268,F,R,22463,N,N,2026-09-25,TRN000000000268
019,100000000269,4340,O,2026-09-26,23307.900,2026-09-26,SET,SET,100000000269,USD,REMARKS_269,XREF_269,F,R,11552,N,N,2026-09-26,TRN000000000269
020,100000000270,4957,O,2026-09-27,12170.900,2026-09-27,SET,SET,100000000270,PEN,REMARKS_270,XREF_270,F,R,14854,N,N,2026-09-27,TRN000000000270
021,100000000271,4745,O,2026-09-28,2472.100,2026-09-28,SET,SET,100000000271,EUR,REMARKS_271,XREF_271,F,R,8385,Y,Y,2026-09-28,TRN000000000271
022,100000000272,5805,O,2026-09-29,14801.900,2026-09-29,SET,SET,100000000272,BRL,REMARKS_272,XREF_272,F,R,23117,N,N,2026-09-29,TRN000000000272
023,100000000273,24,O,2026-09-30,15820.000,2026-09-30,SET,SET,100000000273,USD,REMARKS_273,XREF_273,F,R,20498,N,N,2026-09-30,TRN000000000273
024,100000000274,8093,O,2026-10-01,20996.200,2026-10-01,SET,SET,100000000274,PEN,REMARKS_274,XREF_274,F,R,21061,N,N,2026-10-01,TRN000000000274
025,100000000275,8308,O,2026-10-02,21624.700,2026-10-02,SET,SET,100000000275,EUR,REMARKS_275,XREF_275,F,R,23798,N,N,2026-10-02,TRN000000000275
001,100000000276,1130,O,2026-10-03,21593.200,2026-10-03,SET,SET,100000000276,BRL,REMARKS_276,XREF_276,F,R,18276,Y,Y,2026-10-03,TRN000000000276
002,100000000277,6828,O,2026-10-04,21886.000,2026-10-04,SET,SET,100000000277,USD,REMARKS_277,XREF_277,F,R,4669,N,N,2026-10-04,TRN000000000277
003,100000000278,5176,O,2026-10-05,11549.500,2026-10-05,SET,SET,100000000278,PEN,REMARKS_278,XREF_278,F,R,10331,N,N,2026-10-05,TRN000000000278
004,100000000279,5562,O,2026-10-06,19694.500,2026-10-06,SET,SET,100000000279,EUR,REMARKS_279,XREF_279,F,R,11168,N,N,2026-10-06,TRN000000000279
005,100000000280,1267,O,2026-10-07,3178.800,2026-10-07,SET,SET,100000000280,BRL,REMARKS_280,XREF_280,F,R,21396,N,N,2026-10-07,TRN000000000280
006,100000000281,5169,O,2026-10-08,19986.900,2026-10-08,SET,SET,100000000281,USD,REMARKS_281,XREF_281,F,R,24805,Y,Y,2026-10-08,TRN000000000281
007,100000000282,9427,O,2026-10-09,4390.100,2026-10-09,SET,SET,100000000282,PEN,REMARKS_282,XREF_282,F,R,9507,N,N,2026-10-09,TRN000000000282
008,100000000283,3736,O,2026-10-10,8131.600,2026-10-10,SET,SET,100000000283,EUR,REMARKS_283,XREF_283,F,R,17167,N,N,2026-10-10,TRN000000000283
009,100000000284,6413,O,2026-10-11,2629.900,2026-10-11,SET,SET,100000000284,BRL,REMARKS_284,XREF_284,F,R,5161,N,N,2026-10-11,TRN000000000284
010,100000000285,4976,O,2026-10-12,10734.800,2026-10-12,SET,SET,100000000285,USD,REMARKS_285,XREF_285,F,R,18556,N,N,2026-10-12,TRN000000000285
011,100000000286,8326,O,2026-10-13,13538.500,2026-10-13,SET,SET,100000000286,PEN,REMARKS_286,XREF_286,F,R,4692,Y,Y,2026-10-13,TRN000000000286
012,100000000287,6782,O,2026-10-14,5223.200,2026-10-14,SET,SET,100000000287,EUR,REMARKS_287,XREF_287,F,R,14141,N,N,2026-10-14,TRN000000000287
013,100000000288,9079,O,2026-10-15,11530.900,2026-10-15,SET,SET,100000000288,BRL,REMARKS_288,XREF_288,F,R,21857,N,N,2026-10-15,TRN000000000288
014,100000000289,8410,O,2026-10-16,4897.400,2026-10-16,SET,SET,100000000289,USD,REMARKS_289,XREF_289,F,R,12740,N,N,2026-10-16,TRN000000000289
015,100000000290,126,O,2026-10-17,8665.400,2026-10-17,SET,SET,100000000290,PEN,REMARKS_290,XREF_290,F,R,263,N,N,2026-10-17,TRN000000000290
016,100000000291,1559,O,2026-10-18,18349.400,2026-10-18,SET,SET,100000000291,EUR,REMARKS_291,XREF_291,F,R,23506,Y,Y,2026-10-18,TRN000000000291
017,100000000292,4071,O,2026-10-19,14163.300,2026-10-19,SET,SET,100000000292,BRL,REMARKS_292,XREF_292,F,R,9896,N,N,2026-10-19,TRN000000000292
018,100000000293,8132,O,2026-10-20,5467.200,2026-10-20,SET,SET,100000000293,USD,REMARKS_293,XREF_293,F,R,12087,N,N,2026-10-20,TRN000000000293
019,100000000294,126,O,2026-10-21,24582.700,2026-10-21,SET,SET,100000000294,PEN,REMARKS_294,XREF_294,F,R,6451,N,N,2026-10-21,TRN000000000294
020,100000000295,7042,O,2026-10-22,3946.900,2026-10-22,SET,SET,100000000295,EUR,REMARKS_295,XREF_295,F,R,11570,N,N,2026-10-22,TRN000000000295
021,100000000296,9317,O,2026-10-23,13342.100,2026-10-23,SET,SET,100000000296,BRL,REMARKS_296,XREF_296,F,R,20170,Y,Y,2026-10-23,TRN000000000296
022,100000000297,5582,O,2026-10-24,140584.000,2026-10-24,SET,SET,100000000297,USD,REMARKS_297,XREF_297,F,R,18327,N,N,2026-10-24,TRN000000000297
023,100000000298,5908,O,2026-10-25,18415.900,2026-10-25,SET,SET,100000000298,PEN,REMARKS_298,XREF_298,F,R,10987,N,N,2026-10-25,TRN000000000298
024,100000000299,7081,O,2026-10-26,13768.800,2026-10-26,SET,SET,100000000299,EUR,REMARKS_299,XREF_299,F,R,4144,N,N,2026-10-26,TRN000000000299
025,100000000300,4381,O,2026-10-27,1162.100,2026-10-27,SET,SET,100000000300,BRL,REMARKS_300,XREF_300,F,R,14292,N,N,2026-10-27,TRN000000000300
001,100000000301,1709,O,2026-10-28,24431.900,2026-10-28,SET,SET,100000000301,USD,REMARKS_301,XREF_301,F,R,22106,Y,Y,2026-10-28,TRN000000000301
002,100000000302,4142,O,2026-10-29,9120.800,2026-10-29,SET,SET,100000000302,PEN,REMARKS_302,XREF_302,F,R,12376,N,N,2026-10-29,TRN000000000302
003,100000000303,862,O,2026-10-30,19753.900,2026-10-30,SET,SET,100000000303,EUR,REMARKS_303,XREF_303,F,R,17918,N,N,2026-10-30,TRN000000000303
004,100000000304,5194,O,2026-10-31,3586.800,2026-10-31,SET,SET,100000000304,BRL,REMARKS_304,XREF_304,F,R,24805,N,N,2026-10-31,TRN000000000304
005,100000000305,7585,O,2026-11-01,17696.900,2026-11-01,SET,SET,100000000305,USD,REMARKS_305,XREF_305,F,R,19881,N,N,2026-11-01,TRN000000000305
006,100000000306,207,O,2026-11-02,9968.200,2026-11-02,SET,SET,100000000306,PEN,REMARKS_306,XREF_306,F,R,21632,Y,Y,2026-11-02,TRN000000000306
007,100000000307,3111,O,2026-11-03,1227.500,2026-11-03,SET,SET,100000000307,EUR,REMARKS_307,XREF_307,F,R,12967,N,N,2026-11-03,TRN000000000307
008,100000000308,7243,O,2026-11-04,8102.000,2026-11-04,SET,SET,100000000308,BRL,REMARKS_308,XREF_308,F,R,12220,N,N,2026-11-04,TRN000000000308
009,100000000309,5353,O,2026-11-05,17502.500,2026-11-05,SET,SET,100000000309,USD,REMARKS_309,XREF_309,F,R,22561,N,N,2026-11-05,TRN000000000309
010,100000000310,6404,O,2026-11-06,2450.600,2026-11-06,SET,SET,100000000310,PEN,REMARKS_310,XREF_310,F,R,15961,N,N,2026-11-06,TRN000000000310
011,100000000311,5584,O,2026-11-07,9912.300,2026-11-07,SET,SET,100000000311,EUR,REMARKS_311,XREF_311,F,R,16064,Y,Y,2026-11-07,TRN000000000311
012,100000000312,9399,O,2026-11-08,23238.600,2026-11-08,SET,SET,100000000312,BRL,REMARKS_312,XREF_312,F,R,17956,N,N,2026-11-08,TRN000000000312
013,100000000313,8194,O,2026-11-09,11275.700,2026-11-09,SET,SET,100000000313,USD,REMARKS_313,XREF_313,F,R,18538,N,N,2026-11-09,TRN000000000313
014,100000000314,2867,O,2026-11-10,12201.700,2026-11-10,SET,SET,100000000314,PEN,REMARKS_314,XREF_314,F,R,1790,N,N,2026-11-10,TRN000000000314
015,100000000315,6277,O,2026-11-11,1110.800,2026-11-11,SET,SET,100000000315,EUR,REMARKS_315,XREF_315,F,R,7376,N,N,2026-11-11,TRN000000000315
016,100000000316,3680,O,2026-11-12,3581.800,2026-11-12,SET,SET,100000000316,BRL,REMARKS_316,XREF_316,F,R,22239,Y,Y,2026-11-12,TRN000000000316
017,100000000317,5716,O,2026-11-13,2621.900,2026-11-13,SET,SET,100000000317,USD,REMARKS_317,XREF_317,F,R,21721,N,N,2026-11-13,TRN000000000317
018,100000000318,7304,O,2026-11-14,21237.500,2026-11-14,SET,SET,100000000318,PEN,REMARKS_318,XREF_318,F,R,21195,N,N,2026-11-14,TRN000000000318
019,100000000319,9472,O,2026-11-15,16228.400,2026-11-15,SET,SET,100000000319,EUR,REMARKS_319,XREF_319,F,R,22984,N,N,2026-11-15,TRN000000000319
020,100000000320,9020,O,2026-11-16,24811.100,2026-11-16,SET,SET,100000000320,BRL,REMARKS_320,XREF_320,F,R,9079,N,N,2026-11-16,TRN000000000320
021,100000000321,9184,O,2026-11-17,20337.100,2026-11-17,SET,SET,100000000321,USD,REMARKS_321,XREF_321,F,R,21223,Y,Y,2026-11-17,TRN000000000321
022,100000000322,1007,O,2026-11-18,11555.900,2026-11-18,SET,SET,100000000322,PEN,REMARKS_322,XREF_322,F,R,14917,N,N,2026-11-18,TRN000000000322
023,100000000323,7220,O,2026-11-19,120.200,2026-11-19,SET,SET,100000000323,EUR,REMARKS_323,XREF_323,F,R,13316,N,N,2026-11-19,TRN000000000323
024,100000000324,6309,O,2026-11-20,6428.000,2026-11-20,SET,SET,100000000324,BRL,REMARKS_324,XREF_324,F,R,3270,N,N,2026-11-20,TRN000000000324
025,100000000325,8937,O,2026-11-21,3892.100,2026-11-21,SET,SET,100000000325,USD,REMARKS_325,XREF_325,F,R,17055,N,N,2026-11-21,TRN000000000325
001,100000000326,2000,O,2026-11-22,12929.200,2026-11-22,SET,SET,100000000326,PEN,REMARKS_326,XREF_326,F,R,6447,Y,Y,2026-11-22,TRN000000000326
002,100000000327,715,O,2026-11-23,24326.800,2026-11-23,SET,SET,100000000327,EUR,REMARKS_327,XREF_327,F,R,10907,N,N,2026-11-23,TRN000000000327
003,100000000328,6853,O,2026-11-24,2582.000,2026-11-24,SET,SET,100000000328,BRL,REMARKS_328,XREF_328,F,R,16294,N,N,2026-11-24,TRN000000000328
004,100000000329,1969,O,2026-11-25,22202.600,2026-11-25,SET,SET,100000000329,USD,REMARKS_329,XREF_329,F,R,22255,N,N,2026-11-25,TRN000000000329
005,100000000330,4516,O,2026-11-26,3858.000,2026-11-26,SET,SET,100000000330,PEN,REMARKS_330,XREF_330,F,R,7025,N,N,2026-11-26,TRN000000000330
006,100000000331,2123,O,2026-11-27,6510.000,2026-11-27,SET,SET,100000000331,EUR,REMARKS_331,XREF_331,F,R,21881,Y,Y,2026-11-27,TRN000000000331
007,100000000332,6604,O,2026-11-28,18242.300,2026-11-28,SET,SET,100000000332,BRL,REMARKS_332,XREF_332,F,R,9691,N,N,2026-11-28,TRN000000000332
008,100000000333,2202,O,2026-11-29,6887.000,2026-11-29,SET,SET,100000000333,USD,REMARKS_333,XREF_333,F,R,12886,N,N,2026-11-29,TRN000000000333
009,100000000334,4230,O,2026-11-30,97284.000,2026-11-30,SET,SET,100000000334,PEN,REMARKS_334,XREF_334,F,R,54448,N,N,2026-11-30,TRN000000000334
010,100000000335,9220,O,2026-12-01,16399.800,2026-12-01,SET,SET,100000000335,EUR,REMARKS_335,XREF_335,F,R,11790,N,N,2026-12-01,TRN000000000335
011,100000000336,4162,O,2026-12-02,21128.900,2026-12-02,SET,SET,100000000336,BRL,REMARKS_336,XREF_336,F,R,3004,Y,Y,2026-12-02,TRN000000000336
012,100000000337,7097,O,2026-12-03,23191.400,2026-12-03,SET,SET,100000000337,USD,REMARKS_337,XREF_337,F,R,17462,N,N,2026-12-03,TRN000000000337
013,100000000338,4748,O,2026-12-04,11725.200,2026-12-04,SET,SET,100000000338,PEN,REMARKS_338,XREF_338,F,R,17067,N,N,2026-12-04,TRN000000000338
014,100000000339,2844,O,2026-12-05,11407.000,2026-12-05,SET,SET,100000000339,EUR,REMARKS_339,XREF_339,F,R,21062,N,N,2026-12-05,TRN000000000339
015,100000000340,331,O,2026-12-06,22274.400,2026-12-06,SET,SET,100000000340,BRL,REMARKS_340,XREF_340,F,R,8359,N,N,2026-12-06,TRN000000000340
016,100000000341,1896,O,2026-12-07,4547.900,2026-12-07,SET,SET,100000000341,USD,REMARKS_341,XREF_341,F,R,8107,Y,Y,2026-12-07,TRN000000000341
017,100000000342,6727,O,2026-12-08,15602.200,2026-12-08,SET,SET,100000000342,PEN,REMARKS_342,XREF_342,F,R,12603,N,N,2026-12-08,TRN000000000342
018,100000000343,8733,O,2026-12-09,14329.600,2026-12-09,SET,SET,100000000343,EUR,REMARKS_343,XREF_343,F,R,23472,N,N,2026-12-09,TRN000000000343
019,100000000344,7018,O,2026-12-10,7236.100,2026-12-10,SET,SET,100000000344,BRL,REMARKS_344,XREF_344,F,R,13905,N,N,2026-12-10,TRN000000000344
020,100000000345,1571,O,2026-12-11,4422.100,2026-12-11,SET,SET,100000000345,USD,REMARKS_345,XREF_345,F,R,3444,N,N,2026-12-11,TRN000000000345
021,100000000346,9518,O,2026-12-12,4068.400,2026-12-12,SET,SET,100000000346,PEN,REMARKS_346,XREF_346,F,R,18668,Y,Y,2026-12-12,TRN000000000346
022,100000000347,7669,O,2026-12-13,14694.900,2026-12-13,SET,SET,100000000347,EUR,REMARKS_347,XREF_347,F,R,1433,N,N,2026-12-13,TRN000000000347
023,100000000348,5126,O,2026-12-14,2257.600,2026-12-14,SET,SET,100000000348,BRL,REMARKS_348,XREF_348,F,R,15160,N,N,2026-12-14,TRN000000000348
024,100000000349,1043,O,2026-12-15,9170.600,2026-12-15,SET,SET,100000000349,USD,REMARKS_349,XREF_349,F,R,1400,N,N,2026-12-15,TRN000000000349
025,100000000350,2474,O,2026-12-16,8118.600,2026-12-16,SET,SET,100000000350,PEN,REMARKS_350,XREF_350,F,R,2897,N,N,2026-12-16,TRN000000000350
001,100000000351,6178,O,2026-12-17,9567.800,2026-12-17,SET,SET,100000000351,EUR,REMARKS_351,XREF_351,F,R,24928,Y,Y,2026-12-17,TRN000000000351
002,100000000352,4336,O,2026-12-18,19057.100,2026-12-18,SET,SET,100000000352,BRL,REMARKS_352,XREF_352,F,R,20631,N,N,2026-12-18,TRN000000000352
003,100000000353,537,O,2026-12-19,3376.400,2026-12-19,SET,SET,100000000353,USD,REMARKS_353,XREF_353,F,R,23551,N,N,2026-12-19,TRN000000000353
004,100000000354,4507,O,2026-12-20,24060.000,2026-12-20,SET,SET,100000000354,PEN,REMARKS_354,XREF_354,F,R,15940,N,N,2026-12-20,TRN000000000354
005,100000000355,4364,O,2026-12-21,10195.200,2026-12-21,SET,SET,100000000355,EUR,REMARKS_355,XREF_355,F,R,6441,N,N,2026-12-21,TRN000000000355
006,100000000356,1991,O,2026-12-22,17510.500,2026-12-22,SET,SET,100000000356,BRL,REMARKS_356,XREF_356,F,R,3473,Y,Y,2026-12-22,TRN000000000356
007,100000000357,8232,O,2026-12-23,5512.600,2026-12-23,SET,SET,100000000357,USD,REMARKS_357,XREF_357,F,R,22747,N,N,2026-12-23,TRN000000000357
008,100000000358,6964,O,2026-12-24,460.000,2026-12-24,SET,SET,100000000358,PEN,REMARKS_358,XREF_358,F,R,18902,N,N,2026-12-24,TRN000000000358
009,100000000359,4192,O,2026-12-25,2505.400,2026-12-25,SET,SET,100000000359,EUR,REMARKS_359,XREF_359,F,R,20420,N,N,2026-12-25,TRN000000000359
010,100000000360,255,O,2026-12-26,11981.200,2026-12-26,SET,SET,100000000360,BRL,REMARKS_360,XREF_360,F,R,11634,N,N,2026-12-26,TRN000000000360
011,100000000361,2325,O,2026-12-27,11078.300,2026-12-27,SET,SET,100000000361,USD,REMARKS_361,XREF_361,F,R,24828,Y,Y,2026-12-27,TRN000000000361
012,100000000362,8269,O,2026-12-28,1715.600,2026-12-28,SET,SET,100000000362,PEN,REMARKS_362,XREF_362,F,R,13379,N,N,2026-12-28,TRN000000000362
013,100000000363,666,O,2026-12-29,16021.400,2026-12-29,SET,SET,100000000363,EUR,REMARKS_363,XREF_363,F,R,1271,N,N,2026-12-29,TRN000000000363
014,100000000364,5895,O,2026-12-30,9950.700,2026-12-30,SET,SET,100000000364,BRL,REMARKS_364,XREF_364,F,R,13419,N,N,2026-12-30,TRN000000000364
015,100000000365,6871,O,2026-12-31,5039.700,2026-12-31,SET,SET,100000000365,USD,REMARKS_365,XREF_365,F,R,15498,N,N,2026-12-31,TRN000000000365
016,100000000366,3294,O,2026-01-01,22487.800,2026-01-01,SET,SET,100000000366,PEN,REMARKS_366,XREF_366,F,R,20246,Y,Y,2026-01-01,TRN000000000366
017,100000000367,2573,O,2026-01-02,2816.100,2026-01-02,SET,SET,100000000367,EUR,REMARKS_367,XREF_367,F,R,13038,N,N,2026-01-02,TRN000000000367
