BRANCH_CODE,TODAY,PREV_WORKING_DAY,NEXT_WORKING_DAY,RECORD_STAT,AUTH_STAT,MOD_NO,MAKER_ID,MAKER_DT_STAMP,CHECKER_ID,CHECKER_DT_STAMP,ONCE_AUTH
001,2026-05-07,2026-05-06,2026-05-08,O,A,3950,MAKER_ID_1,2026-01-01,CHECKER_ID_1,2026-01-01,Y
002,2026-01-02,2026-01-02,2026-01-02,O,A,6223,MAKER_ID_2,2026-01-02,CHECKER_ID_2,2026-01-02,Y
003,2026-01-03,2026-01-03,2026-01-03,O,A,1391,MAKER_ID_3,2026-01-03,CHECKER_ID_3,2026-01-03,Y
004,2026-01-04,2026-01-04,2026-01-04,O,A,1706,MAKER_ID_4,2026-01-04,CHECKER_ID_4,2026-01-04,Y
005,2026-01-05,2026-01-05,2026-01-05,O,A,8332,MAKER_ID_5,2026-01-05,CHECKER_ID_5,2026-01-05,Y
006,2026-01-06,2026-01-06,2026-01-06,O,A,3279,MAKER_ID_6,2026-01-06,CHECKER_ID_6,2026-01-06,Y
007,2026-01-07,2026-01-07,2026-01-07,O,A,3518,MAKER_ID_7,2026-01-07,CHECKER_ID_7,2026-01-07,Y
008,2026-01-08,2026-01-08,2026-01-08,O,A,5737,MAKER_ID_8,2026-01-08,CHECKER_ID_8,2026-01-08,Y
009,2026-01-09,2026-01-09,2026-01-09,O,A,4773,MAKER_ID_9,2026-01-09,CHECKER_ID_9,2026-01-09,Y
010,2026-01-10,2026-01-10,2026-01-10,O,A,70,MAKER_ID_10,2026-01-10,CHECKER_ID_1,2026-01-10,Y
011,2026-01-11,2026-01-11,2026-01-11,O,A,5406,MAKER_ID_11,2026-01-11,CHECKER_ID_1,2026-01-11,Y
012,2026-01-12,2026-01-12,2026-01-12,O,A,7507,MAKER_ID_12,2026-01-12,CHECKER_ID_1,2026-01-12,Y
013,2026-01-13,2026-01-13,2026-01-13,O,A,2671,MAKER_ID_13,2026-01-13,CHECKER_ID_1,2026-01-13,Y
014,2026-01-14,2026-01-14,2026-01-14,O,A,5147,MAKER_ID_14,2026-01-14,CHECKER_ID_1,2026-01-14,Y
015,2026-01-15,2026-01-15,2026-01-15,O,A,8787,MAKER_ID_15,2026-01-15,CHECKER_ID_1,2026-01-15,Y
016,2026-01-16,2026-01-16,2026-01-16,O,A,111,MAKER_ID_16,2026-01-16,CHECKER_ID_1,2026-01-16,Y
017,2026-01-17,2026-01-17,2026-01-17,O,A,1937,MAKER_ID_17,2026-01-17,CHECKER_ID_1,2026-01-17,Y
018,2026-01-18,2026-01-18,2026-01-18,O,A,1018,MAKER_ID_18,2026-01-18,CHECKER_ID_1,2026-01-18,Y
019,2026-01-19,2026-01-19,2026-01-19,O,A,9839,MAKER_ID_19,2026-01-19,CHECKER_ID_1,2026-01-19,Y
020,2026-01-20,2026-01-20,2026-01-20,O,A,7595,MAKER_ID_20,2026-01-20,CHECKER_ID_2,2026-01-20,Y
021,2026-01-21,2026-01-21,2026-01-21,O,A,8306,MAKER_ID_21,2026-01-21,CHECKER_ID_2,2026-01-21,Y
022,2026-01-22,2026-01-22,2026-01-22,O,A,3244,MAKER_ID_22,2026-01-22,CHECKER_ID_2,2026-01-22,Y
023,2026-01-23,2026-01-23,2026-01-23,O,A,536,MAKER_ID_23,2026-01-23,CHECKER_ID_2,2026-01-23,Y
024,2026-01-24,2026-01-24,2026-01-24,O,U,8119,MAKER_ID_24,2026-01-24,CHECKER_ID_2,2026-01-24,Y
025,2026-01-25,2026-01-25,2026-01-25,O,A,1601,MAKER_ID_25,2026-01-25,CHECKER_ID_2,2026-01-25,Y
099,2026-01-26,2026-01-26,2026-01-26,O,A,4590,MAKER_ID_26,2026-01-26,CHECKER_ID_2,2026-01-26,Y
002,2026-01-27,2026-01-27,2026-01-27,O,A,8615,MAKER_ID_27,2026-01-27,CHECKER_ID_2,2026-01-27,Y
003,2026-01-28,2026-01-28,2026-01-28,O,A,4018,MAKER_ID_28,2026-01-28,CHECKER_ID_2,2026-01-28,Y
004,2026-01-29,2026-01-29,2026-01-29,O,A,3305,MAKER_ID_29,2026-01-29,CHECKER_ID_2,2026-01-29,Y
005,2026-01-30,2026-01-30,2026-01-30,O,A,9212,MAKER_ID_30,2026-01-30,CHECKER_ID_3,2026-01-30,Y
006,2026-01-31,2026-01-31,2026-01-31,O,A,1148,MAKER_ID_31,2026-01-31,CHECKER_ID_3,2026-01-31,Y
007,2026-02-01,2026-02-01,2026-02-01,O,A,4009,MAKER_ID_32,2026-02-01,CHECKER_ID_3,2026-02-01,Y
008,2026-02-02,2026-02-02,2026-02-02,O,A,1833,MAKER_ID_33,2026-02-02,CHECKER_ID_3,2026-02-02,Y
009,2026-02-03,2026-02-03,2026-02-03,O,A,3744,MAKER_ID_34,2026-02-03,CHECKER_ID_3,2026-02-03,Y
010,2026-02-04,2026-02-04,2026-02-04,O,A,2897,MAKER_ID_35,2026-02-04,CHECKER_ID_3,2026-02-04,Y
011,2026-02-05,2026-02-05,2026-02-05,O,A,9179,MAKER_ID_36,2026-02-05,CHECKER_ID_3,2026-02-05,Y
012,2026-02-06,2026-02-06,2026-02-06,O,A,3737,MAKER_ID_37,2026-02-06,CHECKER_ID_3,2026-02-06,Y
013,2026-02-07,2026-02-07,2026-02-07,O,A,5589,MAKER_ID_38,2026-02-07,CHECKER_ID_3,2026-02-07,Y
014,2026-02-08,2026-02-08,2026-02-08,O,A,5922,MAKER_ID_39,2026-02-08,CHECKER_ID_3,2026-02-08,Y
015,2026-02-09,2026-02-09,2026-02-09,O,A,8694,MAKER_ID_40,2026-02-09,CHECKER_ID_4,2026-02-09,Y
016,2026-02-10,2026-02-10,2026-02-10,O,A,5587,MAKER_ID_41,2026-02-10,CHECKER_ID_4,2026-02-10,Y
017,2026-02-11,2026-02-11,2026-02-11,O,A,1346,MAKER_ID_42,2026-02-11,CHECKER_ID_4,2026-02-11,Y
018,2026-02-12,2026-02-12,2026-02-12,O,A,8964,MAKER_ID_43,2026-02-12,CHECKER_ID_4,2026-02-12,Y
019,2026-02-13,2026-02-13,2026-02-13,O,A,7499,MAKER_ID_44,2026-02-13,CHECKER_ID_4,2026-02-13,Y
020,2026-02-14,2026-02-14,2026-02-14,O,A,6537,MAKER_ID_45,2026-02-14,CHECKER_ID_4,2026-02-14,Y
021,2026-02-15,2026-02-15,2026-02-15,O,A,1308,MAKER_ID_46,2026-02-15,CHECKER_ID_4,2026-02-15,Y
022,2026-02-16,2026-02-16,2026-02-16,O,U,3461,MAKER_ID_47,2026-02-16,CHECKER_ID_4,2026-02-16,Y
023,2026-02-17,2026-02-17,2026-02-17,O,A,7291,MAKER_ID_48,2026-02-17,CHECKER_ID_4,2026-02-17,Y
024,2026-02-18,2026-02-18,2026-02-18,O,A,2753,MAKER_ID_49,2026-02-18,CHECKER_ID_4,2026-02-18,Y
025,2026-02-19,2026-02-19,2026-02-19,O,A,1487,MAKER_ID_50,2026-02-19,CHECKER_ID_5,2026-02-19,Y
099,2026-02-20,2026-02-20,2026-02-20,O,A,4679,MAKER_ID_51,2026-02-20,CHECKER_ID_5,2026-02-20,Y
002,2026-02-21,2026-02-21,2026-02-21,O,A,3563,MAKER_ID_52,2026-02-21,CHECKER_ID_5,2026-02-21,Y
003,2026-02-22,2026-02-22,2026-02-22,O,A,8374,MAKER_ID_53,2026-02-22,CHECKER_ID_5,2026-02-22,Y
004,2026-02-23,2026-02-23,2026-02-23,O,A,8744,MAKER_ID_54,2026-02-23,CHECKER_ID_5,2026-02-23,Y
005,2026-02-24,2026-02-24,2026-02-24,O,A,772,MAKER_ID_55,2026-02-24,CHECKER_ID_5,2026-02-24,Y
006,2026-02-25,2026-02-25,2026-02-25,O,A,5930,MAKER_ID_56,2026-02-25,CHECKER_ID_5,2026-02-25,Y
007,2026-02-26,2026-02-26,2026-02-26,O,A,4881,MAKER_ID_57,2026-02-26,CHECKER_ID_5,2026-02-26,Y
008,2026-02-27,2026-02-27,2026-02-27,O,A,8675,MAKER_ID_58,2026-02-27,CHECKER_ID_5,2026-02-27,Y
009,2026-02-28,2026-02-28,2026-02-28,O,A,1634,MAKER_ID_59,2026-02-28,CHECKER_ID_5,2026-02-28,Y
010,2026-03-01,2026-03-01,2026-03-01,O,A,7497,MAKER_ID_60,2026-03-01,CHECKER_ID_6,2026-03-01,Y
011,2026-03-02,2026-03-02,2026-03-02,O,A,8432,MAKER_ID_61,2026-03-02,CHECKER_ID_6,2026-03-02,Y
012,2026-03-03,2026-03-03,2026-03-03,O,A,3324,MAKER_ID_62,2026-03-03,CHECKER_ID_6,2026-03-03,Y
013,2026-03-04,2026-03-04,2026-03-04,O,A,6926,MAKER_ID_63,2026-03-04,CHECKER_ID_6,2026-03-04,Y
014,2026-03-05,2026-03-05,2026-03-05,O,A,3093,MAKER_ID_64,2026-03-05,CHECKER_ID_6,2026-03-05,Y
015,2026-03-06,2026-03-06,2026-03-06,O,A,8891,MAKER_ID_65,2026-03-06,CHECKER_ID_6,2026-03-06,Y
016,2026-03-07,2026-03-07,2026-03-07,O,A,7159,MAKER_ID_66,2026-03-07,CHECKER_ID_6,2026-03-07,Y
017,2026-03-08,2026-03-08,2026-03-08,O,A,7060,MAKER_ID_67,2026-03-08,CHECKER_ID_6,2026-03-08,Y
018,2026-03-09,2026-03-09,2026-03-09,O,A,9128,MAKER_ID_68,2026-03-09,CHECKER_ID_6,2026-03-09,Y
019,2026-03-10,2026-03-10,2026-03-10,O,A,8505,MAKER_ID_69,2026-03-10,CHECKER_ID_6,2026-03-10,Y
020,2026-03-11,2026-03-11,2026-03-11,O,U,3014,MAKER_ID_70,2026-03-11,CHECKER_ID_7,2026-03-11,Y
021,2026-03-12,2026-03-12,2026-03-12,O,A,3536,MAKER_ID_71,2026-03-12,CHECKER_ID_7,2026-03-12,Y
022,2026-03-13,2026-03-13,2026-03-13,O,A,1789,MAKER_ID_72,2026-03-13,CHECKER_ID_7,2026-03-13,Y
023,2026-03-14,2026-03-14,2026-03-14,O,A,1499,MAKER_ID_73,2026-03-14,CHECKER_ID_7,2026-03-14,Y
024,2026-03-15,2026-03-15,2026-03-15,O,A,2951,MAKER_ID_74,2026-03-15,CHECKER_ID_7,2026-03-15,Y
025,2026-03-16,2026-03-16,2026-03-16,O,A,9805,MAKER_ID_75,2026-03-16,CHECKER_ID_7,2026-03-16,Y
099,2026-03-17,2026-03-17,2026-03-17,O,A,746,MAKER_ID_76,2026-03-17,CHECKER_ID_7,2026-03-17,Y
002,2026-03-18,2026-03-18,2026-03-18,O,A,2339,MAKER_ID_77,2026-03-18,CHECKER_ID_7,2026-03-18,Y
003,2026-03-19,2026-03-19,2026-03-19,O,A,7706,MAKER_ID_78,2026-03-19,CHECKER_ID_7,2026-03-19,Y
004,2026-03-20,2026-03-20,2026-03-20,O,A,9729,MAKER_ID_79,2026-03-20,CHECKER_ID_7,2026-03-20,Y
005,2026-03-21,2026-03-21,2026-03-21,O,A,1953,MAKER_ID_80,2026-03-21,CHECKER_ID_8,2026-03-21,Y
006,2026-03-22,2026-03-22,2026-03-22,O,A,5634,MAKER_ID_81,2026-03-22,CHECKER_ID_8,2026-03-22,Y
007,2026-03-23,2026-03-23,2026-03-23,O,A,451,MAKER_ID_82,2026-03-23,CHECKER_ID_8,2026-03-23,Y
008,2026-03-24,2026-03-24,2026-03-24,O,A,9128,MAKER_ID_83,2026-03-24,CHECKER_ID_8,2026-03-24,Y
009,2026-03-25,2026-03-25,2026-03-25,O,A,2805,MAKER_ID_84,2026-03-25,CHECKER_ID_8,2026-03-25,Y
010,2026-03-26,2026-03-26,2026-03-26,O,A,7400,MAKER_ID_85,2026-03-26,CHECKER_ID_8,2026-03-26,Y
011,2026-03-27,2026-03-27,2026-03-27,O,A,4282,MAKER_ID_86,2026-03-27,CHECKER_ID_8,2026-03-27,Y
012,2026-03-28,2026-03-28,2026-03-28,O,A,6465,MAKER_ID_87,2026-03-28,CHECKER_ID_8,2026-03-28,Y
013,2026-03-29,2026-03-29,2026-03-29,O,A,3381,MAKER_ID_88,2026-03-29,CHECKER_ID_8,2026-03-29,Y
014,2026-03-30,2026-03-30,2026-03-30,O,A,6660,MAKER_ID_89,2026-03-30,CHECKER_ID_8,2026-03-30,Y
015,2026-03-31,2026-03-31,2026-03-31,O,A,6016,MAKER_ID_90,2026-03-31,CHECKER_ID_9,2026-03-31,Y
016,2026-04-01,2026-04-01,2026-04-01,O,A,9930,MAKER_ID_91,2026-04-01,CHECKER_ID_9,2026-04-01,Y
017,2026-04-02,2026-04-02,2026-04-02,O,A,2793,MAKER_ID_92,2026-04-02,CHECKER_ID_9,2026-04-02,Y
018,2026-04-03,2026-04-03,2026-04-03,O,U,9221,MAKER_ID_93,2026-04-03,CHECKER_ID_9,2026-04-03,Y
019,2026-04-04,2026-04-04,2026-04-04,O,A,9868,MAKER_ID_94,2026-04-04,CHECKER_ID_9,2026-04-04,Y
020,2026-04-05,2026-04-05,2026-04-05,O,A,2853,MAKER_ID_95,2026-04-05,CHECKER_ID_9,2026-04-05,Y
021,2026-04-06,2026-04-06,2026-04-06,O,A,9767,MAKER_ID_96,2026-04-06,CHECKER_ID_9,2026-04-06,Y
022,2026-04-07,2026-04-07,2026-04-07,O,A,2039,MAKER_ID_97,2026-04-07,CHECKER_ID_9,2026-04-07,Y
023,2026-04-08,2026-04-08,2026-04-08,O,A,8521,MAKER_ID_98,2026-04-08,CHECKER_ID_9,2026-04-08,Y
024,2026-04-09,2026-04-09,2026-04-09,O,A,7863,MAKER_ID_99,2026-04-09,CHECKER_ID_9,2026-04-09,Y
025,2026-04-10,2026-04-10,2026-04-10,O,A,1025,MAKER_ID_100,2026-04-10,CHECKER_ID_1,2026-04-10,Y
099,2026-04-11,2026-04-11,2026-04-11,O,A,4705,MAKER_ID_101,2026-04-11,CHECKER_ID_1,2026-04-11,Y
002,2026-04-12,2026-04-12,2026-04-12,O,A,4357,MAKER_ID_102,2026-04-12,CHECKER_ID_1,2026-04-12,Y
003,2026-04-13,2026-04-13,2026-04-13,O,A,8076,MAKER_ID_103,2026-04-13,CHECKER_ID_1,2026-04-13,Y
004,2026-04-14,2026-04-14,2026-04-14,O,A,1917,MAKER_ID_104,2026-04-14,CHECKER_ID_1,2026-04-14,Y
005,2026-04-15,2026-04-15,2026-04-15,O,A,4635,MAKER_ID_105,2026-04-15,CHECKER_ID_1,2026-04-15,Y
006,2026-04-16,2026-04-16,2026-04-16,O,A,6893,MAKER_ID_106,2026-04-16,CHECKER_ID_1,2026-04-16,Y
007,2026-04-17,2026-04-17,2026-04-17,O,A,6640,MAKER_ID_107,2026-04-17,CHECKER_ID_1,2026-04-17,Y
008,2026-04-18,2026-04-18,2026-04-18,O,A,2604,MAKER_ID_108,2026-04-18,CHECKER_ID_1,2026-04-18,Y
009,2026-04-19,2026-04-19,2026-04-19,O,A,2065,MAKER_ID_109,2026-04-19,CHECKER_ID_1,2026-04-19,Y
010,2026-04-20,2026-04-20,2026-04-20,O,A,7685,MAKER_ID_110,2026-04-20,CHECKER_ID_1,2026-04-20,Y
011,2026-04-21,2026-04-21,2026-04-21,O,A,9002,MAKER_ID_111,2026-04-21,CHECKER_ID_1,2026-04-21,Y
012,2026-04-22,2026-04-22,2026-04-22,O,A,1133,MAKER_ID_112,2026-04-22,CHECKER_ID_1,2026-04-22,Y
013,2026-04-23,2026-04-23,2026-04-23,O,A,7310,MAKER_ID_113,2026-04-23,CHECKER_ID_1,2026-04-23,Y
014,2026-04-24,2026-04-24,2026-04-24,O,A,6641,MAKER_ID_114,2026-04-24,CHECKER_ID_1,2026-04-24,Y
015,2026-04-25,2026-04-25,2026-04-25,O,A,4688,MAKER_ID_115,2026-04-25,CHECKER_ID_1,2026-04-25,Y
016,2026-04-26,2026-04-26,2026-04-26,O,U,2915,MAKER_ID_116,2026-04-26,CHECKER_ID_1,2026-04-26,Y
017,2026-04-27,2026-04-27,2026-04-27,O,A,6376,MAKER_ID_117,2026-04-27,CHECKER_ID_1,2026-04-27,Y
018,2026-04-28,2026-04-28,2026-04-28,O,A,1449,MAKER_ID_118,2026-04-28,CHECKER_ID_1,2026-04-28,Y
019,2026-04-29,2026-04-29,2026-04-29,O,A,4701,MAKER_ID_119,2026-04-29,CHECKER_ID_1,2026-04-29,Y
020,2026-04-30,2026-04-30,2026-04-30,O,A,6855,MAKER_ID_120,2026-04-30,CHECKER_ID_1,2026-04-30,Y
021,2026-05-01,2026-05-01,2026-05-01,O,A,2408,MAKER_ID_121,2026-05-01,CHECKER_ID_1,2026-05-01,Y
022,2026-05-02,2026-05-02,2026-05-02,O,A,9110,MAKER_ID_122,2026-05-02,CHECKER_ID_1,2026-05-02,Y
023,2026-05-03,2026-05-03,2026-05-03,O,A,2053,MAKER_ID_123,2026-05-03,CHECKER_ID_1,2026-05-03,Y
024,2026-05-04,2026-05-04,2026-05-04,O,A,2003,MAKER_ID_124,2026-05-04,CHECKER_ID_1,2026-05-04,Y
025,2026-05-05,2026-05-05,2026-05-05,O,A,665,MAKER_ID_125,2026-05-05,CHECKER_ID_1,2026-05-05,Y
099,2026-05-06,2026-05-06,2026-05-06,O,A,3821,MAKER_ID_126,2026-05-06,CHECKER_ID_1,2026-05-06,Y
002,2026-05-07,2026-05-07,2026-05-07,O,A,6857,MAKER_ID_127,2026-05-07,CHECKER_ID_1,2026-05-07,Y
003,2026-05-08,2026-05-08,2026-05-08,O,A,9290,MAKER_ID_128,2026-05-08,CHECKER_ID_1,2026-05-08,Y
004,2026-05-09,2026-05-09,2026-05-09,O,A,3079,MAKER_ID_129,2026-05-09,CHECKER_ID_1,2026-05-09,Y
005,2026-05-10,2026-05-10,2026-05-10,O,A,175,MAKER_ID_130,2026-05-10,CHECKER_ID_1,2026-05-10,Y
006,2026-05-11,2026-05-11,2026-05-11,O,A,6163,MAKER_ID_131,2026-05-11,CHECKER_ID_1,2026-05-11,Y
007,2026-05-12,2026-05-12,2026-05-12,O,A,2522,MAKER_ID_132,2026-05-12,CHECKER_ID_1,2026-05-12,Y
008,2026-05-13,2026-05-13,2026-05-13,O,A,2448,MAKER_ID_133,2026-05-13,CHECKER_ID_1,2026-05-13,Y
009,2026-05-14,2026-05-14,2026-05-14,O,A,539,MAKER_ID_134,2026-05-14,CHECKER_ID_1,2026-05-14,Y
010,2026-05-15,2026-05-15,2026-05-15,O,A,4099,MAKER_ID_135,2026-05-15,CHECKER_ID_1,2026-05-15,Y
011,2026-05-16,2026-05-16,2026-05-16,O,A,1258,MAKER_ID_136,2026-05-16,CHECKER_ID_1,2026-05-16,Y
012,2026-05-17,2026-05-17,2026-05-17,O,A,2588,MAKER_ID_137,2026-05-17,CHECKER_ID_1,2026-05-17,Y
013,2026-05-18,2026-05-18,2026-05-18,O,A,8708,MAKER_ID_138,2026-05-18,CHECKER_ID_1,2026-05-18,Y
014,2026-05-19,2026-05-19,2026-05-19,O,U,3897,MAKER_ID_139,2026-05-19,CHECKER_ID_1,2026-05-19,Y
015,2026-05-20,2026-05-20,2026-05-20,O,A,1392,MAKER_ID_140,2026-05-20,CHECKER_ID_1,2026-05-20,Y
016,2026-05-21,2026-05-21,2026-05-21,O,A,3268,MAKER_ID_141,2026-05-21,CHECKER_ID_1,2026-05-21,Y
017,2026-05-22,2026-05-22,2026-05-22,O,A,864,MAKER_ID_142,2026-05-22,CHECKER_ID_1,2026-05-22,Y
018,2026-05-23,2026-05-23,2026-05-23,O,A,1942,MAKER_ID_143,2026-05-23,CHECKER_ID_1,2026-05-23,Y
019,2026-05-24,2026-05-24,2026-05-24,O,A,2878,MAKER_ID_144,2026-05-24,CHECKER_ID_1,2026-05-24,Y
020,2026-05-25,2026-05-25,2026-05-25,O,A,6651,MAKER_ID_145,2026-05-25,CHECKER_ID_1,2026-05-25,Y
021,2026-05-26,2026-05-26,2026-05-26,O,A,9124,MAKER_ID_146,2026-05-26,CHECKER_ID_1,2026-05-26,Y
022,2026-05-27,2026-05-27,2026-05-27,O,A,169,MAKER_ID_147,2026-05-27,CHECKER_ID_1,2026-05-27,Y
023,2026-05-28,2026-05-28,2026-05-28,O,A,9948,MAKER_ID_148,2026-05-28,CHECKER_ID_1,2026-05-28,Y
024,2026-05-29,2026-05-29,2026-05-29,O,A,7741,MAKER_ID_149,2026-05-29,CHECKER_ID_1,2026-05-29,Y
025,2026-05-30,2026-05-30,2026-05-30,O,A,4053,MAKER_ID_150,2026-05-30,CHECKER_ID_1,2026-05-30,Y
099,2026-05-31,2026-05-31,2026-05-31,O,A,8595,MAKER_ID_151,2026-05-31,CHECKER_ID_1,2026-05-31,Y
002,2026-06-01,2026-06-01,2026-06-01,O,A,8102,MAKER_ID_152,2026-06-01,CHECKER_ID_1,2026-06-01,Y
003,2026-06-02,2026-06-02,2026-06-02,O,A,6868,MAKER_ID_153,2026-06-02,CHECKER_ID_1,2026-06-02,Y
004,2026-06-03,2026-06-03,2026-06-03,O,A,9194,MAKER_ID_154,2026-06-03,CHECKER_ID_1,2026-06-03,Y
005,2026-06-04,2026-06-04,2026-06-04,O,A,3349,MAKER_ID_155,2026-06-04,CHECKER_ID_1,2026-06-04,Y
006,2026-06-05,2026-06-05,2026-06-05,O,A,3013,MAKER_ID_156,2026-06-05,CHECKER_ID_1,2026-06-05,Y
007,2026-06-06,2026-06-06,2026-06-06,O,A,2478,MAKER_ID_157,2026-06-06,CHECKER_ID_1,2026-06-06,Y
008,2026-06-07,2026-06-07,2026-06-07,O,A,4707,MAKER_ID_158,2026-06-07,CHECKER_ID_1,2026-06-07,Y
009,2026-06-08,2026-06-08,2026-06-08,O,A,2702,MAKER_ID_159,2026-06-08,CHECKER_ID_1,2026-06-08,Y
010,2026-06-09,2026-06-09,2026-06-09,O,A,16,MAKER_ID_160,2026-06-09,CHECKER_ID_1,2026-06-09,Y
011,2026-06-10,2026-06-10,2026-06-10,O,A,5730,MAKER_ID_161,2026-06-10,CHECKER_ID_1,2026-06-10,Y
012,2026-06-11,2026-06-11,2026-06-11,O,U,954,MAKER_ID_162,2026-06-11,CHECKER_ID_1,2026-06-11,Y
013,2026-06-12,2026-06-12,2026-06-12,O,A,3349,MAKER_ID_163,2026-06-12,CHECKER_ID_1,2026-06-12,Y
014,2026-06-13,2026-06-13,2026-06-13,O,A,6206,MAKER_ID_164,2026-06-13,CHECKER_ID_1,2026-06-13,Y
015,2026-06-14,2026-06-14,2026-06-14,O,A,548,MAKER_ID_165,2026-06-14,CHECKER_ID_1,2026-06-14,Y
016,2026-06-15,2026-06-15,2026-06-15,O,A,5732,MAKER_ID_166,2026-06-15,CHECKER_ID_1,2026-06-15,Y
017,2026-06-16,2026-06-16,2026-06-16,O,A,3356,MAKER_ID_167,2026-06-16,CHECKER_ID_1,2026-06-16,Y
018,2026-06-17,2026-06-17,2026-06-17,O,A,6546,MAKER_ID_168,2026-06-17,CHECKER_ID_1,2026-06-17,Y
019,2026-06-18,2026-06-18,2026-06-18,O,A,5521,MAKER_ID_169,2026-06-18,CHECKER_ID_1,2026-06-18,Y
020,2026-06-19,2026-06-19,2026-06-19,O,A,1721,MAKER_ID_170,2026-06-19,CHECKER_ID_1,2026-06-19,Y
021,2026-06-20,2026-06-20,2026-06-20,O,A,6983,MAKER_ID_171,2026-06-20,CHECKER_ID_1,2026-06-20,Y
022,2026-06-21,2026-06-21,2026-06-21,O,A,9826,MAKER_ID_172,2026-06-21,CHECKER_ID_1,2026-06-21,Y
023,2026-06-22,2026-06-22,2026-06-22,O,A,5831,MAKER_ID_173,2026-06-22,CHECKER_ID_1,2026-06-22,Y
024,2026-06-23,2026-06-23,2026-06-23,O,A,3648,MAKER_ID_174,2026-06-23,CHECKER_ID_1,2026-06-23,Y
025,2026-06-24,2026-06-24,2026-06-24,O,A,9634,MAKER_ID_175,2026-06-24,CHECKER_ID_1,2026-06-24,Y
099,2026-06-25,2026-06-25,2026-06-25,O,A,6163,MAKER_ID_176,2026-06-25,CHECKER_ID_1,2026-06-25,Y
002,2026-06-26,2026-06-26,2026-06-26,O,A,416,MAKER_ID_177,2026-06-26,CHECKER_ID_1,2026-06-26,Y
003,2026-06-27,2026-06-27,2026-06-27,O,A,5423,MAKER_ID_178,2026-06-27,CHECKER_ID_1,2026-06-27,Y
004,2026-06-28,2026-06-28,2026-06-28,O,A,378,MAKER_ID_179,2026-06-28,CHECKER_ID_1,2026-06-28,Y
005,2026-06-29,2026-06-29,2026-06-29,O,A,2047,MAKER_ID_180,2026-06-29,CHECKER_ID_1,2026-06-29,Y
006,2026-06-30,2026-06-30,2026-06-30,O,A,6937,MAKER_ID_181,2026-06-30,CHECKER_ID_1,2026-06-30,Y
007,2026-07-01,2026-07-01,2026-07-01,O,A,2319,MAKER_ID_182,2026-07-01,CHECKER_ID_1,2026-07-01,Y
008,2026-07-02,2026-07-02,2026-07-02,O,A,1684,MAKER_ID_183,2026-07-02,CHECKER_ID_1,2026-07-02,Y
009,2026-07-03,2026-07-03,2026-07-03,O,A,5517,MAKER_ID_184,2026-07-03,CHECKER_ID_1,2026-07-03,Y
010,2026-07-04,2026-07-04,2026-07-04,O,U,130,MAKER_ID_185,2026-07-04,CHECKER_ID_1,2026-07-04,Y
011,2026-07-05,2026-07-05,2026-07-05,O,A,6587,MAKER_ID_186,2026-07-05,CHECKER_ID_1,2026-07-05,Y
012,2026-07-06,2026-07-06,2026-07-06,O,A,3165,MAKER_ID_187,2026-07-06,CHECKER_ID_1,2026-07-06,Y
013,2026-07-07,2026-07-07,2026-07-07,O,A,407,MAKER_ID_188,2026-07-07,CHECKER_ID_1,2026-07-07,Y
014,2026-07-08,2026-07-08,2026-07-08,O,A,7091,MAKER_ID_189,2026-07-08,CHECKER_ID_1,2026-07-08,Y
015,2026-07-09,2026-07-09,2026-07-09,O,A,5074,MAKER_ID_190,2026-07-09,CHECKER_ID_1,2026-07-09,Y
016,2026-07-10,2026-07-10,2026-07-10,O,A,721,MAKER_ID_191,2026-07-10,CHECKER_ID_1,2026-07-10,Y
017,2026-07-11,2026-07-11,2026-07-11,O,A,8669,MAKER_ID_192,2026-07-11,CHECKER_ID_1,2026-07-11,Y
018,2026-07-12,2026-07-12,2026-07-12,O,A,1901,MAKER_ID_193,2026-07-12,CHECKER_ID_1,2026-07-12,Y
019,2026-07-13,2026-07-13,2026-07-13,O,A,4840,MAKER_ID_194,2026-07-13,CHECKER_ID_1,2026-07-13,Y
020,2026-07-14,2026-07-14,2026-07-14,O,A,8195,MAKER_ID_195,2026-07-14,CHECKER_ID_1,2026-07-14,Y
021,2026-07-15,2026-07-15,2026-07-15,O,A,9524,MAKER_ID_196,2026-07-15,CHECKER_ID_1,2026-07-15,Y
022,2026-07-16,2026-07-16,2026-07-16,O,A,4093,MAKER_ID_197,2026-07-16,CHECKER_ID_1,2026-07-16,Y
023,2026-07-17,2026-07-17,2026-07-17,O,A,1183,MAKER_ID_198,2026-07-17,CHECKER_ID_1,2026-07-17,Y
024,2026-07-18,2026-07-18,2026-07-18,O,A,9915,MAKER_ID_199,2026-07-18,CHECKER_ID_1,2026-07-18,Y
025,2026-07-19,2026-07-19,2026-07-19,O,A,1223,MAKER_ID_200,2026-07-19,CHECKER_ID_2,2026-07-19,Y
099,2026-07-20,2026-07-20,2026-07-20,O,A,427,MAKER_ID_201,2026-07-20,CHECKER_ID_2,2026-07-20,Y
002,2026-07-21,2026-07-21,2026-07-21,O,A,3751,MAKER_ID_202,2026-07-21,CHECKER_ID_2,2026-07-21,Y
003,2026-07-22,2026-07-22,2026-07-22,O,A,5903,MAKER_ID_203,2026-07-22,CHECKER_ID_2,2026-07-22,Y
004,2026-07-23,2026-07-23,2026-07-23,O,A,7860,MAKER_ID_204,2026-07-23,CHECKER_ID_2,2026-07-23,Y
005,2026-07-24,2026-07-24,2026-07-24,O,A,6488,MAKER_ID_205,2026-07-24,CHECKER_ID_2,2026-07-24,Y
006,2026-07-25,2026-07-25,2026-07-25,O,A,3643,MAKER_ID_206,2026-07-25,CHECKER_ID_2,2026-07-25,Y
007,2026-07-26,2026-07-26,2026-07-26,O,A,3231,MAKER_ID_207,2026-07-26,CHECKER_ID_2,2026-07-26,Y
008,2026-07-27,2026-07-27,2026-07-27,O,U,6297,MAKER_ID_208,2026-07-27,CHECKER_ID_2,2026-07-27,Y
009,2026-07-28,2026-07-28,2026-07-28,O,A,8997,MAKER_ID_209,2026-07-28,CHECKER_ID_2,2026-07-28,Y
010,2026-07-29,2026-07-29,2026-07-29,O,A,1019,MAKER_ID_210,2026-07-29,CHECKER_ID_2,2026-07-29,Y
011,2026-07-30,2026-07-30,2026-07-30,O,A,8284,MAKER_ID_211,2026-07-30,CHECKER_ID_2,2026-07-30,Y
012,2026-07-31,2026-07-31,2026-07-31,O,A,6926,MAKER_ID_212,2026-07-31,CHECKER_ID_2,2026-07-31,Y
013,2026-08-01,2026-08-01,2026-08-01,O,A,1364,MAKER_ID_213,2026-08-01,CHECKER_ID_2,2026-08-01,Y
014,2026-08-02,2026-08-02,2026-08-02,O,A,2780,MAKER_ID_214,2026-08-02,CHECKER_ID_2,2026-08-02,Y
015,2026-08-03,2026-08-03,2026-08-03,O,A,268,MAKER_ID_215,2026-08-03,CHECKER_ID_2,2026-08-03,Y
016,2026-08-04,2026-08-04,2026-08-04,O,A,2004,MAKER_ID_216,2026-08-04,CHECKER_ID_2,2026-08-04,Y
017,2026-08-05,2026-08-05,2026-08-05,O,A,7834,MAKER_ID_217,2026-08-05,CHECKER_ID_2,2026-08-05,Y
018,2026-08-06,2026-08-06,2026-08-06,O,A,9002,MAKER_ID_218,2026-08-06,CHECKER_ID_2,2026-08-06,Y
019,2026-08-07,2026-08-07,2026-08-07,O,A,1122,MAKER_ID_219,2026-08-07,CHECKER_ID_2,2026-08-07,Y
020,2026-08-08,2026-08-08,2026-08-08,O,A,9699,MAKER_ID_220,2026-08-08,CHECKER_ID_2,2026-08-08,Y
021,2026-08-09,2026-08-09,2026-08-09,O,A,3792,MAKER_ID_221,2026-08-09,CHECKER_ID_2,2026-08-09,Y
022,2026-08-10,2026-08-10,2026-08-10,O,A,2922,MAKER_ID_222,2026-08-10,CHECKER_ID_2,2026-08-10,Y
023,2026-08-11,2026-08-11,2026-08-11,O,A,1868,MAKER_ID_223,2026-08-11,CHECKER_ID_2,2026-08-11,Y
024,2026-08-12,2026-08-12,2026-08-12,O,A,5153,MAKER_ID_224,2026-08-12,CHECKER_ID_2,2026-08-12,Y
025,2026-08-13,2026-08-13,2026-08-13,O,A,9483,MAKER_ID_225,2026-08-13,CHECKER_ID_2,2026-08-13,Y
099,2026-08-14,2026-08-14,2026-08-14,O,A,5584,MAKER_ID_226,2026-08-14,CHECKER_ID_2,2026-08-14,Y
002,2026-08-15,2026-08-15,2026-08-15,O,A,6911,MAKER_ID_227,2026-08-15,CHECKER_ID_2,2026-08-15,Y
003,2026-08-16,2026-08-16,2026-08-16,O,A,9955,MAKER_ID_228,2026-08-16,CHECKER_ID_2,2026-08-16,Y
004,2026-08-17,2026-08-17,2026-08-17,O,A,6068,MAKER_ID_229,2026-08-17,CHECKER_ID_2,2026-08-17,Y
005,2026-08-18,2026-08-18,2026-08-18,O,A,4094,MAKER_ID_230,2026-08-18,CHECKER_ID_2,2026-08-18,Y
006,2026-08-19,2026-08-19,2026-08-19,O,U,5983,MAKER_ID_231,2026-08-19,CHECKER_ID_2,2026-08-19,Y
007,2026-08-20,2026-08-20,2026-08-20,O,A,9354,MAKER_ID_232,2026-08-20,CHECKER_ID_2,2026-08-20,Y
008,2026-08-21,2026-08-21,2026-08-21,O,A,5824,MAKER_ID_233,2026-08-21,CHECKER_ID_2,2026-08-21,Y
009,2026-08-22,2026-08-22,2026-08-22,O,A,7619,MAKER_ID_234,2026-08-22,CHECKER_ID_2,2026-08-22,Y
010,2026-08-23,2026-08-23,2026-08-23,O,A,1660,MAKER_ID_235,2026-08-23,CHECKER_ID_2,2026-08-23,Y
011,2026-08-24,2026-08-24,2026-08-24,O,A,5565,MAKER_ID_236,2026-08-24,CHECKER_ID_2,2026-08-24,Y
012,2026-08-25,2026-08-25,2026-08-25,O,A,7287,MAKER_ID_237,2026-08-25,CHECKER_ID_2,2026-08-25,Y
013,2026-08-26,2026-08-26,2026-08-26,O,A,5987,MAKER_ID_238,2026-08-26,CHECKER_ID_2,2026-08-26,Y
014,2026-08-27,2026-08-27,2026-08-27,O,A,5972,MAKER_ID_239,2026-08-27,CHECKER_ID_2,2026-08-27,Y
015,2026-08-28,2026-08-28,2026-08-28,O,A,4194,MAKER_ID_240,2026-08-28,CHECKER_ID_2,2026-08-28,Y
016,2026-08-29,2026-08-29,2026-08-29,O,A,5491,MAKER_ID_241,2026-08-29,CHECKER_ID_2,2026-08-29,Y
017,2026-08-30,2026-08-30,2026-08-30,O,A,9634,MAKER_ID_242,2026-08-30,CHECKER_ID_2,2026-08-30,Y
018,2026-08-31,2026-08-31,2026-08-31,O,A,5914,MAKER_ID_243,2026-08-31,CHECKER_ID_2,2026-08-31,Y
019,2026-09-01,2026-09-01,2026-09-01,O,A,8318,MAKER_ID_244,2026-09-01,CHECKER_ID_2,2026-09-01,Y
020,2026-09-02,2026-09-02,2026-09-02,O,A,9942,MAKER_ID_245,2026-09-02,CHECKER_ID_2,2026-09-02,Y
021,2026-09-03,2026-09-03,2026-09-03,O,A,2759,MAKER_ID_246,2026-09-03,CHECKER_ID_2,2026-09-03,Y
022,2026-09-04,2026-09-04,2026-09-04,O,A,2029,MAKER_ID_247,2026-09-04,CHECKER_ID_2,2026-09-04,Y
023,2026-09-05,2026-09-05,2026-09-05,O,A,5563,MAKER_ID_248,2026-09-05,CHECKER_ID_2,2026-09-05,Y
024,2026-09-06,2026-09-06,2026-09-06,O,A,8023,MAKER_ID_249,2026-09-06,CHECKER_ID_2,2026-09-06,Y
025,2026-09-07,2026-09-07,2026-09-07,O,A,7309,MAKER_ID_250,2026-09-07,CHECKER_ID_2,2026-09-07,Y
099,2026-09-08,2026-09-08,2026-09-08,O,A,4537,MAKER_ID_251,2026-09-08,CHECKER_ID_2,2026-09-08,Y
002,2026-09-09,2026-09-09,2026-09-09,O,A,8674,MAKER_ID_252,2026-09-09,CHECKER_ID_2,2026-09-09,Y
003,2026-09-10,2026-09-10,2026-09-10,O,A,8775,MAKER_ID_253,2026-09-10,CHECKER_ID_2,2026-09-10,Y
004,2026-09-11,2026-09-11,2026-09-11,O,U,6737,MAKER_ID_254,2026-09-11,CHECKER_ID_2,2026-09-11,Y
005,2026-09-12,2026-09-12,2026-09-12,O,A,7144,MAKER_ID_255,2026-09-12,CHECKER_ID_2,2026-09-12,Y
006,2026-09-13,2026-09-13,2026-09-13,O,A,4205,MAKER_ID_256,2026-09-13,CHECKER_ID_2,2026-09-13,Y
007,2026-09-14,2026-09-14,2026-09-14,O,A,2969,MAKER_ID_257,2026-09-14,CHECKER_ID_2,2026-09-14,Y
008,2026-09-15,2026-09-15,2026-09-15,O,A,6191,MAKER_ID_258,2026-09-15,CHECKER_ID_2,2026-09-15,Y
009,2026-09-16,2026-09-16,2026-09-16,O,A,7529,MAKER_ID_259,2026-09-16,CHECKER_ID_2,2026-09-16,Y
010,2026-09-17,2026-09-17,2026-09-17,O,A,8871,MAKER_ID_260,2026-09-17,CHECKER_ID_2,2026-09-17,Y
011,2026-09-18,2026-09-18,2026-09-18,O,A,319,MAKER_ID_261,2026-09-18,CHECKER_ID_2,2026-09-18,Y
012,2026-09-19,2026-09-19,2026-09-19,O,A,6149,MAKER_ID_262,2026-09-19,CHECKER_ID_2,2026-09-19,Y
013,2026-09-20,2026-09-20,2026-09-20,O,A,7987,MAKER_ID_263,2026-09-20,CHECKER_ID_2,2026-09-20,Y
014,2026-09-21,2026-09-21,2026-09-21,O,A,5838,MAKER_ID_264,2026-09-21,CHECKER_ID_2,2026-09-21,Y
015,2026-09-22,2026-09-22,2026-09-22,O,A,4174,MAKER_ID_265,2026-09-22,CHECKER_ID_2,2026-09-22,Y
016,2026-09-23,2026-09-23,2026-09-23,O,A,9764,MAKER_ID_266,2026-09-23,CHECKER_ID_2,2026-09-23,Y
017,2026-09-24,2026-09-24,2026-09-24,O,A,2313,MAKER_ID_267,2026-09-24,CHECKER_ID_2,2026-09-24,Y
018,2026-09-25,2026-09-25,2026-09-25,O,A,234,MAKER_ID_268,2026-09-25,CHECKER_ID_2,2026-09-25,Y
019,2026-09-26,2026-09-26,2026-09-26,O,A,9246,MAKER_ID_269,2026-09-26,CHECKER_ID_2,2026-09-26,Y
020,2026-09-27,2026-09-27,2026-09-27,O,A,3254,MAKER_ID_270,2026-09-27,CHECKER_ID_2,2026-09-27,Y
021,2026-09-28,2026-09-28,2026-09-28,O,A,9574,MAKER_ID_271,2026-09-28,CHECKER_ID_2,2026-09-28,Y
022,2026-09-29,2026-09-29,2026-09-29,O,A,54,MAKER_ID_272,2026-09-29,CHECKER_ID_2,2026-09-29,Y
023,2026-09-30,2026-09-30,2026-09-30,O,A,780,MAKER_ID_273,2026-09-30,CHECKER_ID_2,2026-09-30,Y
024,2026-10-01,2026-10-01,2026-10-01,O,A,7987,MAKER_ID_274,2026-10-01,CHECKER_ID_2,2026-10-01,Y
025,2026-10-02,2026-10-02,2026-10-02,O,A,9695,MAKER_ID_275,2026-10-02,CHECKER_ID_2,2026-10-02,Y
099,2026-10-03,2026-10-03,2026-10-03,O,A,1048,MAKER_ID_276,2026-10-03,CHECKER_ID_2,2026-10-03,Y
002,2026-10-04,2026-10-04,2026-10-04,O,U,1067,MAKER_ID_277,2026-10-04,CHECKER_ID_2,2026-10-04,Y
003,2026-10-05,2026-10-05,2026-10-05,O,A,2460,MAKER_ID_278,2026-10-05,CHECKER_ID_2,2026-10-05,Y
004,2026-10-06,2026-10-06,2026-10-06,O,A,2262,MAKER_ID_279,2026-10-06,CHECKER_ID_2,2026-10-06,Y
005,2026-10-07,2026-10-07,2026-10-07,O,A,8434,MAKER_ID_280,2026-10-07,CHECKER_ID_2,2026-10-07,Y
006,2026-10-08,2026-10-08,2026-10-08,O,A,6950,MAKER_ID_281,2026-10-08,CHECKER_ID_2,2026-10-08,Y
007,2026-10-09,2026-10-09,2026-10-09,O,A,85,MAKER_ID_282,2026-10-09,CHECKER_ID_2,2026-10-09,Y
008,2026-10-10,2026-10-10,2026-10-10,O,A,5874,MAKER_ID_283,2026-10-10,CHECKER_ID_2,2026-10-10,Y
009,2026-10-11,2026-10-11,2026-10-11,O,A,5256,MAKER_ID_284,2026-10-11,CHECKER_ID_2,2026-10-11,Y
010,2026-10-12,2026-10-12,2026-10-12,O,A,5051,MAKER_ID_285,2026-10-12,CHECKER_ID_2,2026-10-12,Y
011,2026-10-13,2026-10-13,2026-10-13,O,A,7387,MAKER_ID_286,2026-10-13,CHECKER_ID_2,2026-10-13,Y
012,2026-10-14,2026-10-14,2026-10-14,O,A,285,MAKER_ID_287,2026-10-14,CHECKER_ID_2,2026-10-14,Y
013,2026-10-15,2026-10-15,2026-10-15,O,A,1671,MAKER_ID_288,2026-10-15,CHECKER_ID_2,2026-10-15,Y
014,2026-10-16,2026-10-16,2026-10-16,O,A,9659,MAKER_ID_289,2026-10-16,CHECKER_ID_2,2026-10-16,Y
015,2026-10-17,2026-10-17,2026-10-17,O,A,8721,MAKER_ID_290,2026-10-17,CHECKER_ID_2,2026-10-17,Y
016,2026-10-18,2026-10-18,2026-10-18,O,A,9735,MAKER_ID_291,2026-10-18,CHECKER_ID_2,2026-10-18,Y
017,2026-10-19,2026-10-19,2026-10-19,O,A,4521,MAKER_ID_292,2026-10-19,CHECKER_ID_2,2026-10-19,Y
018,2026-10-20,2026-10-20,2026-10-20,O,A,9370,MAKER_ID_293,2026-10-20,CHECKER_ID_2,2026-10-20,Y
019,2026-10-21,2026-10-21,2026-10-21,O,A,1947,MAKER_ID_294,2026-10-21,CHECKER_ID_2,2026-10-21,Y
020,2026-10-22,2026-10-22,2026-10-22,O,A,8728,MAKER_ID_295,2026-10-22,CHECKER_ID_2,2026-10-22,Y
021,2026-10-23,2026-10-23,2026-10-23,O,A,4883,MAKER_ID_296,2026-10-23,CHECKER_ID_2,2026-10-23,Y
022,2026-10-24,2026-10-24,2026-10-24,O,A,634,MAKER_ID_297,2026-10-24,CHECKER_ID_2,2026-10-24,Y
023,2026-10-25,2026-10-25,2026-10-25,O,A,1864,MAKER_ID_298,2026-10-25,CHECKER_ID_2,2026-10-25,Y
024,2026-10-26,2026-10-26,2026-10-26,O,A,6837,MAKER_ID_299,2026-10-26,CHECKER_ID_2,2026-10-26,Y
025,2026-10-27,2026-10-27,2026-10-27,O,U,833,MAKER_ID_300,2026-10-27,CHECKER_ID_3,2026-10-27,Y
099,2026-10-28,2026-10-28,2026-10-28,O,A,9843,MAKER_ID_301,2026-10-28,CHECKER_ID_3,2026-10-28,Y
002,2026-10-29,2026-10-29,2026-10-29,O,A,6268,MAKER_ID_302,2026-10-29,CHECKER_ID_3,2026-10-29,Y
003,2026-10-30,2026-10-30,2026-10-30,O,A,9149,MAKER_ID_303,2026-10-30,CHECKER_ID_3,2026-10-30,Y
004,2026-10-31,2026-10-31,2026-10-31,O,A,7486,MAKER_ID_304,2026-10-31,CHECKER_ID_3,2026-10-31,Y
005,2026-11-01,2026-11-01,2026-11-01,O,A,8473,MAKER_ID_305,2026-11-01,CHECKER_ID_3,2026-11-01,Y
006,2026-11-02,2026-11-02,2026-11-02,O,A,2488,MAKER_ID_306,2026-11-02,CHECKER_ID_3,2026-11-02,Y
007,2026-11-03,2026-11-03,2026-11-03,O,A,4234,MAKER_ID_307,2026-11-03,CHECKER_ID_3,2026-11-03,Y
008,2026-11-04,2026-11-04,2026-11-04,O,A,3787,MAKER_ID_308,2026-11-04,CHECKER_ID_3,2026-11-04,Y
009,2026-11-05,2026-11-05,2026-11-05,O,A,1717,MAKER_ID_309,2026-11-05,CHECKER_ID_3,2026-11-05,Y
010,2026-11-06,2026-11-06,2026-11-06,O,A,463,MAKER_ID_310,2026-11-06,CHECKER_ID_3,2026-11-06,Y
011,2026-11-07,2026-11-07,2026-11-07,O,A,10,MAKER_ID_311,2026-11-07,CHECKER_ID_3,2026-11-07,Y
012,2026-11-08,2026-11-08,2026-11-08,O,A,8602,MAKER_ID_312,2026-11-08,CHECKER_ID_3,2026-11-08,Y
013,2026-11-09,2026-11-09,2026-11-09,O,A,3028,MAKER_ID_313,2026-11-09,CHECKER_ID_3,2026-11-09,Y
014,2026-11-10,2026-11-10,2026-11-10,O,A,7442,MAKER_ID_314,2026-11-10,CHECKER_ID_3,2026-11-10,Y
015,2026-11-11,2026-11-11,2026-11-11,O,A,556,MAKER_ID_315,2026-11-11,CHECKER_ID_3,2026-11-11,Y
016,2026-11-12,2026-11-12,2026-11-12,O,A,3162,MAKER_ID_316,2026-11-12,CHECKER_ID_3,2026-11-12,Y
017,2026-11-13,2026-11-13,2026-11-13,O,A,9165,MAKER_ID_317,2026-11-13,CHECKER_ID_3,2026-11-13,Y
018,2026-11-14,2026-11-14,2026-11-14,O,A,6997,MAKER_ID_318,2026-11-14,CHECKER_ID_3,2026-11-14,Y
019,2026-11-15,2026-11-15,2026-11-15,O,A,1971,MAKER_ID_319,2026-11-15,CHECKER_ID_3,2026-11-15,Y
020,2026-11-16,2026-11-16,2026-11-16,O,A,8695,MAKER_ID_320,2026-11-16,CHECKER_ID_3,2026-11-16,Y
021,2026-11-17,2026-11-17,2026-11-17,O,A,9644,MAKER_ID_321,2026-11-17,CHECKER_ID_3,2026-11-17,Y
022,2026-11-18,2026-11-18,2026-11-18,O,A,2986,MAKER_ID_322,2026-11-18,CHECKER_ID_3,2026-11-18,Y
023,2026-11-19,2026-11-19,2026-11-19,O,U,8139,MAKER_ID_323,2026-11-19,CHECKER_ID_3,2026-11-19,Y
024,2026-11-20,2026-11-20,2026-11-20,O,A,1503,MAKER_ID_324,2026-11-20,CHECKER_ID_3,2026-11-20,Y
025,2026-11-21,2026-11-21,2026-11-21,O,A,1177,MAKER_ID_325,2026-11-21,CHECKER_ID_3,2026-11-21,Y
099,2026-11-22,2026-11-22,2026-11-22,O,A,2870,MAKER_ID_326,2026-11-22,CHECKER_ID_3,2026-11-22,Y
002,2026-11-23,2026-11-23,2026-11-23,O,A,3843,MAKER_ID_327,2026-11-23,CHECKER_ID_3,2026-11-23,Y
003,2026-11-24,2026-11-24,2026-11-24,O,A,4925,MAKER_ID_328,2026-11-24,CHECKER_ID_3,2026-11-24,Y
004,2026-11-25,2026-11-25,2026-11-25,O,A,6077,MAKER_ID_329,2026-11-25,CHECKER_ID_3,2026-11-25,Y
005,2026-11-26,2026-11-26,2026-11-26,O,A,7914,MAKER_ID_330,2026-11-26,CHECKER_ID_3,2026-11-26,Y
006,2026-11-27,2026-11-27,2026-11-27,O,A,114,MAKER_ID_331,2026-11-27,CHECKER_ID_3,2026-11-27,Y
007,2026-11-28,2026-11-28,2026-11-28,O,A,4263,MAKER_ID_332,2026-11-28,CHECKER_ID_3,2026-11-28,Y
008,2026-11-29,2026-11-29,2026-11-29,O,A,1553,MAKER_ID_333,2026-11-29,CHECKER_ID_3,2026-11-29,Y
009,2026-11-30,2026-11-30,2026-11-30,O,A,2912,MAKER_ID_334,2026-11-30,CHECKER_ID_3,2026-11-30,Y
010,2026-12-01,2026-12-01,2026-12-01,O,A,5557,MAKER_ID_335,2026-12-01,CHECKER_ID_3,2026-12-01,Y
011,2026-12-02,2026-12-02,2026-12-02,O,A,8835,MAKER_ID_336,2026-12-02,CHECKER_ID_3,2026-12-02,Y
012,2026-12-03,2026-12-03,2026-12-03,O,A,7733,MAKER_ID_337,2026-12-03,CHECKER_ID_3,2026-12-03,Y
013,2026-12-04,2026-12-04,2026-12-04,O,A,3603,MAKER_ID_338,2026-12-04,CHECKER_ID_3,2026-12-04,Y
014,2026-12-05,2026-12-05,2026-12-05,O,A,3754,MAKER_ID_339,2026-12-05,CHECKER_ID_3,2026-12-05,Y
015,2026-12-06,2026-12-06,2026-12-06,O,A,8059,MAKER_ID_340,2026-12-06,CHECKER_ID_3,2026-12-06,Y
016,2026-12-07,2026-12-07,2026-12-07,O,A,8763,MAKER_ID_341,2026-12-07,CHECKER_ID_3,2026-12-07,Y
017,2026-12-08,2026-12-08,2026-12-08,O,A,4980,MAKER_ID_342,2026-12-08,CHECKER_ID_3,2026-12-08,Y
018,2026-12-09,2026-12-09,2026-12-09,O,A,4215,MAKER_ID_343,2026-12-09,CHECKER_ID_3,2026-12-09,Y
019,2026-12-10,2026-12-10,2026-12-10,O,A,7797,MAKER_ID_344,2026-12-10,CHECKER_ID_3,2026-12-10,Y
020,2026-12-11,2026-12-11,2026-12-11,O,A,9571,MAKER_ID_345,2026-12-11,CHECKER_ID_3,2026-12-11,Y
021,2026-12-12,2026-12-12,2026-12-12,O,U,4473,MAKER_ID_346,2026-12-12,CHECKER_ID_3,2026-12-12,Y
022,2026-12-13,2026-12-13,2026-12-13,O,A,8675,MAKER_ID_347,2026-12-13,CHECKER_ID_3,2026-12-13,Y
023,2026-12-14,2026-12-14,2026-12-14,O,A,5972,MAKER_ID_348,2026-12-14,CHECKER_ID_3,2026-12-14,Y
024,2026-12-15,2026-12-15,2026-12-15,O,A,9845,MAKER_ID_349,2026-12-15,CHECKER_ID_3,2026-12-15,Y
025,2026-12-16,2026-12-16,2026-12-16,O,A,1816,MAKER_ID_350,2026-12-16,CHECKER_ID_3,2026-12-16,Y
099,2026-12-17,2026-12-17,2026-12-17,O,A,279,MAKER_ID_351,2026-12-17,CHECKER_ID_3,2026-12-17,Y
002,2026-12-18,2026-12-18,2026-12-18,O,A,5066,MAKER_ID_352,2026-12-18,CHECKER_ID_3,2026-12-18,Y
003,2026-12-19,2026-12-19,2026-12-19,O,A,455,MAKER_ID_353,2026-12-19,CHECKER_ID_3,2026-12-19,Y
004,2026-12-20,2026-12-20,2026-12-20,O,A,1210,MAKER_ID_354,2026-12-20,CHECKER_ID_3,2026-12-20,Y
005,2026-12-21,2026-12-21,2026-12-21,O,A,4814,MAKER_ID_355,2026-12-21,CHECKER_ID_3,2026-12-21,Y
006,2026-12-22,2026-12-22,2026-12-22,O,A,8168,MAKER_ID_356,2026-12-22,CHECKER_ID_3,2026-12-22,Y
007,2026-12-23,2026-12-23,2026-12-23,O,A,2565,MAKER_ID_357,2026-12-23,CHECKER_ID_3,2026-12-23,Y
008,2026-12-24,2026-12-24,2026-12-24,O,A,6500,MAKER_ID_358,2026-12-24,CHECKER_ID_3,2026-12-24,Y
009,2026-12-25,2026-12-25,2026-12-25,O,A,3748,MAKER_ID_359,2026-12-25,CHECKER_ID_3,2026-12-25,Y
010,2026-12-26,2026-12-26,2026-12-26,O,A,9319,MAKER_ID_360,2026-12-26,CHECKER_ID_3,2026-12-26,Y
011,2026-12-27,2026-12-27,2026-12-27,O,A,6053,MAKER_ID_361,2026-12-27,CHECKER_ID_3,2026-12-27,Y
012,2026-12-28,2026-12-28,2026-12-28,O,A,9893,MAKER_ID_362,2026-12-28,CHECKER_ID_3,2026-12-28,Y
013,2026-12-29,2026-12-29,2026-12-29,O,A,6308,MAKER_ID_363,2026-12-29,CHECKER_ID_3,2026-12-29,Y
014,2026-12-30,2026-12-30,2026-12-30,O,A,1047,MAKER_ID_364,2026-12-30,CHECKER_ID_3,2026-12-30,Y
015,2026-12-31,2026-12-31,2026-12-31,O,A,6702,MAKER_ID_365,2026-12-31,CHECKER_ID_3,2026-12-31,Y
016,2026-01-01,2026-01-01,2026-01-01,O,A,4622,MAKER_ID_366,2026-01-01,CHECKER_ID_3,2026-01-01,Y
017,2026-01-02,2026-01-02,2026-01-02,O,A,7087,MAKER_ID_367,2026-01-02,CHECKER_ID_3,2026-01-02,Y
