BRANCH,ACCOUNT,AVAILABLEDATE,TRNREFNO,TRNCODE,EVENT_SEQ_NO,AMOUNT,BANKCODE,COLLECT,AVAILABLE_HOUR,AVAILABLE_MINUTE,PKEY,TXN_DT,CLEARING_HOUSE,INSTRUMENT_NO,TXN_INIT_DT,COMPENSATION_DATE,CCY,CHECKER_DT_STAMP,CHECKER_ID,MAKER_DT_STAMP,MAKER_ID,AUTH_STAT,RECORD_STAT,ONCE_AUTH,MOD_NO,MODULE_CODE
001,100000000001,2026-01-01,TRNREFNO_1,TRN,738876,110998.400,BANKCODE_1,C,32,62,700338,2026-01-01,CLEARING_HOU,INSTRUMENT_NO_1,2026-01-01,2026-01-01,USD,2026-01-01,CHECKER_ID_1,2026-01-01,MAKER_ID_1,U,O,Y,7489,MO
002,100000000002,2026-01-02,TRNREFNO_2,TRN,121769,15127.100,BANKCODE_2,C,30,13,118332,2026-01-02,CLEARING_HOU,INSTRUMENT_NO_2,2026-01-02,2026-01-02,PEN,2026-01-02,CHECKER_ID_2,2026-01-02,MAKER_ID_2,A,O,Y,1524,MO
003,100000000003,2026-01-03,TRNREFNO_3,TRN,41587,3859.000,BANKCODE_3,C,54,97,373307,2026-01-03,CLEARING_HOU,INSTRUMENT_NO_3,2026-01-03,2026-01-03,EUR,2026-01-03,CHECKER_ID_3,2026-01-03,MAKER_ID_3,A,O,Y,3077,MO
004,100000000004,2026-01-04,TRNREFNO_4,TRN,725383,7215.400,BANKCODE_4,C,84,54,790543,2026-01-04,CLEARING_HOU,INSTRUMENT_NO_4,2026-01-04,2026-01-04,BRL,2026-01-04,CHECKER_ID_4,2026-01-04,MAKER_ID_4,A,O,Y,6450,MO
005,100000000005,2026-01-05,TRNREFNO_5,TRN,264076,21337.000,BANKCODE_5,C,65,63,297173,2026-01-05,CLEARING_HOU,INSTRUMENT_NO_5,2026-01-05,2026-01-05,USD,2026-01-05,CHECKER_ID_5,2026-01-05,MAKER_ID_5,A,O,Y,2668,MO
006,100000000006,2026-01-06,TRNREFNO_6,TRN,629041,9946.300,BANKCODE_6,C,95,79,256601,2026-01-06,CLEARING_HOU,INSTRUMENT_NO_6,2026-01-06,2026-01-06,PEN,2026-01-06,CHECKER_ID_6,2026-01-06,MAKER_ID_6,A,O,Y,4851,MO
007,100000000007,2026-01-07,TRNREFNO_7,TRN,743660,1051.600,BANKCODE_7,C,56,13,540755,2026-01-07,CLEARING_HOU,INSTRUMENT_NO_7,2026-01-07,2026-01-07,EUR,2026-01-07,CHECKER_ID_7,2026-01-07,MAKER_ID_7,A,O,Y,6277,MO
008,100000000008,2026-01-08,TRNREFNO_8,TRN,602499,4151.400,BANKCODE_8,C,16,51,777276,2026-01-08,CLEARING_HOU,INSTRUMENT_NO_8,2026-01-08,2026-01-08,BRL,2026-01-08,CHECKER_ID_8,2026-01-08,MAKER_ID_8,A,O,Y,488,MO
009,100000000009,2026-01-09,TRNREFNO_9,TRN,140623,22069.400,BANKCODE_9,C,99,57,584569,2026-01-09,CLEARING_HOU,INSTRUMENT_NO_9,2026-01-09,2026-01-09,USD,2026-01-09,CHECKER_ID_9,2026-01-09,MAKER_ID_9,A,O,Y,8086,MO
010,100000000010,2026-01-10,TRNREFNO_10,TRN,210017,8146.300,BANKCODE_10,C,69,70,623016,2026-01-10,CLEARING_HOU,INSTRUMENT_NO_10,2026-01-10,2026-01-10,PEN,2026-01-10,CHECKER_ID_1,2026-01-10,MAKER_ID_10,A,O,Y,6166,MO
011,100000000011,2026-01-11,TRNREFNO_11,TRN,441636,12307.200,BANKCODE_11,C,44,39,103532,2026-01-11,CLEARING_HOU,INSTRUMENT_NO_11,2026-01-11,2026-01-11,EUR,2026-01-11,CHECKER_ID_1,2026-01-11,MAKER_ID_11,A,O,Y,2786,MO
012,100000000012,2026-01-12,TRNREFNO_12,TRN,493230,13948.700,BANKCODE_12,C,51,63,645168,2026-01-12,CLEARING_HOU,INSTRUMENT_NO_12,2026-01-12,2026-01-12,BRL,2026-01-12,CHECKER_ID_1,2026-01-12,MAKER_ID_12,A,O,Y,7038,MO
013,100000000013,2026-01-13,TRNREFNO_13,TRN,376886,22892.200,BANKCODE_13,C,72,64,537596,2026-01-13,CLEARING_HOU,INSTRUMENT_NO_13,2026-01-13,2026-01-13,USD,2026-01-13,CHECKER_ID_1,2026-01-13,MAKER_ID_13,A,O,Y,4757,MO
014,100000000014,2026-01-14,TRNREFNO_14,TRN,277618,8410.300,BANKCODE_14,C,83,45,318769,2026-01-14,CLEARING_HOU,INSTRUMENT_NO_14,2026-01-14,2026-01-14,PEN,2026-01-14,CHECKER_ID_1,2026-01-14,MAKER_ID_14,A,O,Y,308,MO
015,100000000015,2026-01-15,TRNREFNO_15,TRN,842311,6786.100,BANKCODE_15,C,55,32,350367,2026-01-15,CLEARING_HOU,INSTRUMENT_NO_15,2026-01-15,2026-01-15,EUR,2026-01-15,CHECKER_ID_1,2026-01-15,MAKER_ID_15,A,O,Y,1759,MO
016,100000000016,2026-01-16,TRNREFNO_16,TRN,270608,7805.500,BANKCODE_16,C,13,24,844217,2026-01-16,CLEARING_HOU,INSTRUMENT_NO_16,2026-01-16,2026-01-16,BRL,2026-01-16,CHECKER_ID_1,2026-01-16,MAKER_ID_16,A,O,Y,1515,MO
017,100000000017,2026-01-17,TRNREFNO_17,TRN,672477,10546.300,BANKCODE_17,C,91,45,655820,2026-01-17,CLEARING_HOU,INSTRUMENT_NO_17,2026-01-17,2026-01-17,USD,2026-01-17,CHECKER_ID_1,2026-01-17,MAKER_ID_17,A,O,Y,1392,MO
018,100000000018,2026-01-18,TRNREFNO_18,TRN,872319,15043.000,BANKCODE_18,C,91,70,162868,2026-01-18,CLEARING_HOU,INSTRUMENT_NO_18,2026-01-18,2026-01-18,PEN,2026-01-18,CHECKER_ID_1,2026-01-18,MAKER_ID_18,A,O,Y,9760,MO
019,100000000019,2026-01-19,TRNREFNO_19,TRN,773690,14752.100,BANKCODE_19,C,27,51,812294,2026-01-19,CLEARING_HOU,INSTRUMENT_NO_19,2026-01-19,2026-01-19,EUR,2026-01-19,CHECKER_ID_1,2026-01-19,MAKER_ID_19,A,O,Y,6202,MO
020,100000000020,2026-01-20,TRNREFNO_20,TRN,374249,4376.500,BANKCODE_20,C,45,67,265017,2026-01-20,CLEARING_HOU,INSTRUMENT_NO_20,2026-01-20,2026-01-20,BRL,2026-01-20,CHECKER_ID_2,2026-01-20,MAKER_ID_20,A,O,Y,6621,MO
021,100000000021,2026-01-21,TRNREFNO_21,TRN,348804,7395.700,BANKCODE_21,C,66,74,638688,2026-01-21,CLEARING_HOU,INSTRUMENT_NO_21,2026-01-21,2026-01-21,USD,2026-01-21,CHECKER_ID_2,2026-01-21,MAKER_ID_21,A,O,Y,127,MO
022,100000000022,2026-01-22,TRNREFNO_22,TRN,511248,8507.700,BANKCODE_22,C,83,29,333254,2026-01-22,CLEARING_HOU,INSTRUMENT_NO_22,2026-01-22,2026-01-22,PEN,2026-01-22,CHECKER_ID_2,2026-01-22,MAKER_ID_22,A,O,Y,9071,MO
023,100000000023,2026-01-23,TRNREFNO_23,TRN,942814,15507.500,BANKCODE_23,C,38,76,599566,2026-01-23,CLEARING_HOU,INSTRUMENT_NO_23,2026-01-23,2026-01-23,EUR,2026-01-23,CHECKER_ID_2,2026-01-23,MAKER_ID_23,A,O,Y,3536,MO
024,100000000024,2026-01-24,TRNREFNO_24,TRN,548984,4876.500,BANKCODE_24,C,0,86,35439,2026-01-24,CLEARING_HOU,INSTRUMENT_NO_24,2026-01-24,2026-01-24,BRL,2026-01-24,CHECKER_ID_2,2026-01-24,MAKER_ID_24,U,O,Y,6038,MO
025,100000000025,2026-01-25,TRNREFNO_25,TRN,802478,841.700,BANKCODE_25,C,82,11,924511,2026-01-25,CLEARING_HOU,INSTRUMENT_NO_25,2026-01-25,2026-01-25,USD,2026-01-25,CHECKER_ID_2,2026-01-25,MAKER_ID_25,A,O,Y,2790,MO
001,100000000026,2026-01-26,TRNREFNO_26,TRN,799124,15194.100,BANKCODE_26,C,2,70,159472,2026-01-26,CLEARING_HOU,INSTRUMENT_NO_26,2026-01-26,2026-01-26,PEN,2026-01-26,CHECKER_ID_2,2026-01-26,MAKER_ID_26,A,O,Y,9726,MO
002,100000000027,2026-01-27,TRNREFNO_27,TRN,146499,20911.800,BANKCODE_27,C,99,86,881194,2026-01-27,CLEARING_HOU,INSTRUMENT_NO_27,2026-01-27,2026-01-27,EUR,2026-01-27,CHECKER_ID_2,2026-01-27,MAKER_ID_27,A,O,Y,3971,MO
003,100000000028,2026-01-28,TRNREFNO_28,TRN,728751,8657.100,BANKCODE_28,C,28,55,394120,2026-01-28,CLEARING_HOU,INSTRUMENT_NO_28,2026-01-28,2026-01-28,BRL,2026-01-28,CHECKER_ID_2,2026-01-28,MAKER_ID_28,A,O,Y,1384,MO
004,100000000029,2026-01-29,TRNREFNO_29,TRN,545930,14441.300,BANKCODE_29,C,56,75,6413,2026-01-29,CLEARING_HOU,INSTRUMENT_NO_29,2026-01-29,2026-01-29,USD,2026-01-29,CHECKER_ID_2,2026-01-29,MAKER_ID_29,A,O,Y,2311,MO
005,100000000030,2026-01-30,TRNREFNO_30,TRN,522578,22151.400,BANKCODE_30,C,3,83,387683,2026-01-30,CLEARING_HOU,INSTRUMENT_NO_30,2026-01-30,2026-01-30,PEN,2026-01-30,CHECKER_ID_3,2026-01-30,MAKER_ID_30,A,O,Y,4179,MO
006,100000000031,2026-01-31,TRNREFNO_31,TRN,360454,8687.100,BANKCODE_31,C,20,27,808370,2026-01-31,CLEARING_HOU,INSTRUMENT_NO_31,2026-01-31,2026-01-31,EUR,2026-01-31,CHECKER_ID_3,2026-01-31,MAKER_ID_31,A,O,Y,2456,MO
007,100000000032,2026-02-01,TRNREFNO_32,TRN,56136,1003.800,BANKCODE_32,C,92,24,73698,2026-02-01,CLEARING_HOU,INSTRUMENT_NO_32,2026-02-01,2026-02-01,BRL,2026-02-01,CHECKER_ID_3,2026-02-01,MAKER_ID_32,A,O,Y,940,MO
008,100000000033,2026-02-02,TRNREFNO_33,TRN,142734,23881.200,BANKCODE_33,C,7,22,758386,2026-02-02,CLEARING_HOU,INSTRUMENT_NO_33,2026-02-02,2026-02-02,USD,2026-02-02,CHECKER_ID_3,2026-02-02,MAKER_ID_33,A,O,Y,7179,MO
009,100000000034,2026-02-03,TRNREFNO_34,TRN,293759,20233.700,BANKCODE_34,C,41,78,268836,2026-02-03,CLEARING_HOU,INSTRUMENT_NO_34,2026-02-03,2026-02-03,PEN,2026-02-03,CHECKER_ID_3,2026-02-03,MAKER_ID_34,A,O,Y,6251,MO
010,100000000035,2026-02-04,TRNREFNO_35,TRN,266652,11004.900,BANKCODE_35,C,80,46,918399,2026-02-04,CLEARING_HOU,INSTRUMENT_NO_35,2026-02-04,2026-02-04,EUR,2026-02-04,CHECKER_ID_3,2026-02-04,MAKER_ID_35,A,O,Y,8775,MO
011,100000000036,2026-02-05,TRNREFNO_36,TRN,676553,1993.500,BANKCODE_36,C,81,68,858845,2026-02-05,CLEARING_HOU,INSTRUMENT_NO_36,2026-02-05,2026-02-05,BRL,2026-02-05,CHECKER_ID_3,2026-02-05,MAKER_ID_36,A,O,Y,6885,MO
012,100000000037,2026-02-06,TRNREFNO_37,TRN,20941,20785.900,BANKCODE_37,C,90,43,79106,2026-02-06,CLEARING_HOU,INSTRUMENT_NO_37,2026-02-06,2026-02-06,USD,2026-02-06,CHECKER_ID_3,2026-02-06,MAKER_ID_37,A,O,Y,4295,MO
013,100000000038,2026-02-07,TRNREFNO_38,TRN,742881,68239.200,BANKCODE_38,C,74,45,605945,2026-02-07,CLEARING_HOU,INSTRUMENT_NO_38,2026-02-07,2026-02-07,PEN,2026-02-07,CHECKER_ID_3,2026-02-07,MAKER_ID_38,A,O,Y,2625,MO
014,100000000039,2026-02-08,TRNREFNO_39,TRN,829227,15731.800,BANKCODE_39,C,30,54,487978,2026-02-08,CLEARING_HOU,INSTRUMENT_NO_39,2026-02-08,2026-02-08,EUR,2026-02-08,CHECKER_ID_3,2026-02-08,MAKER_ID_39,A,O,Y,9591,MO
015,100000000040,2026-02-09,TRNREFNO_40,TRN,877744,24441.400,BANKCODE_40,C,32,56,748632,2026-02-09,CLEARING_HOU,INSTRUMENT_NO_40,2026-02-09,2026-02-09,BRL,2026-02-09,CHECKER_ID_4,2026-02-09,MAKER_ID_40,A,O,Y,6096,MO
016,100000000041,2026-02-10,TRNREFNO_41,TRN,171729,1991.700,BANKCODE_41,C,22,27,930920,2026-02-10,CLEARING_HOU,INSTRUMENT_NO_41,2026-02-10,2026-02-10,USD,2026-02-10,CHECKER_ID_4,2026-02-10,MAKER_ID_41,A,O,Y,4018,MO
017,100000000042,2026-02-11,TRNREFNO_42,TRN,569746,10648.900,BANKCODE_42,C,70,3,137375,2026-02-11,CLEARING_HOU,INSTRUMENT_NO_42,2026-02-11,2026-02-11,PEN,2026-02-11,CHECKER_ID_4,2026-02-11,MAKER_ID_42,A,O,Y,4829,MO
018,100000000043,2026-02-12,TRNREFNO_43,TRN,764555,5640.400,BANKCODE_43,C,26,39,337428,2026-02-12,CLEARING_HOU,INSTRUMENT_NO_43,2026-02-12,2026-02-12,EUR,2026-02-12,CHECKER_ID_4,2026-02-12,MAKER_ID_43,A,O,Y,7299,MO
019,100000000044,2026-02-13,TRNREFNO_44,TRN,398507,14931.400,BANKCODE_44,C,48,58,644999,2026-02-13,CLEARING_HOU,INSTRUMENT_NO_44,2026-02-13,2026-02-13,BRL,2026-02-13,CHECKER_ID_4,2026-02-13,MAKER_ID_44,A,O,Y,9552,MO
020,100000000045,2026-02-14,TRNREFNO_45,TRN,399635,22088.600,BANKCODE_45,C,94,55,560862,2026-02-14,CLEARING_HOU,INSTRUMENT_NO_45,2026-02-14,2026-02-14,USD,2026-02-14,CHECKER_ID_4,2026-02-14,MAKER_ID_45,A,O,Y,7993,MO
021,100000000046,2026-02-15,TRNREFNO_46,TRN,203875,1487.300,BANKCODE_46,C,54,19,981176,2026-02-15,CLEARING_HOU,INSTRUMENT_NO_46,2026-02-15,2026-02-15,PEN,2026-02-15,CHECKER_ID_4,2026-02-15,MAKER_ID_46,A,O,Y,5974,MO
022,100000000047,2026-02-16,TRNREFNO_47,TRN,284180,319.800,BANKCODE_47,C,91,10,666843,2026-02-16,CLEARING_HOU,INSTRUMENT_NO_47,2026-02-16,2026-02-16,EUR,2026-02-16,CHECKER_ID_4,2026-02-16,MAKER_ID_47,U,O,Y,6658,MO
023,100000000048,2026-02-17,TRNREFNO_48,TRN,911897,14167.900,BANKCODE_48,C,10,50,816719,2026-02-17,CLEARING_HOU,INSTRUMENT_NO_48,2026-02-17,2026-02-17,BRL,2026-02-17,CHECKER_ID_4,2026-02-17,MAKER_ID_48,A,O,Y,4754,MO
024,100000000049,2026-02-18,TRNREFNO_49,TRN,386384,5252.700,BANKCODE_49,C,22,87,119684,2026-02-18,CLEARING_HOU,INSTRUMENT_NO_49,2026-02-18,2026-02-18,USD,2026-02-18,CHECKER_ID_4,2026-02-18,MAKER_ID_49,A,O,Y,8740,MO
025,100000000050,2026-02-19,TRNREFNO_50,TRN,948462,13157.600,BANKCODE_50,C,54,41,581141,2026-02-19,CLEARING_HOU,INSTRUMENT_NO_50,2026-02-19,2026-02-19,PEN,2026-02-19,CHECKER_ID_5,2026-02-19,MAKER_ID_50,A,O,Y,6743,MO
001,100000000051,2026-02-20,TRNREFNO_51,TRN,436031,7855.200,BANKCODE_51,C,69,8,657947,2026-02-20,CLEARING_HOU,INSTRUMENT_NO_51,2026-02-20,2026-02-20,EUR,2026-02-20,CHECKER_ID_5,2026-02-20,MAKER_ID_51,A,O,Y,5825,MO
002,100000000052,2026-02-21,TRNREFNO_52,TRN,670319,2678.700,BANKCODE_52,C,33,96,877892,2026-02-21,CLEARING_HOU,INSTRUMENT_NO_52,2026-02-21,2026-02-21,BRL,2026-02-21,CHECKER_ID_5,2026-02-21,MAKER_ID_52,A,O,Y,2745,MO
003,100000000053,2026-02-22,TRNREFNO_53,TRN,638187,2021.300,BANKCODE_53,C,2,77,540930,2026-02-22,CLEARING_HOU,INSTRUMENT_NO_53,2026-02-22,2026-02-22,USD,2026-02-22,CHECKER_ID_5,2026-02-22,MAKER_ID_53,A,O,Y,6187,MO
004,100000000054,2026-02-23,TRNREFNO_54,TRN,403412,24283.700,BANKCODE_54,C,33,24,223519,2026-02-23,CLEARING_HOU,INSTRUMENT_NO_54,2026-02-23,2026-02-23,PEN,2026-02-23,CHECKER_ID_5,2026-02-23,MAKER_ID_54,A,O,Y,1332,MO
005,100000000055,2026-02-24,TRNREFNO_55,TRN,313409,18640.500,BANKCODE_55,C,45,55,648032,2026-02-24,CLEARING_HOU,INSTRUMENT_NO_55,2026-02-24,2026-02-24,EUR,2026-02-24,CHECKER_ID_5,2026-02-24,MAKER_ID_55,A,O,Y,5371,MO
006,100000000056,2026-02-25,TRNREFNO_56,TRN,562366,3417.300,BANKCODE_56,C,86,30,749193,2026-02-25,CLEARING_HOU,INSTRUMENT_NO_56,2026-02-25,2026-02-25,BRL,2026-02-25,CHECKER_ID_5,2026-02-25,MAKER_ID_56,A,O,Y,61,MO
007,100000000057,2026-02-26,TRNREFNO_57,TRN,93357,18448.700,BANKCODE_57,C,27,98,474330,2026-02-26,CLEARING_HOU,INSTRUMENT_NO_57,2026-02-26,2026-02-26,USD,2026-02-26,CHECKER_ID_5,2026-02-26,MAKER_ID_57,A,O,Y,1202,MO
008,100000000058,2026-02-27,TRNREFNO_58,TRN,130263,10201.000,BANKCODE_58,C,74,1,167429,2026-02-27,CLEARING_HOU,INSTRUMENT_NO_58,2026-02-27,2026-02-27,PEN,2026-02-27,CHECKER_ID_5,2026-02-27,MAKER_ID_58,A,O,Y,9254,MO
009,100000000059,2026-02-28,TRNREFNO_59,TRN,320162,11288.600,BANKCODE_59,C,18,63,441000,2026-02-28,CLEARING_HOU,INSTRUMENT_NO_59,2026-02-28,2026-02-28,EUR,2026-02-28,CHECKER_ID_5,2026-02-28,MAKER_ID_59,A,O,Y,492,MO
010,100000000060,2026-03-01,TRNREFNO_60,TRN,757826,11603.300,BANKCODE_60,C,51,27,614408,2026-03-01,CLEARING_HOU,INSTRUMENT_NO_60,2026-03-01,2026-03-01,BRL,2026-03-01,CHECKER_ID_6,2026-03-01,MAKER_ID_60,A,O,Y,8195,MO
011,100000000061,2026-03-02,TRNREFNO_61,TRN,346301,4422.100,BANKCODE_61,C,50,57,935685,2026-03-02,CLEARING_HOU,INSTRUMENT_NO_61,2026-03-02,2026-03-02,USD,2026-03-02,CHECKER_ID_6,2026-03-02,MAKER_ID_61,A,O,Y,5079,MO
012,100000000062,2026-03-03,TRNREFNO_62,TRN,437125,21429.300,BANKCODE_62,C,92,7,578278,2026-03-03,CLEARING_HOU,INSTRUMENT_NO_62,2026-03-03,2026-03-03,PEN,2026-03-03,CHECKER_ID_6,2026-03-03,MAKER_ID_62,A,O,Y,7580,MO
013,100000000063,2026-03-04,TRNREFNO_63,TRN,546542,22913.900,BANKCODE_63,C,32,99,354515,2026-03-04,CLEARING_HOU,INSTRUMENT_NO_63,2026-03-04,2026-03-04,EUR,2026-03-04,CHECKER_ID_6,2026-03-04,MAKER_ID_63,A,O,Y,9863,MO
014,100000000064,2026-03-05,TRNREFNO_64,TRN,937823,6877.200,BANKCODE_64,C,50,98,348521,2026-03-05,CLEARING_HOU,INSTRUMENT_NO_64,2026-03-05,2026-03-05,BRL,2026-03-05,CHECKER_ID_6,2026-03-05,MAKER_ID_64,A,O,Y,9763,MO
015,100000000065,2026-03-06,TRNREFNO_65,TRN,463501,11970.500,BANKCODE_65,C,54,63,346336,2026-03-06,CLEARING_HOU,INSTRUMENT_NO_65,2026-03-06,2026-03-06,USD,2026-03-06,CHECKER_ID_6,2026-03-06,MAKER_ID_65,A,O,Y,8709,MO
016,100000000066,2026-03-07,TRNREFNO_66,TRN,170013,18596.500,BANKCODE_66,C,32,65,475226,2026-03-07,CLEARING_HOU,INSTRUMENT_NO_66,2026-03-07,2026-03-07,PEN,2026-03-07,CHECKER_ID_6,2026-03-07,MAKER_ID_66,A,O,Y,3370,MO
017,100000000067,2026-03-08,TRNREFNO_67,TRN,634203,15153.000,BANKCODE_67,C,4,54,690470,2026-03-08,CLEARING_HOU,INSTRUMENT_NO_67,2026-03-08,2026-03-08,EUR,2026-03-08,CHECKER_ID_6,2026-03-08,MAKER_ID_67,A,O,Y,7219,MO
018,100000000068,2026-03-09,TRNREFNO_68,TRN,919189,4117.600,BANKCODE_68,C,52,6,661921,2026-03-09,CLEARING_HOU,INSTRUMENT_NO_68,2026-03-09,2026-03-09,BRL,2026-03-09,CHECKER_ID_6,2026-03-09,MAKER_ID_68,A,O,Y,5364,MO
019,100000000069,2026-03-10,TRNREFNO_69,TRN,986520,3280.200,BANKCODE_69,C,20,67,176916,2026-03-10,CLEARING_HOU,INSTRUMENT_NO_69,2026-03-10,2026-03-10,USD,2026-03-10,CHECKER_ID_6,2026-03-10,MAKER_ID_69,A,O,Y,414,MO
020,100000000070,2026-03-11,TRNREFNO_70,TRN,86105,15179.300,BANKCODE_70,C,12,33,130601,2026-03-11,CLEARING_HOU,INSTRUMENT_NO_70,2026-03-11,2026-03-11,PEN,2026-03-11,CHECKER_ID_7,2026-03-11,MAKER_ID_70,U,O,Y,4646,MO
021,100000000071,2026-03-12,TRNREFNO_71,TRN,847311,5751.100,BANKCODE_71,C,50,51,879961,2026-03-12,CLEARING_HOU,INSTRUMENT_NO_71,2026-03-12,2026-03-12,EUR,2026-03-12,CHECKER_ID_7,2026-03-12,MAKER_ID_71,A,O,Y,9419,MO
022,100000000072,2026-03-13,TRNREFNO_72,TRN,119414,10948.800,BANKCODE_72,C,90,32,593335,2026-03-13,CLEARING_HOU,INSTRUMENT_NO_72,2026-03-13,2026-03-13,BRL,2026-03-13,CHECKER_ID_7,2026-03-13,MAKER_ID_72,A,O,Y,6724,MO
023,100000000073,2026-03-14,TRNREFNO_73,TRN,63529,20121.800,BANKCODE_73,C,73,48,609157,2026-03-14,CLEARING_HOU,INSTRUMENT_NO_73,2026-03-14,2026-03-14,USD,2026-03-14,CHECKER_ID_7,2026-03-14,MAKER_ID_73,A,O,Y,5608,MO
024,100000000074,2026-03-15,TRNREFNO_74,TRN,804454,19325.600,BANKCODE_74,C,7,51,213869,2026-03-15,CLEARING_HOU,INSTRUMENT_NO_74,2026-03-15,2026-03-15,PEN,2026-03-15,CHECKER_ID_7,2026-03-15,MAKER_ID_74,A,O,Y,7343,MO
025,100000000075,2026-03-16,TRNREFNO_75,TRN,782288,43900.000,BANKCODE_75,C,87,53,76707,2026-03-16,CLEARING_HOU,INSTRUMENT_NO_75,2026-03-16,2026-03-16,EUR,2026-03-16,CHECKER_ID_7,2026-03-16,MAKER_ID_75,A,O,Y,3860,MO
001,100000000076,2026-03-17,TRNREFNO_76,TRN,392002,9801.400,BANKCODE_76,C,5,55,233168,2026-03-17,CLEARING_HOU,INSTRUMENT_NO_76,2026-03-17,2026-03-17,BRL,2026-03-17,CHECKER_ID_7,2026-03-17,MAKER_ID_76,A,O,Y,1062,MO
002,100000000077,2026-03-18,TRNREFNO_77,TRN,400676,19445.000,BANKCODE_77,C,46,17,897448,2026-03-18,CLEARING_HOU,INSTRUMENT_NO_77,2026-03-18,2026-03-18,USD,2026-03-18,CHECKER_ID_7,2026-03-18,MAKER_ID_77,A,O,Y,3213,MO
003,100000000078,2026-03-19,TRNREFNO_78,TRN,953500,15840.800,BANKCODE_78,C,1,20,871833,2026-03-19,CLEARING_HOU,INSTRUMENT_NO_78,2026-03-19,2026-03-19,PEN,2026-03-19,CHECKER_ID_7,2026-03-19,MAKER_ID_78,A,O,Y,3532,MO
004,100000000079,2026-03-20,TRNREFNO_79,TRN,572548,6068.300,BANKCODE_79,C,15,4,85816,2026-03-20,CLEARING_HOU,INSTRUMENT_NO_79,2026-03-20,2026-03-20,EUR,2026-03-20,CHECKER_ID_7,2026-03-20,MAKER_ID_79,A,O,Y,632,MO
005,100000000080,2026-03-21,TRNREFNO_80,TRN,458239,22712.800,BANKCODE_80,C,52,75,473362,2026-03-21,CLEARING_HOU,INSTRUMENT_NO_80,2026-03-21,2026-03-21,BRL,2026-03-21,CHECKER_ID_8,2026-03-21,MAKER_ID_80,A,O,Y,1707,MO
006,100000000081,2026-03-22,TRNREFNO_81,TRN,308669,12798.900,BANKCODE_81,C,73,50,280663,2026-03-22,CLEARING_HOU,INSTRUMENT_NO_81,2026-03-22,2026-03-22,USD,2026-03-22,CHECKER_ID_8,2026-03-22,MAKER_ID_81,A,O,Y,271,MO
007,100000000082,2026-03-23,TRNREFNO_82,TRN,619304,18707.700,BANKCODE_82,C,55,29,207187,2026-03-23,CLEARING_HOU,INSTRUMENT_NO_82,2026-03-23,2026-03-23,PEN,2026-03-23,CHECKER_ID_8,2026-03-23,MAKER_ID_82,A,O,Y,1622,MO
008,100000000083,2026-03-24,TRNREFNO_83,TRN,953364,7825.200,BANKCODE_83,C,19,21,757432,2026-03-24,CLEARING_HOU,INSTRUMENT_NO_83,2026-03-24,2026-03-24,EUR,2026-03-24,CHECKER_ID_8,2026-03-24,MAKER_ID_83,A,O,Y,7518,MO
009,100000000084,2026-03-25,TRNREFNO_84,TRN,388727,2123.700,BANKCODE_84,C,56,62,447347,2026-03-25,CLEARING_HOU,INSTRUMENT_NO_84,2026-03-25,2026-03-25,BRL,2026-03-25,CHECKER_ID_8,2026-03-25,MAKER_ID_84,A,O,Y,617,MO
010,100000000085,2026-03-26,TRNREFNO_85,TRN,713074,12301.000,BANKCODE_85,C,59,76,782748,2026-03-26,CLEARING_HOU,INSTRUMENT_NO_85,2026-03-26,2026-03-26,USD,2026-03-26,CHECKER_ID_8,2026-03-26,MAKER_ID_85,A,O,Y,167,MO
011,100000000086,2026-03-27,TRNREFNO_86,TRN,204716,17684.700,BANKCODE_86,C,98,68,50200,2026-03-27,CLEARING_HOU,INSTRUMENT_NO_86,2026-03-27,2026-03-27,PEN,2026-03-27,CHECKER_ID_8,2026-03-27,MAKER_ID_86,A,O,Y,7146,MO
012,100000000087,2026-03-28,TRNREFNO_87,TRN,269087,16678.600,BANKCODE_87,C,56,71,486669,2026-03-28,CLEARING_HOU,INSTRUMENT_NO_87,2026-03-28,2026-03-28,EUR,2026-03-28,CHECKER_ID_8,2026-03-28,MAKER_ID_87,A,O,Y,2041,MO
013,100000000088,2026-03-29,TRNREFNO_88,TRN,896131,4289.400,BANKCODE_88,C,22,52,511073,2026-03-29,CLEARING_HOU,INSTRUMENT_NO_88,2026-03-29,2026-03-29,BRL,2026-03-29,CHECKER_ID_8,2026-03-29,MAKER_ID_88,A,O,Y,7254,MO
014,100000000089,2026-03-30,TRNREFNO_89,TRN,282107,19643.300,BANKCODE_89,C,10,25,628110,2026-03-30,CLEARING_HOU,INSTRUMENT_NO_89,2026-03-30,2026-03-30,USD,2026-03-30,CHECKER_ID_8,2026-03-30,MAKER_ID_89,A,O,Y,6242,MO
015,100000000090,2026-03-31,TRNREFNO_90,TRN,868251,14479.600,BANKCODE_90,C,77,48,411477,2026-03-31,CLEARING_HOU,INSTRUMENT_NO_90,2026-03-31,2026-03-31,PEN,2026-03-31,CHECKER_ID_9,2026-03-31,MAKER_ID_90,A,O,Y,7790,MO
016,100000000091,2026-04-01,TRNREFNO_91,TRN,76759,16125.000,BANKCODE_91,C,45,93,289716,2026-04-01,CLEARING_HOU,INSTRUMENT_NO_91,2026-04-01,2026-04-01,EUR,2026-04-01,CHECKER_ID_9,2026-04-01,MAKER_ID_91,A,O,Y,6500,MO
017,100000000092,2026-04-02,TRNREFNO_92,TRN,123393,24039.200,BANKCODE_92,C,94,68,22696,2026-04-02,CLEARING_HOU,INSTRUMENT_NO_92,2026-04-02,2026-04-02,BRL,2026-04-02,CHECKER_ID_9,2026-04-02,MAKER_ID_92,A,O,Y,6527,MO
018,100000000093,2026-04-03,TRNREFNO_93,TRN,579587,15476.500,BANKCODE_93,C,2,41,820780,2026-04-03,CLEARING_HOU,INSTRUMENT_NO_93,2026-04-03,2026-04-03,USD,2026-04-03,CHECKER_ID_9,2026-04-03,MAKER_ID_93,U,O,Y,7732,MO
019,100000000094,2026-04-04,TRNREFNO_94,TRN,408613,17137.400,BANKCODE_94,C,40,56,865452,2026-04-04,CLEARING_HOU,INSTRUMENT_NO_94,2026-04-04,2026-04-04,PEN,2026-04-04,CHECKER_ID_9,2026-04-04,MAKER_ID_94,A,O,Y,1451,MO
020,100000000095,2026-04-05,TRNREFNO_95,TRN,622396,23977.900,BANKCODE_95,C,81,11,948012,2026-04-05,CLEARING_HOU,INSTRUMENT_NO_95,2026-04-05,2026-04-05,EUR,2026-04-05,CHECKER_ID_9,2026-04-05,MAKER_ID_95,A,O,Y,4172,MO
021,100000000096,2026-04-06,TRNREFNO_96,TRN,317141,20978.500,BANKCODE_96,C,85,25,675469,2026-04-06,CLEARING_HOU,INSTRUMENT_NO_96,2026-04-06,2026-04-06,BRL,2026-04-06,CHECKER_ID_9,2026-04-06,MAKER_ID_96,A,O,Y,3547,MO
022,100000000097,2026-04-07,TRNREFNO_97,TRN,817498,21592.000,BANKCODE_97,C,32,4,891653,2026-04-07,CLEARING_HOU,INSTRUMENT_NO_97,2026-04-07,2026-04-07,USD,2026-04-07,CHECKER_ID_9,2026-04-07,MAKER_ID_97,A,O,Y,7291,MO
023,100000000098,2026-04-08,TRNREFNO_98,TRN,289243,4543.300,BANKCODE_98,C,39,1,740337,2026-04-08,CLEARING_HOU,INSTRUMENT_NO_98,2026-04-08,2026-04-08,PEN,2026-04-08,CHECKER_ID_9,2026-04-08,MAKER_ID_98,A,O,Y,6143,MO
024,100000000099,2026-04-09,TRNREFNO_99,TRN,204533,19808.000,BANKCODE_99,C,94,66,260621,2026-04-09,CLEARING_HOU,INSTRUMENT_NO_99,2026-04-09,2026-04-09,EUR,2026-04-09,CHECKER_ID_9,2026-04-09,MAKER_ID_99,A,O,Y,7520,MO
025,100000000100,2026-04-10,TRNREFNO_100,TRN,457681,21060.700,BANKCODE_100,C,15,81,309668,2026-04-10,CLEARING_HOU,INSTRUMENT_NO_10,2026-04-10,2026-04-10,BRL,2026-04-10,CHECKER_ID_1,2026-04-10,MAKER_ID_100,A,O,Y,2598,MO
001,100000000101,2026-04-11,TRNREFNO_101,TRN,178287,23565.400,BANKCODE_101,C,64,47,260376,2026-04-11,CLEARING_HOU,INSTRUMENT_NO_10,2026-04-11,2026-04-11,USD,2026-04-11,CHECKER_ID_1,2026-04-11,MAKER_ID_101,A,O,Y,3809,MO
002,100000000102,2026-04-12,TRNREFNO_102,TRN,755292,23136.300,BANKCODE_102,C,6,55,253181,2026-04-12,CLEARING_HOU,INSTRUMENT_NO_10,2026-04-12,2026-04-12,PEN,2026-04-12,CHECKER_ID_1,2026-04-12,MAKER_ID_102,A,O,Y,9644,MO
003,100000000103,2026-04-13,TRNREFNO_103,TRN,256300,13042.600,BANKCODE_103,C,69,4,316016,2026-04-13,CLEARING_HOU,INSTRUMENT_NO_10,2026-04-13,2026-04-13,EUR,2026-04-13,CHECKER_ID_1,2026-04-13,MAKER_ID_103,A,O,Y,6187,MO
004,100000000104,2026-04-14,TRNREFNO_104,TRN,672796,19241.500,BANKCODE_104,C,20,83,904442,2026-04-14,CLEARING_HOU,INSTRUMENT_NO_10,2026-04-14,2026-04-14,BRL,2026-04-14,CHECKER_ID_1,2026-04-14,MAKER_ID_104,A,O,Y,7061,MO
005,100000000105,2026-04-15,TRNREFNO_105,TRN,570395,11313.600,BANKCODE_105,C,38,4,90156,2026-04-15,CLEARING_HOU,INSTRUMENT_NO_10,2026-04-15,2026-04-15,USD,2026-04-15,CHECKER_ID_1,2026-04-15,MAKER_ID_105,A,O,Y,2697,MO
006,100000000106,2026-04-16,TRNREFNO_106,TRN,14370,512.500,BANKCODE_106,C,6,17,541360,2026-04-16,CLEARING_HOU,INSTRUMENT_NO_10,2026-04-16,2026-04-16,PEN,2026-04-16,CHECKER_ID_1,2026-04-16,MAKER_ID_106,A,O,Y,5058,MO
007,100000000107,2026-04-17,TRNREFNO_107,TRN,818610,19611.800,BANKCODE_107,C,63,5,197731,2026-04-17,CLEARING_HOU,INSTRUMENT_NO_10,2026-04-17,2026-04-17,EUR,2026-04-17,CHECKER_ID_1,2026-04-17,MAKER_ID_107,A,O,Y,1070,MO
008,100000000108,2026-04-18,TRNREFNO_108,TRN,456292,6164.900,BANKCODE_108,C,96,9,210029,2026-04-18,CLEARING_HOU,INSTRUMENT_NO_10,2026-04-18,2026-04-18,BRL,2026-04-18,CHECKER_ID_1,2026-04-18,MAKER_ID_108,A,O,Y,8217,MO
009,100000000109,2026-04-19,TRNREFNO_109,TRN,669529,14381.300,BANKCODE_109,C,47,96,257656,2026-04-19,CLEARING_HOU,INSTRUMENT_NO_10,2026-04-19,2026-04-19,USD,2026-04-19,CHECKER_ID_1,2026-04-19,MAKER_ID_109,A,O,Y,9437,MO
010,100000000110,2026-04-20,TRNREFNO_110,TRN,211528,17770.600,BANKCODE_110,C,7,63,155460,2026-04-20,CLEARING_HOU,INSTRUMENT_NO_11,2026-04-20,2026-04-20,PEN,2026-04-20,CHECKER_ID_1,2026-04-20,MAKER_ID_110,A,O,Y,1718,MO
011,100000000111,2026-04-21,TRNREFNO_111,TRN,573524,3266.100,BANKCODE_111,C,68,45,562944,2026-04-21,CLEARING_HOU,INSTRUMENT_NO_11,2026-04-21,2026-04-21,EUR,2026-04-21,CHECKER_ID_1,2026-04-21,MAKER_ID_111,A,O,Y,8170,MO
012,100000000112,2026-04-22,TRNREFNO_112,TRN,217205,7193.600,BANKCODE_112,C,32,64,229037,2026-04-22,CLEARING_HOU,INSTRUMENT_NO_11,2026-04-22,2026-04-22,BRL,2026-04-22,CHECKER_ID_1,2026-04-22,MAKER_ID_112,A,O,Y,6690,MO
013,100000000113,2026-04-23,TRNREFNO_113,TRN,208186,13616.700,BANKCODE_113,C,41,88,565426,2026-04-23,CLEARING_HOU,INSTRUMENT_NO_11,2026-04-23,2026-04-23,USD,2026-04-23,CHECKER_ID_1,2026-04-23,MAKER_ID_113,A,O,Y,2725,MO
014,100000000114,2026-04-24,TRNREFNO_114,TRN,931786,22536.100,BANKCODE_114,C,45,88,503181,2026-04-24,CLEARING_HOU,INSTRUMENT_NO_11,2026-04-24,2026-04-24,PEN,2026-04-24,CHECKER_ID_1,2026-04-24,MAKER_ID_114,A,O,Y,8085,MO
015,100000000115,2026-04-25,TRNREFNO_115,TRN,553769,12330.500,BANKCODE_115,C,61,41,364939,2026-04-25,CLEARING_HOU,INSTRUMENT_NO_11,2026-04-25,2026-04-25,EUR,2026-04-25,CHECKER_ID_1,2026-04-25,MAKER_ID_115,A,O,Y,4778,MO
016,100000000116,2026-04-26,TRNREFNO_116,TRN,336453,14153.500,BANKCODE_116,C,44,86,701467,2026-04-26,CLEARING_HOU,INSTRUMENT_NO_11,2026-04-26,2026-04-26,BRL,2026-04-26,CHECKER_ID_1,2026-04-26,MAKER_ID_116,U,O,Y,9373,MO
017,100000000117,2026-04-27,TRNREFNO_117,TRN,704159,23667.700,BANKCODE_117,C,45,69,492947,2026-04-27,CLEARING_HOU,INSTRUMENT_NO_11,2026-04-27,2026-04-27,USD,2026-04-27,CHECKER_ID_1,2026-04-27,MAKER_ID_117,A,O,Y,7834,MO
018,100000000118,2026-04-28,TRNREFNO_118,TRN,910779,7909.500,BANKCODE_118,C,79,99,828274,2026-04-28,CLEARING_HOU,INSTRUMENT_NO_11,2026-04-28,2026-04-28,PEN,2026-04-28,CHECKER_ID_1,2026-04-28,MAKER_ID_118,A,O,Y,6460,MO
019,100000000119,2026-04-29,TRNREFNO_119,TRN,898939,22689.400,BANKCODE_119,C,29,12,85815,2026-04-29,CLEARING_HOU,INSTRUMENT_NO_11,2026-04-29,2026-04-29,EUR,2026-04-29,CHECKER_ID_1,2026-04-29,MAKER_ID_119,A,O,Y,4007,MO
020,100000000120,2026-04-30,TRNREFNO_120,TRN,587882,10573.400,BANKCODE_120,C,19,4,251222,2026-04-30,CLEARING_HOU,INSTRUMENT_NO_12,2026-04-30,2026-04-30,BRL,2026-04-30,CHECKER_ID_1,2026-04-30,MAKER_ID_120,A,O,Y,390,MO
021,100000000121,2026-05-01,TRNREFNO_121,TRN,368394,21312.600,BANKCODE_121,C,50,67,114913,2026-05-01,CLEARING_HOU,INSTRUMENT_NO_12,2026-05-01,2026-05-01,USD,2026-05-01,CHECKER_ID_1,2026-05-01,MAKER_ID_121,A,O,Y,8851,MO
022,100000000122,2026-05-02,TRNREFNO_122,TRN,466186,8137.800,BANKCODE_122,C,29,12,624042,2026-05-02,CLEARING_HOU,INSTRUMENT_NO_12,2026-05-02,2026-05-02,PEN,2026-05-02,CHECKER_ID_1,2026-05-02,MAKER_ID_122,A,O,Y,9379,MO
023,100000000123,2026-05-03,TRNREFNO_123,TRN,188195,18306.400,BANKCODE_123,C,79,65,298509,2026-05-03,CLEARING_HOU,INSTRUMENT_NO_12,2026-05-03,2026-05-03,EUR,2026-05-03,CHECKER_ID_1,2026-05-03,MAKER_ID_123,A,O,Y,6892,MO
024,100000000124,2026-05-04,TRNREFNO_124,TRN,976056,19635.200,BANKCODE_124,C,83,2,766613,2026-05-04,CLEARING_HOU,INSTRUMENT_NO_12,2026-05-04,2026-05-04,BRL,2026-05-04,CHECKER_ID_1,2026-05-04,MAKER_ID_124,A,O,Y,2535,MO
025,100000000125,2026-05-05,TRNREFNO_125,TRN,807268,7834.600,BANKCODE_125,C,98,93,35022,2026-05-05,CLEARING_HOU,INSTRUMENT_NO_12,2026-05-05,2026-05-05,USD,2026-05-05,CHECKER_ID_1,2026-05-05,MAKER_ID_125,A,O,Y,6448,MO
001,100000000126,2026-05-06,TRNREFNO_126,TRN,226537,24930.600,BANKCODE_126,C,21,38,159227,2026-05-06,CLEARING_HOU,INSTRUMENT_NO_12,2026-05-06,2026-05-06,PEN,2026-05-06,CHECKER_ID_1,2026-05-06,MAKER_ID_126,A,O,Y,4418,MO
002,100000000127,2026-05-07,TRNREFNO_127,TRN,787143,4537.300,BANKCODE_127,C,84,91,959393,2026-05-07,CLEARING_HOU,INSTRUMENT_NO_12,2026-05-07,2026-05-07,EUR,2026-05-07,CHECKER_ID_1,2026-05-07,MAKER_ID_127,A,O,Y,2000,MO
003,100000000128,2026-05-08,TRNREFNO_128,TRN,655899,10841.900,BANKCODE_128,C,78,19,493590,2026-05-08,CLEARING_HOU,INSTRUMENT_NO_12,2026-05-08,2026-05-08,BRL,2026-05-08,CHECKER_ID_1,2026-05-08,MAKER_ID_128,A,O,Y,1830,MO
004,100000000129,2026-05-09,TRNREFNO_129,TRN,588851,2348.800,BANKCODE_129,C,97,21,689445,2026-05-09,CLEARING_HOU,INSTRUMENT_NO_12,2026-05-09,2026-05-09,USD,2026-05-09,CHECKER_ID_1,2026-05-09,MAKER_ID_129,A,O,Y,1006,MO
005,100000000130,2026-05-10,TRNREFNO_130,TRN,949161,19397.800,BANKCODE_130,C,1,70,516205,2026-05-10,CLEARING_HOU,INSTRUMENT_NO_13,2026-05-10,2026-05-10,PEN,2026-05-10,CHECKER_ID_1,2026-05-10,MAKER_ID_130,A,O,Y,415,MO
006,100000000131,2026-05-11,TRNREFNO_131,TRN,582743,491.900,BANKCODE_131,C,90,29,376824,2026-05-11,CLEARING_HOU,INSTRUMENT_NO_13,2026-05-11,2026-05-11,EUR,2026-05-11,CHECKER_ID_1,2026-05-11,MAKER_ID_131,A,O,Y,3084,MO
007,100000000132,2026-05-12,TRNREFNO_132,TRN,472104,6086.000,BANKCODE_132,C,70,48,855238,2026-05-12,CLEARING_HOU,INSTRUMENT_NO_13,2026-05-12,2026-05-12,BRL,2026-05-12,CHECKER_ID_1,2026-05-12,MAKER_ID_132,A,O,Y,3795,MO
008,100000000133,2026-05-13,TRNREFNO_133,TRN,480967,19168.800,BANKCODE_133,C,5,55,788647,2026-05-13,CLEARING_HOU,INSTRUMENT_NO_13,2026-05-13,2026-05-13,USD,2026-05-13,CHECKER_ID_1,2026-05-13,MAKER_ID_133,A,O,Y,5474,MO
009,100000000134,2026-05-14,TRNREFNO_134,TRN,99694,19612.300,BANKCODE_134,C,63,95,624920,2026-05-14,CLEARING_HOU,INSTRUMENT_NO_13,2026-05-14,2026-05-14,PEN,2026-05-14,CHECKER_ID_1,2026-05-14,MAKER_ID_134,A,O,Y,2708,MO
010,100000000135,2026-05-15,TRNREFNO_135,TRN,220336,201.200,BANKCODE_135,C,15,70,671470,2026-05-15,CLEARING_HOU,INSTRUMENT_NO_13,2026-05-15,2026-05-15,EUR,2026-05-15,CHECKER_ID_1,2026-05-15,MAKER_ID_135,A,O,Y,8461,MO
011,100000000136,2026-05-16,TRNREFNO_136,TRN,32022,9520.600,BANKCODE_136,C,6,26,598478,2026-05-16,CLEARING_HOU,INSTRUMENT_NO_13,2026-05-16,2026-05-16,BRL,2026-05-16,CHECKER_ID_1,2026-05-16,MAKER_ID_136,A,O,Y,2176,MO
012,100000000137,2026-05-17,TRNREFNO_137,TRN,630868,19857.200,BANKCODE_137,C,78,36,482435,2026-05-17,CLEARING_HOU,INSTRUMENT_NO_13,2026-05-17,2026-05-17,USD,2026-05-17,CHECKER_ID_1,2026-05-17,MAKER_ID_137,A,O,Y,5438,MO
013,100000000138,2026-05-18,TRNREFNO_138,TRN,477708,9132.200,BANKCODE_138,C,32,0,228869,2026-05-18,CLEARING_HOU,INSTRUMENT_NO_13,2026-05-18,2026-05-18,PEN,2026-05-18,CHECKER_ID_1,2026-05-18,MAKER_ID_138,A,O,Y,1706,MO
014,100000000139,2026-05-19,TRNREFNO_139,TRN,306297,20.500,BANKCODE_139,C,38,2,639954,2026-05-19,CLEARING_HOU,INSTRUMENT_NO_13,2026-05-19,2026-05-19,EUR,2026-05-19,CHECKER_ID_1,2026-05-19,MAKER_ID_139,U,O,Y,5191,MO
015,100000000140,2026-05-20,TRNREFNO_140,TRN,682156,14999.600,BANKCODE_140,C,21,37,489469,2026-05-20,CLEARING_HOU,INSTRUMENT_NO_14,2026-05-20,2026-05-20,BRL,2026-05-20,CHECKER_ID_1,2026-05-20,MAKER_ID_140,A,O,Y,3334,MO
016,100000000141,2026-05-21,TRNREFNO_141,TRN,859557,5308.400,BANKCODE_141,C,92,18,336022,2026-05-21,CLEARING_HOU,INSTRUMENT_NO_14,2026-05-21,2026-05-21,USD,2026-05-21,CHECKER_ID_1,2026-05-21,MAKER_ID_141,A,O,Y,14,MO
017,100000000142,2026-05-22,TRNREFNO_142,TRN,234828,24857.500,BANKCODE_142,C,9,17,920751,2026-05-22,CLEARING_HOU,INSTRUMENT_NO_14,2026-05-22,2026-05-22,PEN,2026-05-22,CHECKER_ID_1,2026-05-22,MAKER_ID_142,A,O,Y,4585,MO
018,100000000143,2026-05-23,TRNREFNO_143,TRN,28726,14330.700,BANKCODE_143,C,9,16,425861,2026-05-23,CLEARING_HOU,INSTRUMENT_NO_14,2026-05-23,2026-05-23,EUR,2026-05-23,CHECKER_ID_1,2026-05-23,MAKER_ID_143,A,O,Y,6877,MO
019,100000000144,2026-05-24,TRNREFNO_144,TRN,524424,11333.600,BANKCODE_144,C,1,69,878921,2026-05-24,CLEARING_HOU,INSTRUMENT_NO_14,2026-05-24,2026-05-24,BRL,2026-05-24,CHECKER_ID_1,2026-05-24,MAKER_ID_144,A,O,Y,865,MO
020,100000000145,2026-05-25,TRNREFNO_145,TRN,502610,17734.600,BANKCODE_145,C,8,28,854471,2026-05-25,CLEARING_HOU,INSTRUMENT_NO_14,2026-05-25,2026-05-25,USD,2026-05-25,CHECKER_ID_1,2026-05-25,MAKER_ID_145,A,O,Y,5480,MO
021,100000000146,2026-05-26,TRNREFNO_146,TRN,357113,8569.400,BANKCODE_146,C,50,44,600675,2026-05-26,CLEARING_HOU,INSTRUMENT_NO_14,2026-05-26,2026-05-26,PEN,2026-05-26,CHECKER_ID_1,2026-05-26,MAKER_ID_146,A,O,Y,2813,MO
022,100000000147,2026-05-27,TRNREFNO_147,TRN,539074,6947.900,BANKCODE_147,C,66,93,755816,2026-05-27,CLEARING_HOU,INSTRUMENT_NO_14,2026-05-27,2026-05-27,EUR,2026-05-27,CHECKER_ID_1,2026-05-27,MAKER_ID_147,A,O,Y,9407,MO
023,100000000148,2026-05-28,TRNREFNO_148,TRN,156467,19435.200,BANKCODE_148,C,35,56,621601,2026-05-28,CLEARING_HOU,INSTRUMENT_NO_14,2026-05-28,2026-05-28,BRL,2026-05-28,CHECKER_ID_1,2026-05-28,MAKER_ID_148,A,O,Y,8280,MO
024,100000000149,2026-05-29,TRNREFNO_149,TRN,216807,79556.800,BANKCODE_149,C,21,66,74101,2026-05-29,CLEARING_HOU,INSTRUMENT_NO_14,2026-05-29,2026-05-29,USD,2026-05-29,CHECKER_ID_1,2026-05-29,MAKER_ID_149,A,O,Y,4152,MO
025,100000000150,2026-05-30,TRNREFNO_150,TRN,238453,24560.600,BANKCODE_150,C,16,74,1514,2026-05-30,CLEARING_HOU,INSTRUMENT_NO_15,2026-05-30,2026-05-30,PEN,2026-05-30,CHECKER_ID_1,2026-05-30,MAKER_ID_150,A,O,Y,9568,MO
001,100000000151,2026-05-31,TRNREFNO_151,TRN,233599,1489.000,BANKCODE_151,C,91,80,965545,2026-05-31,CLEARING_HOU,INSTRUMENT_NO_15,2026-05-31,2026-05-31,EUR,2026-05-31,CHECKER_ID_1,2026-05-31,MAKER_ID_151,A,O,Y,1818,MO
002,100000000152,2026-06-01,TRNREFNO_152,TRN,468041,16634.400,BANKCODE_152,C,92,52,771217,2026-06-01,CLEARING_HOU,INSTRUMENT_NO_15,2026-06-01,2026-06-01,BRL,2026-06-01,CHECKER_ID_1,2026-06-01,MAKER_ID_152,A,O,Y,9924,MO
003,100000000153,2026-06-02,TRNREFNO_153,TRN,212451,4864.800,BANKCODE_153,C,81,29,290261,2026-06-02,CLEARING_HOU,INSTRUMENT_NO_15,2026-06-02,2026-06-02,USD,2026-06-02,CHECKER_ID_1,2026-06-02,MAKER_ID_153,A,O,Y,226,MO
004,100000000154,2026-06-03,TRNREFNO_154,TRN,327233,17535.300,BANKCODE_154,C,68,1,121731,2026-06-03,CLEARING_HOU,INSTRUMENT_NO_15,2026-06-03,2026-06-03,PEN,2026-06-03,CHECKER_ID_1,2026-06-03,MAKER_ID_154,A,O,Y,9242,MO
005,100000000155,2026-06-04,TRNREFNO_155,TRN,718063,7893.200,BANKCODE_155,C,96,30,391415,2026-06-04,CLEARING_HOU,INSTRUMENT_NO_15,2026-06-04,2026-06-04,EUR,2026-06-04,CHECKER_ID_1,2026-06-04,MAKER_ID_155,A,O,Y,8560,MO
006,100000000156,2026-06-05,TRNREFNO_156,TRN,708825,24497.400,BANKCODE_156,C,68,60,958886,2026-06-05,CLEARING_HOU,INSTRUMENT_NO_15,2026-06-05,2026-06-05,BRL,2026-06-05,CHECKER_ID_1,2026-06-05,MAKER_ID_156,A,O,Y,467,MO
007,100000000157,2026-06-06,TRNREFNO_157,TRN,410013,18471.900,BANKCODE_157,C,8,0,66631,2026-06-06,CLEARING_HOU,INSTRUMENT_NO_15,2026-06-06,2026-06-06,USD,2026-06-06,CHECKER_ID_1,2026-06-06,MAKER_ID_157,A,O,Y,6902,MO
008,100000000158,2026-06-07,TRNREFNO_158,TRN,791179,3369.500,BANKCODE_158,C,56,91,738,2026-06-07,CLEARING_HOU,INSTRUMENT_NO_15,2026-06-07,2026-06-07,PEN,2026-06-07,CHECKER_ID_1,2026-06-07,MAKER_ID_158,A,O,Y,8018,MO
009,100000000159,2026-06-08,TRNREFNO_159,TRN,140272,20208.400,BANKCODE_159,C,20,43,586445,2026-06-08,CLEARING_HOU,INSTRUMENT_NO_15,2026-06-08,2026-06-08,EUR,2026-06-08,CHECKER_ID_1,2026-06-08,MAKER_ID_159,A,O,Y,2234,MO
010,100000000160,2026-06-09,TRNREFNO_160,TRN,551577,386.300,BANKCODE_160,C,94,14,898892,2026-06-09,CLEARING_HOU,INSTRUMENT_NO_16,2026-06-09,2026-06-09,BRL,2026-06-09,CHECKER_ID_1,2026-06-09,MAKER_ID_160,A,O,Y,2320,MO
011,100000000161,2026-06-10,TRNREFNO_161,TRN,757591,6856.300,BANKCODE_161,C,63,6,959354,2026-06-10,CLEARING_HOU,INSTRUMENT_NO_16,2026-06-10,2026-06-10,USD,2026-06-10,CHECKER_ID_1,2026-06-10,MAKER_ID_161,A,O,Y,7165,MO
012,100000000162,2026-06-11,TRNREFNO_162,TRN,206185,18620.500,BANKCODE_162,C,70,14,796786,2026-06-11,CLEARING_HOU,INSTRUMENT_NO_16,2026-06-11,2026-06-11,PEN,2026-06-11,CHECKER_ID_1,2026-06-11,MAKER_ID_162,U,O,Y,9785,MO
013,100000000163,2026-06-12,TRNREFNO_163,TRN,539215,17795.300,BANKCODE_163,C,37,31,69937,2026-06-12,CLEARING_HOU,INSTRUMENT_NO_16,2026-06-12,2026-06-12,EUR,2026-06-12,CHECKER_ID_1,2026-06-12,MAKER_ID_163,A,O,Y,425,MO
014,100000000164,2026-06-13,TRNREFNO_164,TRN,323594,2293.800,BANKCODE_164,C,44,14,707624,2026-06-13,CLEARING_HOU,INSTRUMENT_NO_16,2026-06-13,2026-06-13,BRL,2026-06-13,CHECKER_ID_1,2026-06-13,MAKER_ID_164,A,O,Y,4144,MO
015,100000000165,2026-06-14,TRNREFNO_165,TRN,554453,109.100,BANKCODE_165,C,15,4,656843,2026-06-14,CLEARING_HOU,INSTRUMENT_NO_16,2026-06-14,2026-06-14,USD,2026-06-14,CHECKER_ID_1,2026-06-14,MAKER_ID_165,A,O,Y,7183,MO
016,100000000166,2026-06-15,TRNREFNO_166,TRN,294148,17578.500,BANKCODE_166,C,71,8,429752,2026-06-15,CLEARING_HOU,INSTRUMENT_NO_16,2026-06-15,2026-06-15,PEN,2026-06-15,CHECKER_ID_1,2026-06-15,MAKER_ID_166,A,O,Y,9685,MO
017,100000000167,2026-06-16,TRNREFNO_167,TRN,78601,4866.300,BANKCODE_167,C,78,79,854618,2026-06-16,CLEARING_HOU,INSTRUMENT_NO_16,2026-06-16,2026-06-16,EUR,2026-06-16,CHECKER_ID_1,2026-06-16,MAKER_ID_167,A,O,Y,4446,MO
018,100000000168,2026-06-17,TRNREFNO_168,TRN,652838,22986.100,BANKCODE_168,C,7,71,724724,2026-06-17,CLEARING_HOU,INSTRUMENT_NO_16,2026-06-17,2026-06-17,BRL,2026-06-17,CHECKER_ID_1,2026-06-17,MAKER_ID_168,A,O,Y,2050,MO
019,100000000169,2026-06-18,TRNREFNO_169,TRN,673969,9055.900,BANKCODE_169,C,20,49,857288,2026-06-18,CLEARING_HOU,INSTRUMENT_NO_16,2026-06-18,2026-06-18,USD,2026-06-18,CHECKER_ID_1,2026-06-18,MAKER_ID_169,A,O,Y,8321,MO
020,100000000170,2026-06-19,TRNREFNO_170,TRN,207461,9378.600,BANKCODE_170,C,98,57,673938,2026-06-19,CLEARING_HOU,INSTRUMENT_NO_17,2026-06-19,2026-06-19,PEN,2026-06-19,CHECKER_ID_1,2026-06-19,MAKER_ID_170,A,O,Y,7484,MO
021,100000000171,2026-06-20,TRNREFNO_171,TRN,938816,14579.100,BANKCODE_171,C,53,59,108802,2026-06-20,CLEARING_HOU,INSTRUMENT_NO_17,2026-06-20,2026-06-20,EUR,2026-06-20,CHECKER_ID_1,2026-06-20,MAKER_ID_171,A,O,Y,1388,MO
022,100000000172,2026-06-21,TRNREFNO_172,TRN,502756,3897.900,BANKCODE_172,C,68,72,519362,2026-06-21,CLEARING_HOU,INSTRUMENT_NO_17,2026-06-21,2026-06-21,BRL,2026-06-21,CHECKER_ID_1,2026-06-21,MAKER_ID_172,A,O,Y,7585,MO
023,100000000173,2026-06-22,TRNREFNO_173,TRN,41434,5808.600,BANKCODE_173,C,28,20,365757,2026-06-22,CLEARING_HOU,INSTRUMENT_NO_17,2026-06-22,2026-06-22,USD,2026-06-22,CHECKER_ID_1,2026-06-22,MAKER_ID_173,A,O,Y,7964,MO
024,100000000174,2026-06-23,TRNREFNO_174,TRN,586284,10439.500,BANKCODE_174,C,30,37,909688,2026-06-23,CLEARING_HOU,INSTRUMENT_NO_17,2026-06-23,2026-06-23,PEN,2026-06-23,CHECKER_ID_1,2026-06-23,MAKER_ID_174,A,O,Y,7027,MO
025,100000000175,2026-06-24,TRNREFNO_175,TRN,405458,18695.900,BANKCODE_175,C,52,2,844838,2026-06-24,CLEARING_HOU,INSTRUMENT_NO_17,2026-06-24,2026-06-24,EUR,2026-06-24,CHECKER_ID_1,2026-06-24,MAKER_ID_175,A,O,Y,1784,MO
001,100000000176,2026-06-25,TRNREFNO_176,TRN,209967,24986.200,BANKCODE_176,C,75,84,253068,2026-06-25,CLEARING_HOU,INSTRUMENT_NO_17,2026-06-25,2026-06-25,BRL,2026-06-25,CHECKER_ID_1,2026-06-25,MAKER_ID_176,A,O,Y,2254,MO
002,100000000177,2026-06-26,TRNREFNO_177,TRN,463644,1269.300,BANKCODE_177,C,94,7,508897,2026-06-26,CLEARING_HOU,INSTRUMENT_NO_17,2026-06-26,2026-06-26,USD,2026-06-26,CHECKER_ID_1,2026-06-26,MAKER_ID_177,A,O,Y,2832,MO
003,100000000178,2026-06-27,TRNREFNO_178,TRN,649601,18801.500,BANKCODE_178,C,34,59,781601,2026-06-27,CLEARING_HOU,INSTRUMENT_NO_17,2026-06-27,2026-06-27,PEN,2026-06-27,CHECKER_ID_1,2026-06-27,MAKER_ID_178,A,O,Y,2837,MO
004,100000000179,2026-06-28,TRNREFNO_179,TRN,695574,18123.200,BANKCODE_179,C,10,98,402962,2026-06-28,CLEARING_HOU,INSTRUMENT_NO_17,2026-06-28,2026-06-28,EUR,2026-06-28,CHECKER_ID_1,2026-06-28,MAKER_ID_179,A,O,Y,9887,MO
005,100000000180,2026-06-29,TRNREFNO_180,TRN,915116,4008.100,BANKCODE_180,C,0,81,208319,2026-06-29,CLEARING_HOU,INSTRUMENT_NO_18,2026-06-29,2026-06-29,BRL,2026-06-29,CHECKER_ID_1,2026-06-29,MAKER_ID_180,A,O,Y,3406,MO
006,100000000181,2026-06-30,TRNREFNO_181,TRN,570982,18388.700,BANKCODE_181,C,0,41,387260,2026-06-30,CLEARING_HOU,INSTRUMENT_NO_18,2026-06-30,2026-06-30,USD,2026-06-30,CHECKER_ID_1,2026-06-30,MAKER_ID_181,A,O,Y,6893,MO
007,100000000182,2026-07-01,TRNREFNO_182,TRN,893550,5719.800,BANKCODE_182,C,97,19,190168,2026-07-01,CLEARING_HOU,INSTRUMENT_NO_18,2026-07-01,2026-07-01,PEN,2026-07-01,CHECKER_ID_1,2026-07-01,MAKER_ID_182,A,O,Y,3927,MO
008,100000000183,2026-07-02,TRNREFNO_183,TRN,777833,4675.300,BANKCODE_183,C,15,66,388309,2026-07-02,CLEARING_HOU,INSTRUMENT_NO_18,2026-07-02,2026-07-02,EUR,2026-07-02,CHECKER_ID_1,2026-07-02,MAKER_ID_183,A,O,Y,4563,MO
009,100000000184,2026-07-03,TRNREFNO_184,TRN,632030,23419.400,BANKCODE_184,C,28,31,519596,2026-07-03,CLEARING_HOU,INSTRUMENT_NO_18,2026-07-03,2026-07-03,BRL,2026-07-03,CHECKER_ID_1,2026-07-03,MAKER_ID_184,A,O,Y,5128,MO
010,100000000185,2026-07-04,TRNREFNO_185,TRN,415922,9264.400,BANKCODE_185,C,45,19,957079,2026-07-04,CLEARING_HOU,INSTRUMENT_NO_18,2026-07-04,2026-07-04,USD,2026-07-04,CHECKER_ID_1,2026-07-04,MAKER_ID_185,U,O,Y,6422,MO
011,100000000186,2026-07-05,TRNREFNO_186,TRN,200854,121013.600,BANKCODE_186,C,18,28,465603,2026-07-05,CLEARING_HOU,INSTRUMENT_NO_18,2026-07-05,2026-07-05,PEN,2026-07-05,CHECKER_ID_1,2026-07-05,MAKER_ID_186,A,O,Y,8448,MO
012,100000000187,2026-07-06,TRNREFNO_187,TRN,938911,23018.200,BANKCODE_187,C,67,76,372050,2026-07-06,CLEARING_HOU,INSTRUMENT_NO_18,2026-07-06,2026-07-06,EUR,2026-07-06,CHECKER_ID_1,2026-07-06,MAKER_ID_187,A,O,Y,5571,MO
013,100000000188,2026-07-07,TRNREFNO_188,TRN,769373,10096.200,BANKCODE_188,C,94,0,818329,2026-07-07,CLEARING_HOU,INSTRUMENT_NO_18,2026-07-07,2026-07-07,BRL,2026-07-07,CHECKER_ID_1,2026-07-07,MAKER_ID_188,A,O,Y,5962,MO
014,100000000189,2026-07-08,TRNREFNO_189,TRN,214321,22850.300,BANKCODE_189,C,83,77,484425,2026-07-08,CLEARING_HOU,INSTRUMENT_NO_18,2026-07-08,2026-07-08,USD,2026-07-08,CHECKER_ID_1,2026-07-08,MAKER_ID_189,A,O,Y,9368,MO
015,100000000190,2026-07-09,TRNREFNO_190,TRN,624248,20913.200,BANKCODE_190,C,87,99,130174,2026-07-09,CLEARING_HOU,INSTRUMENT_NO_19,2026-07-09,2026-07-09,PEN,2026-07-09,CHECKER_ID_1,2026-07-09,MAKER_ID_190,A,O,Y,8387,MO
016,100000000191,2026-07-10,TRNREFNO_191,TRN,561802,20487.700,BANKCODE_191,C,38,18,856041,2026-07-10,CLEARING_HOU,INSTRUMENT_NO_19,2026-07-10,2026-07-10,EUR,2026-07-10,CHECKER_ID_1,2026-07-10,MAKER_ID_191,A,O,Y,3276,MO
017,100000000192,2026-07-11,TRNREFNO_192,TRN,341194,16980.100,BANKCODE_192,C,35,70,254180,2026-07-11,CLEARING_HOU,INSTRUMENT_NO_19,2026-07-11,2026-07-11,BRL,2026-07-11,CHECKER_ID_1,2026-07-11,MAKER_ID_192,A,O,Y,5096,MO
018,100000000193,2026-07-12,TRNREFNO_193,TRN,606124,6740.800,BANKCODE_193,C,35,81,589314,2026-07-12,CLEARING_HOU,INSTRUMENT_NO_19,2026-07-12,2026-07-12,USD,2026-07-12,CHECKER_ID_1,2026-07-12,MAKER_ID_193,A,O,Y,5640,MO
019,100000000194,2026-07-13,TRNREFNO_194,TRN,33694,6043.100,BANKCODE_194,C,10,24,715049,2026-07-13,CLEARING_HOU,INSTRUMENT_NO_19,2026-07-13,2026-07-13,PEN,2026-07-13,CHECKER_ID_1,2026-07-13,MAKER_ID_194,A,O,Y,8446,MO
020,100000000195,2026-07-14,TRNREFNO_195,TRN,798458,6642.100,BANKCODE_195,C,66,32,305304,2026-07-14,CLEARING_HOU,INSTRUMENT_NO_19,2026-07-14,2026-07-14,EUR,2026-07-14,CHECKER_ID_1,2026-07-14,MAKER_ID_195,A,O,Y,9478,MO
021,100000000196,2026-07-15,TRNREFNO_196,TRN,912887,8125.100,BANKCODE_196,C,16,39,759947,2026-07-15,CLEARING_HOU,INSTRUMENT_NO_19,2026-07-15,2026-07-15,BRL,2026-07-15,CHECKER_ID_1,2026-07-15,MAKER_ID_196,A,O,Y,5068,MO
022,100000000197,2026-07-16,TRNREFNO_197,TRN,866085,3841.700,BANKCODE_197,C,77,49,799476,2026-07-16,CLEARING_HOU,INSTRUMENT_NO_19,2026-07-16,2026-07-16,USD,2026-07-16,CHECKER_ID_1,2026-07-16,MAKER_ID_197,A,O,Y,6304,MO
023,100000000198,2026-07-17,TRNREFNO_198,TRN,409596,6636.700,BANKCODE_198,C,7,63,553580,2026-07-17,CLEARING_HOU,INSTRUMENT_NO_19,2026-07-17,2026-07-17,PEN,2026-07-17,CHECKER_ID_1,2026-07-17,MAKER_ID_198,A,O,Y,6694,MO
024,100000000199,2026-07-18,TRNREFNO_199,TRN,766729,19063.300,BANKCODE_199,C,53,53,499345,2026-07-18,CLEARING_HOU,INSTRUMENT_NO_19,2026-07-18,2026-07-18,EUR,2026-07-18,CHECKER_ID_1,2026-07-18,MAKER_ID_199,A,O,Y,7235,MO
025,100000000200,2026-07-19,TRNREFNO_200,TRN,328287,5081.400,BANKCODE_200,C,80,43,30074,2026-07-19,CLEARING_HOU,INSTRUMENT_NO_20,2026-07-19,2026-07-19,BRL,2026-07-19,CHECKER_ID_2,2026-07-19,MAKER_ID_200,A,O,Y,6449,MO
001,100000000201,2026-07-20,TRNREFNO_201,TRN,79779,18748.500,BANKCODE_201,C,7,35,796437,2026-07-20,CLEARING_HOU,INSTRUMENT_NO_20,2026-07-20,2026-07-20,USD,2026-07-20,CHECKER_ID_2,2026-07-20,MAKER_ID_201,A,O,Y,9847,MO
002,100000000202,2026-07-21,TRNREFNO_202,TRN,198070,21871.100,BANKCODE_202,C,58,12,333483,2026-07-21,CLEARING_HOU,INSTRUMENT_NO_20,2026-07-21,2026-07-21,PEN,2026-07-21,CHECKER_ID_2,2026-07-21,MAKER_ID_202,A,O,Y,6634,MO
003,100000000203,2026-07-22,TRNREFNO_203,TRN,128516,16351.200,BANKCODE_203,C,3,49,265219,2026-07-22,CLEARING_HOU,INSTRUMENT_NO_20,2026-07-22,2026-07-22,EUR,2026-07-22,CHECKER_ID_2,2026-07-22,MAKER_ID_203,A,O,Y,3814,MO
004,100000000204,2026-07-23,TRNREFNO_204,TRN,32278,3170.500,BANKCODE_204,C,17,47,510569,2026-07-23,CLEARING_HOU,INSTRUMENT_NO_20,2026-07-23,2026-07-23,BRL,2026-07-23,CHECKER_ID_2,2026-07-23,MAKER_ID_204,A,O,Y,9572,MO
005,100000000205,2026-07-24,TRNREFNO_205,TRN,504763,5417.700,BANKCODE_205,C,37,5,976914,2026-07-24,CLEARING_HOU,INSTRUMENT_NO_20,2026-07-24,2026-07-24,USD,2026-07-24,CHECKER_ID_2,2026-07-24,MAKER_ID_205,A,O,Y,3044,MO
006,100000000206,2026-07-25,TRNREFNO_206,TRN,11319,13957.700,BANKCODE_206,C,41,77,651817,2026-07-25,CLEARING_HOU,INSTRUMENT_NO_20,2026-07-25,2026-07-25,PEN,2026-07-25,CHECKER_ID_2,2026-07-25,MAKER_ID_206,A,O,Y,4357,MO
007,100000000207,2026-07-26,TRNREFNO_207,TRN,121007,3779.000,BANKCODE_207,C,0,37,503289,2026-07-26,CLEARING_HOU,INSTRUMENT_NO_20,2026-07-26,2026-07-26,EUR,2026-07-26,CHECKER_ID_2,2026-07-26,MAKER_ID_207,A,O,Y,5226,MO
008,100000000208,2026-07-27,TRNREFNO_208,TRN,957429,3436.500,BANKCODE_208,C,35,52,841101,2026-07-27,CLEARING_HOU,INSTRUMENT_NO_20,2026-07-27,2026-07-27,BRL,2026-07-27,CHECKER_ID_2,2026-07-27,MAKER_ID_208,U,O,Y,7333,MO
009,100000000209,2026-07-28,TRNREFNO_209,TRN,117692,17526.800,BANKCODE_209,C,25,79,557327,2026-07-28,CLEARING_HOU,INSTRUMENT_NO_20,2026-07-28,2026-07-28,USD,2026-07-28,CHECKER_ID_2,2026-07-28,MAKER_ID_209,A,O,Y,6319,MO
010,100000000210,2026-07-29,TRNREFNO_210,TRN,202731,18922.500,BANKCODE_210,C,26,76,443661,2026-07-29,CLEARING_HOU,INSTRUMENT_NO_21,2026-07-29,2026-07-29,PEN,2026-07-29,CHECKER_ID_2,2026-07-29,MAKER_ID_210,A,O,Y,3956,MO
011,100000000211,2026-07-30,TRNREFNO_211,TRN,863604,18231.200,BANKCODE_211,C,78,53,99899,2026-07-30,CLEARING_HOU,INSTRUMENT_NO_21,2026-07-30,2026-07-30,EUR,2026-07-30,CHECKER_ID_2,2026-07-30,MAKER_ID_211,A,O,Y,4796,MO
012,100000000212,2026-07-31,TRNREFNO_212,TRN,795921,18553.900,BANKCODE_212,C,7,21,128171,2026-07-31,CLEARING_HOU,INSTRUMENT_NO_21,2026-07-31,2026-07-31,BRL,2026-07-31,CHECKER_ID_2,2026-07-31,MAKER_ID_212,A,O,Y,5092,MO
013,100000000213,2026-08-01,TRNREFNO_213,TRN,343928,20944.300,BANKCODE_213,C,87,57,22373,2026-08-01,CLEARING_HOU,INSTRUMENT_NO_21,2026-08-01,2026-08-01,USD,2026-08-01,CHECKER_ID_2,2026-08-01,MAKER_ID_213,A,O,Y,7181,MO
014,100000000214,2026-08-02,TRNREFNO_214,TRN,439858,9679.400,BANKCODE_214,C,86,53,700200,2026-08-02,CLEARING_HOU,INSTRUMENT_NO_21,2026-08-02,2026-08-02,PEN,2026-08-02,CHECKER_ID_2,2026-08-02,MAKER_ID_214,A,O,Y,616,MO
015,100000000215,2026-08-03,TRNREFNO_215,TRN,56794,24787.900,BANKCODE_215,C,57,1,552482,2026-08-03,CLEARING_HOU,INSTRUMENT_NO_21,2026-08-03,2026-08-03,EUR,2026-08-03,CHECKER_ID_2,2026-08-03,MAKER_ID_215,A,O,Y,7455,MO
016,100000000216,2026-08-04,TRNREFNO_216,TRN,367993,10293.000,BANKCODE_216,C,18,42,193642,2026-08-04,CLEARING_HOU,INSTRUMENT_NO_21,2026-08-04,2026-08-04,BRL,2026-08-04,CHECKER_ID_2,2026-08-04,MAKER_ID_216,A,O,Y,9833,MO
017,100000000217,2026-08-05,TRNREFNO_217,TRN,742095,16133.100,BANKCODE_217,C,84,78,947764,2026-08-05,CLEARING_HOU,INSTRUMENT_NO_21,2026-08-05,2026-08-05,USD,2026-08-05,CHECKER_ID_2,2026-08-05,MAKER_ID_217,A,O,Y,274,MO
018,100000000218,2026-08-06,TRNREFNO_218,TRN,446690,4464.100,BANKCODE_218,C,53,71,449243,2026-08-06,CLEARING_HOU,INSTRUMENT_NO_21,2026-08-06,2026-08-06,PEN,2026-08-06,CHECKER_ID_2,2026-08-06,MAKER_ID_218,A,O,Y,4100,MO
019,100000000219,2026-08-07,TRNREFNO_219,TRN,193647,2010.700,BANKCODE_219,C,65,36,691612,2026-08-07,CLEARING_HOU,INSTRUMENT_NO_21,2026-08-07,2026-08-07,EUR,2026-08-07,CHECKER_ID_2,2026-08-07,MAKER_ID_219,A,O,Y,5939,MO
020,100000000220,2026-08-08,TRNREFNO_220,TRN,248264,2250.200,BANKCODE_220,C,51,58,567768,2026-08-08,CLEARING_HOU,INSTRUMENT_NO_22,2026-08-08,2026-08-08,BRL,2026-08-08,CHECKER_ID_2,2026-08-08,MAKER_ID_220,A,O,Y,5791,MO
021,100000000221,2026-08-09,TRNREFNO_221,TRN,303131,20447.000,BANKCODE_221,C,55,38,540877,2026-08-09,CLEARING_HOU,INSTRUMENT_NO_22,2026-08-09,2026-08-09,USD,2026-08-09,CHECKER_ID_2,2026-08-09,MAKER_ID_221,A,O,Y,9406,MO
022,100000000222,2026-08-10,TRNREFNO_222,TRN,852464,263.300,BANKCODE_222,C,24,20,791217,2026-08-10,CLEARING_HOU,INSTRUMENT_NO_22,2026-08-10,2026-08-10,PEN,2026-08-10,CHECKER_ID_2,2026-08-10,MAKER_ID_222,A,O,Y,8120,MO
023,100000000223,2026-08-11,TRNREFNO_223,TRN,548722,198578.400,BANKCODE_223,C,30,65,159441,2026-08-11,CLEARING_HOU,INSTRUMENT_NO_22,2026-08-11,2026-08-11,EUR,2026-08-11,CHECKER_ID_2,2026-08-11,MAKER_ID_223,A,O,Y,3743,MO
024,100000000224,2026-08-12,TRNREFNO_224,TRN,575542,16372.500,BANKCODE_224,C,92,45,679538,2026-08-12,CLEARING_HOU,INSTRUMENT_NO_22,2026-08-12,2026-08-12,BRL,2026-08-12,CHECKER_ID_2,2026-08-12,MAKER_ID_224,A,O,Y,1042,MO
025,100000000225,2026-08-13,TRNREFNO_225,TRN,478955,16855.900,BANKCODE_225,C,11,42,614776,2026-08-13,CLEARING_HOU,INSTRUMENT_NO_22,2026-08-13,2026-08-13,USD,2026-08-13,CHECKER_ID_2,2026-08-13,MAKER_ID_225,A,O,Y,6115,MO
001,100000000226,2026-08-14,TRNREFNO_226,TRN,810452,24004.400,BANKCODE_226,C,69,57,585416,2026-08-14,CLEARING_HOU,INSTRUMENT_NO_22,2026-08-14,2026-08-14,PEN,2026-08-14,CHECKER_ID_2,2026-08-14,MAKER_ID_226,A,O,Y,8135,MO
002,100000000227,2026-08-15,TRNREFNO_227,TRN,569205,15112.800,BANKCODE_227,C,45,67,274069,2026-08-15,CLEARING_HOU,INSTRUMENT_NO_22,2026-08-15,2026-08-15,EUR,2026-08-15,CHECKER_ID_2,2026-08-15,MAKER_ID_227,A,O,Y,5966,MO
003,100000000228,2026-08-16,TRNREFNO_228,TRN,807100,13448.100,BANKCODE_228,C,8,45,891251,2026-08-16,CLEARING_HOU,INSTRUMENT_NO_22,2026-08-16,2026-08-16,BRL,2026-08-16,CHECKER_ID_2,2026-08-16,MAKER_ID_228,A,O,Y,8642,MO
004,100000000229,2026-08-17,TRNREFNO_229,TRN,415266,17486.800,BANKCODE_229,C,79,19,43552,2026-08-17,CLEARING_HOU,INSTRUMENT_NO_22,2026-08-17,2026-08-17,USD,2026-08-17,CHECKER_ID_2,2026-08-17,MAKER_ID_229,A,O,Y,4238,MO
005,100000000230,2026-08-18,TRNREFNO_230,TRN,741197,23660.300,BANKCODE_230,C,67,50,343414,2026-08-18,CLEARING_HOU,INSTRUMENT_NO_23,2026-08-18,2026-08-18,PEN,2026-08-18,CHECKER_ID_2,2026-08-18,MAKER_ID_230,A,O,Y,8437,MO
006,100000000231,2026-08-19,TRNREFNO_231,TRN,616993,9116.200,BANKCODE_231,C,33,59,874122,2026-08-19,CLEARING_HOU,INSTRUMENT_NO_23,2026-08-19,2026-08-19,EUR,2026-08-19,CHECKER_ID_2,2026-08-19,MAKER_ID_231,U,O,Y,6258,MO
007,100000000232,2026-08-20,TRNREFNO_232,TRN,902473,3433.300,BANKCODE_232,C,72,54,430254,2026-08-20,CLEARING_HOU,INSTRUMENT_NO_23,2026-08-20,2026-08-20,BRL,2026-08-20,CHECKER_ID_2,2026-08-20,MAKER_ID_232,A,O,Y,1034,MO
008,100000000233,2026-08-21,TRNREFNO_233,TRN,553301,7276.600,BANKCODE_233,C,26,55,456948,2026-08-21,CLEARING_HOU,INSTRUMENT_NO_23,2026-08-21,2026-08-21,USD,2026-08-21,CHECKER_ID_2,2026-08-21,MAKER_ID_233,A,O,Y,4132,MO
009,100000000234,2026-08-22,TRNREFNO_234,TRN,746314,11702.800,BANKCODE_234,C,16,24,329466,2026-08-22,CLEARING_HOU,INSTRUMENT_NO_23,2026-08-22,2026-08-22,PEN,2026-08-22,CHECKER_ID_2,2026-08-22,MAKER_ID_234,A,O,Y,2743,MO
010,100000000235,2026-08-23,TRNREFNO_235,TRN,908081,8643.200,BANKCODE_235,C,92,47,372151,2026-08-23,CLEARING_HOU,INSTRUMENT_NO_23,2026-08-23,2026-08-23,EUR,2026-08-23,CHECKER_ID_2,2026-08-23,MAKER_ID_235,A,O,Y,9264,MO
011,100000000236,2026-08-24,TRNREFNO_236,TRN,719073,11455.300,BANKCODE_236,C,40,78,139616,2026-08-24,CLEARING_HOU,INSTRUMENT_NO_23,2026-08-24,2026-08-24,BRL,2026-08-24,CHECKER_ID_2,2026-08-24,MAKER_ID_236,A,O,Y,4180,MO
012,100000000237,2026-08-25,TRNREFNO_237,TRN,260907,11002.500,BANKCODE_237,C,34,36,574541,2026-08-25,CLEARING_HOU,INSTRUMENT_NO_23,2026-08-25,2026-08-25,USD,2026-08-25,CHECKER_ID_2,2026-08-25,MAKER_ID_237,A,O,Y,5950,MO
013,100000000238,2026-08-26,TRNREFNO_238,TRN,929218,19403.800,BANKCODE_238,C,19,84,292282,2026-08-26,CLEARING_HOU,INSTRUMENT_NO_23,2026-08-26,2026-08-26,PEN,2026-08-26,CHECKER_ID_2,2026-08-26,MAKER_ID_238,A,O,Y,1577,MO
014,100000000239,2026-08-27,TRNREFNO_239,TRN,724018,3779.700,BANKCODE_239,C,34,44,875697,2026-08-27,CLEARING_HOU,INSTRUMENT_NO_23,2026-08-27,2026-08-27,EUR,2026-08-27,CHECKER_ID_2,2026-08-27,MAKER_ID_239,A,O,Y,6020,MO
015,100000000240,2026-08-28,TRNREFNO_240,TRN,726361,21222.900,BANKCODE_240,C,83,59,170362,2026-08-28,CLEARING_HOU,INSTRUMENT_NO_24,2026-08-28,2026-08-28,BRL,2026-08-28,CHECKER_ID_2,2026-08-28,MAKER_ID_240,A,O,Y,7341,MO
016,100000000241,2026-08-29,TRNREFNO_241,TRN,116771,2028.000,BANKCODE_241,C,29,49,47692,2026-08-29,CLEARING_HOU,INSTRUMENT_NO_24,2026-08-29,2026-08-29,USD,2026-08-29,CHECKER_ID_2,2026-08-29,MAKER_ID_241,A,O,Y,3155,MO
017,100000000242,2026-08-30,TRNREFNO_242,TRN,479875,11657.500,BANKCODE_242,C,2,20,449628,2026-08-30,CLEARING_HOU,INSTRUMENT_NO_24,2026-08-30,2026-08-30,PEN,2026-08-30,CHECKER_ID_2,2026-08-30,MAKER_ID_242,A,O,Y,4912,MO
018,100000000243,2026-08-31,TRNREFNO_243,TRN,984051,23186.200,BANKCODE_243,C,4,80,248616,2026-08-31,CLEARING_HOU,INSTRUMENT_NO_24,2026-08-31,2026-08-31,EUR,2026-08-31,CHECKER_ID_2,2026-08-31,MAKER_ID_243,A,O,Y,3951,MO
019,100000000244,2026-09-01,TRNREFNO_244,TRN,306842,23618.800,BANKCODE_244,C,63,19,73943,2026-09-01,CLEARING_HOU,INSTRUMENT_NO_24,2026-09-01,2026-09-01,BRL,2026-09-01,CHECKER_ID_2,2026-09-01,MAKER_ID_244,A,O,Y,7120,MO
020,100000000245,2026-09-02,TRNREFNO_245,TRN,664594,11432.400,BANKCODE_245,C,13,43,86213,2026-09-02,CLEARING_HOU,INSTRUMENT_NO_24,2026-09-02,2026-09-02,USD,2026-09-02,CHECKER_ID_2,2026-09-02,MAKER_ID_245,A,O,Y,7130,MO
021,100000000246,2026-09-03,TRNREFNO_246,TRN,950763,19402.500,BANKCODE_246,C,71,97,459063,2026-09-03,CLEARING_HOU,INSTRUMENT_NO_24,2026-09-03,2026-09-03,PEN,2026-09-03,CHECKER_ID_2,2026-09-03,MAKER_ID_246,A,O,Y,6502,MO
022,100000000247,2026-09-04,TRNREFNO_247,TRN,962328,12028.600,BANKCODE_247,C,73,79,897604,2026-09-04,CLEARING_HOU,INSTRUMENT_NO_24,2026-09-04,2026-09-04,EUR,2026-09-04,CHECKER_ID_2,2026-09-04,MAKER_ID_247,A,O,Y,4136,MO
023,100000000248,2026-09-05,TRNREFNO_248,TRN,561232,16517.000,BANKCODE_248,C,33,85,925952,2026-09-05,CLEARING_HOU,INSTRUMENT_NO_24,2026-09-05,2026-09-05,BRL,2026-09-05,CHECKER_ID_2,2026-09-05,MAKER_ID_248,A,O,Y,2923,MO
024,100000000249,2026-09-06,TRNREFNO_249,TRN,496582,20570.000,BANKCODE_249,C,16,23,719001,2026-09-06,CLEARING_HOU,INSTRUMENT_NO_24,2026-09-06,2026-09-06,USD,2026-09-06,CHECKER_ID_2,2026-09-06,MAKER_ID_249,A,O,Y,9135,MO
025,100000000250,2026-09-07,TRNREFNO_250,TRN,386407,12221.600,BANKCODE_250,C,49,91,542621,2026-09-07,CLEARING_HOU,INSTRUMENT_NO_25,2026-09-07,2026-09-07,PEN,2026-09-07,CHECKER_ID_2,2026-09-07,MAKER_ID_250,A,O,Y,6031,MO
001,100000000251,2026-09-08,TRNREFNO_251,TRN,858199,2207.000,BANKCODE_251,C,53,57,390131,2026-09-08,CLEARING_HOU,INSTRUMENT_NO_25,2026-09-08,2026-09-08,EUR,2026-09-08,CHECKER_ID_2,2026-09-08,MAKER_ID_251,A,O,Y,5007,MO
002,100000000252,2026-09-09,TRNREFNO_252,TRN,151023,24335.400,BANKCODE_252,C,49,44,171002,2026-09-09,CLEARING_HOU,INSTRUMENT_NO_25,2026-09-09,2026-09-09,BRL,2026-09-09,CHECKER_ID_2,2026-09-09,MAKER_ID_252,A,O,Y,6066,MO
003,100000000253,2026-09-10,TRNREFNO_253,TRN,472713,1002.700,BANKCODE_253,C,52,10,631857,2026-09-10,CLEARING_HOU,INSTRUMENT_NO_25,2026-09-10,2026-09-10,USD,2026-09-10,CHECKER_ID_2,2026-09-10,MAKER_ID_253,A,O,Y,4647,MO
004,100000000254,2026-09-11,TRNREFNO_254,TRN,713767,1289.400,BANKCODE_254,C,63,45,672507,2026-09-11,CLEARING_HOU,INSTRUMENT_NO_25,2026-09-11,2026-09-11,PEN,2026-09-11,CHECKER_ID_2,2026-09-11,MAKER_ID_254,U,O,Y,8081,MO
005,100000000255,2026-09-12,TRNREFNO_255,TRN,941213,10817.700,BANKCODE_255,C,75,2,693874,2026-09-12,CLEARING_HOU,INSTRUMENT_NO_25,2026-09-12,2026-09-12,EUR,2026-09-12,CHECKER_ID_2,2026-09-12,MAKER_ID_255,A,O,Y,4757,MO
006,100000000256,2026-09-13,TRNREFNO_256,TRN,219926,5990.700,BANKCODE_256,C,59,47,208163,2026-09-13,CLEARING_HOU,INSTRUMENT_NO_25,2026-09-13,2026-09-13,BRL,2026-09-13,CHECKER_ID_2,2026-09-13,MAKER_ID_256,A,O,Y,1710,MO
007,100000000257,2026-09-14,TRNREFNO_257,TRN,777011,5463.600,BANKCODE_257,C,22,50,127802,2026-09-14,CLEARING_HOU,INSTRUMENT_NO_25,2026-09-14,2026-09-14,USD,2026-09-14,CHECKER_ID_2,2026-09-14,MAKER_ID_257,A,O,Y,6495,MO
008,100000000258,2026-09-15,TRNREFNO_258,TRN,383598,14259.500,BANKCODE_258,C,18,91,284200,2026-09-15,CLEARING_HOU,INSTRUMENT_NO_25,2026-09-15,2026-09-15,PEN,2026-09-15,CHECKER_ID_2,2026-09-15,MAKER_ID_258,A,O,Y,9608,MO
009,100000000259,2026-09-16,TRNREFNO_259,TRN,558962,23210.000,BANKCODE_259,C,7,98,856103,2026-09-16,CLEARING_HOU,INSTRUMENT_NO_25,2026-09-16,2026-09-16,EUR,2026-09-16,CHECKER_ID_2,2026-09-16,MAKER_ID_259,A,O,Y,8025,MO
010,100000000260,2026-09-17,TRNREFNO_260,TRN,636103,21132.800,BANKCODE_260,C,61,19,914293,2026-09-17,CLEARING_HOU,INSTRUMENT_NO_26,2026-09-17,2026-09-17,BRL,2026-09-17,CHECKER_ID_2,2026-09-17,MAKER_ID_260,A,O,Y,1326,MO
011,100000000261,2026-09-18,TRNREFNO_261,TRN,132926,6797.800,BANKCODE_261,C,57,50,411891,2026-09-18,CLEARING_HOU,INSTRUMENT_NO_26,2026-09-18,2026-09-18,USD,2026-09-18,CHECKER_ID_2,2026-09-18,MAKER_ID_261,A,O,Y,3689,MO
012,100000000262,2026-09-19,TRNREFNO_262,TRN,430154,10832.100,BANKCODE_262,C,84,47,812830,2026-09-19,CLEARING_HOU,INSTRUMENT_NO_26,2026-09-19,2026-09-19,PEN,2026-09-19,CHECKER_ID_2,2026-09-19,MAKER_ID_262,A,O,Y,4607,MO
013,100000000263,2026-09-20,TRNREFNO_263,TRN,744205,18264.800,BANKCODE_263,C,1,74,455140,2026-09-20,CLEARING_HOU,INSTRUMENT_NO_26,2026-09-20,2026-09-20,EUR,2026-09-20,CHECKER_ID_2,2026-09-20,MAKER_ID_263,A,O,Y,5831,MO
014,100000000264,2026-09-21,TRNREFNO_264,TRN,608009,8594.100,BANKCODE_264,C,89,60,155431,2026-09-21,CLEARING_HOU,INSTRUMENT_NO_26,2026-09-21,2026-09-21,BRL,2026-09-21,CHECKER_ID_2,2026-09-21,MAKER_ID_264,A,O,Y,2984,MO
015,100000000265,2026-09-22,TRNREFNO_265,TRN,985278,11300.700,BANKCODE_265,C,1,23,802674,2026-09-22,CLEARING_HOU,INSTRUMENT_NO_26,2026-09-22,2026-09-22,USD,2026-09-22,CHECKER_ID_2,2026-09-22,MAKER_ID_265,A,O,Y,8583,MO
016,100000000266,2026-09-23,TRNREFNO_266,TRN,480384,23866.400,BANKCODE_266,C,34,28,400339,2026-09-23,CLEARING_HOU,INSTRUMENT_NO_26,2026-09-23,2026-09-23,PEN,2026-09-23,CHECKER_ID_2,2026-09-23,MAKER_ID_266,A,O,Y,4907,MO
017,100000000267,2026-09-24,TRNREFNO_267,TRN,755810,20087.000,BANKCODE_267,C,77,44,794851,2026-09-24,CLEARING_HOU,INSTRUMENT_NO_26,2026-09-24,2026-09-24,EUR,2026-09-24,CHECKER_ID_2,2026-09-24,MAKER_ID_267,A,O,Y,7261,MO
018,100000000268,2026-09-25,TRNREFNO_268,TRN,17548,10698.000,BANKCODE_268,C,25,24,755289,2026-09-25,CLEARING_HOU,INSTRUMENT_NO_26,2026-09-25,2026-09-25,BRL,2026-09-25,CHECKER_ID_2,2026-09-25,MAKER_ID_268,A,O,Y,7903,MO
019,100000000269,2026-09-26,TRNREFNO_269,TRN,169934,10046.000,BANKCODE_269,C,96,23,342102,2026-09-26,CLEARING_HOU,INSTRUMENT_NO_26,2026-09-26,2026-09-26,USD,2026-09-26,CHECKER_ID_2,2026-09-26,MAKER_ID_269,A,O,Y,1345,MO
020,100000000270,2026-09-27,TRNREFNO_270,TRN,789505,2938.500,BANKCODE_270,C,79,74,514481,2026-09-27,CLEARING_HOU,INSTRUMENT_NO_27,2026-09-27,2026-09-27,PEN,2026-09-27,CHECKER_ID_2,2026-09-27,MAKER_ID_270,A,O,Y,5054,MO
021,100000000271,2026-09-28,TRNREFNO_271,TRN,905022,3331.700,BANKCODE_271,C,90,9,444796,2026-09-28,CLEARING_HOU,INSTRUMENT_NO_27,2026-09-28,2026-09-28,EUR,2026-09-28,CHECKER_ID_2,2026-09-28,MAKER_ID_271,A,O,Y,3656,MO
022,100000000272,2026-09-29,TRNREFNO_272,TRN,522210,19254.700,BANKCODE_272,C,20,39,858372,2026-09-29,CLEARING_HOU,INSTRUMENT_NO_27,2026-09-29,2026-09-29,BRL,2026-09-29,CHECKER_ID_2,2026-09-29,MAKER_ID_272,A,O,Y,125,MO
023,100000000273,2026-09-30,TRNREFNO_273,TRN,174549,23122.500,BANKCODE_273,C,79,24,287929,2026-09-30,CLEARING_HOU,INSTRUMENT_NO_27,2026-09-30,2026-09-30,USD,2026-09-30,CHECKER_ID_2,2026-09-30,MAKER_ID_273,A,O,Y,4318,MO
024,100000000274,2026-10-01,TRNREFNO_274,TRN,984540,14911.700,BANKCODE_274,C,72,18,966256,2026-10-01,CLEARING_HOU,INSTRUMENT_NO_27,2026-10-01,2026-10-01,PEN,2026-10-01,CHECKER_ID_2,2026-10-01,MAKER_ID_274,A,O,Y,6488,MO
025,100000000275,2026-10-02,TRNREFNO_275,TRN,206114,20977.700,BANKCODE_275,C,5,93,630974,2026-10-02,CLEARING_HOU,INSTRUMENT_NO_27,2026-10-02,2026-10-02,EUR,2026-10-02,CHECKER_ID_2,2026-10-02,MAKER_ID_275,A,O,Y,6028,MO
001,100000000276,2026-10-03,TRNREFNO_276,TRN,74611,1454.200,BANKCODE_276,C,61,67,145448,2026-10-03,CLEARING_HOU,INSTRUMENT_NO_27,2026-10-03,2026-10-03,BRL,2026-10-03,CHECKER_ID_2,2026-10-03,MAKER_ID_276,A,O,Y,6950,MO
002,100000000277,2026-10-04,TRNREFNO_277,TRN,489961,19798.300,BANKCODE_277,C,65,95,290668,2026-10-04,CLEARING_HOU,INSTRUMENT_NO_27,2026-10-04,2026-10-04,USD,2026-10-04,CHECKER_ID_2,2026-10-04,MAKER_ID_277,U,O,Y,593,MO
003,100000000278,2026-10-05,TRNREFNO_278,TRN,244526,2403.200,BANKCODE_278,C,67,44,529828,2026-10-05,CLEARING_HOU,INSTRUMENT_NO_27,2026-10-05,2026-10-05,PEN,2026-10-05,CHECKER_ID_2,2026-10-05,MAKER_ID_278,A,O,Y,8982,MO
004,100000000279,2026-10-06,TRNREFNO_279,TRN,647427,3221.800,BANKCODE_279,C,16,91,578569,2026-10-06,CLEARING_HOU,INSTRUMENT_NO_27,2026-10-06,2026-10-06,EUR,2026-10-06,CHECKER_ID_2,2026-10-06,MAKER_ID_279,A,O,Y,4555,MO
005,100000000280,2026-10-07,TRNREFNO_280,TRN,758859,22927.400,BANKCODE_280,C,96,5,131813,2026-10-07,CLEARING_HOU,INSTRUMENT_NO_28,2026-10-07,2026-10-07,BRL,2026-10-07,CHECKER_ID_2,2026-10-07,MAKER_ID_280,A,O,Y,4327,MO
006,100000000281,2026-10-08,TRNREFNO_281,TRN,278165,22039.100,BANKCODE_281,C,85,92,141247,2026-10-08,CLEARING_HOU,INSTRUMENT_NO_28,2026-10-08,2026-10-08,USD,2026-10-08,CHECKER_ID_2,2026-10-08,MAKER_ID_281,A,O,Y,9484,MO
007,100000000282,2026-10-09,TRNREFNO_282,TRN,191924,4340.800,BANKCODE_282,C,73,66,64690,2026-10-09,CLEARING_HOU,INSTRUMENT_NO_28,2026-10-09,2026-10-09,PEN,2026-10-09,CHECKER_ID_2,2026-10-09,MAKER_ID_282,A,O,Y,1874,MO
008,100000000283,2026-10-10,TRNREFNO_283,TRN,859228,24493.700,BANKCODE_283,C,11,28,267001,2026-10-10,CLEARING_HOU,INSTRUMENT_NO_28,2026-10-10,2026-10-10,EUR,2026-10-10,CHECKER_ID_2,2026-10-10,MAKER_ID_283,A,O,Y,8739,MO
009,100000000284,2026-10-11,TRNREFNO_284,TRN,584449,13139.600,BANKCODE_284,C,68,34,794961,2026-10-11,CLEARING_HOU,INSTRUMENT_NO_28,2026-10-11,2026-10-11,BRL,2026-10-11,CHECKER_ID_2,2026-10-11,MAKER_ID_284,A,O,Y,3457,MO
010,100000000285,2026-10-12,TRNREFNO_285,TRN,125065,5414.800,BANKCODE_285,C,87,64,917595,2026-10-12,CLEARING_HOU,INSTRUMENT_NO_28,2026-10-12,2026-10-12,USD,2026-10-12,CHECKER_ID_2,2026-10-12,MAKER_ID_285,A,O,Y,914,MO
011,100000000286,2026-10-13,TRNREFNO_286,TRN,719597,10924.900,BANKCODE_286,C,18,0,611725,2026-10-13,CLEARING_HOU,INSTRUMENT_NO_28,2026-10-13,2026-10-13,PEN,2026-10-13,CHECKER_ID_2,2026-10-13,MAKER_ID_286,A,O,Y,4707,MO
012,100000000287,2026-10-14,TRNREFNO_287,TRN,676568,14198.300,BANKCODE_287,C,19,90,223673,2026-10-14,CLEARING_HOU,INSTRUMENT_NO_28,2026-10-14,2026-10-14,EUR,2026-10-14,CHECKER_ID_2,2026-10-14,MAKER_ID_287,A,O,Y,1352,MO
013,100000000288,2026-10-15,TRNREFNO_288,TRN,559793,17784.000,BANKCODE_288,C,69,93,788009,2026-10-15,CLEARING_HOU,INSTRUMENT_NO_28,2026-10-15,2026-10-15,BRL,2026-10-15,CHECKER_ID_2,2026-10-15,MAKER_ID_288,A,O,Y,4699,MO
014,100000000289,2026-10-16,TRNREFNO_289,TRN,538146,8043.200,BANKCODE_289,C,51,72,265147,2026-10-16,CLEARING_HOU,INSTRUMENT_NO_28,2026-10-16,2026-10-16,USD,2026-10-16,CHECKER_ID_2,2026-10-16,MAKER_ID_289,A,O,Y,6766,MO
015,100000000290,2026-10-17,TRNREFNO_290,TRN,569817,12218.200,BANKCODE_290,C,30,41,399753,2026-10-17,CLEARING_HOU,INSTRUMENT_NO_29,2026-10-17,2026-10-17,PEN,2026-10-17,CHECKER_ID_2,2026-10-17,MAKER_ID_290,A,O,Y,5790,MO
016,100000000291,2026-10-18,TRNREFNO_291,TRN,222148,20152.800,BANKCODE_291,C,72,4,3165,2026-10-18,CLEARING_HOU,INSTRUMENT_NO_29,2026-10-18,2026-10-18,EUR,2026-10-18,CHECKER_ID_2,2026-10-18,MAKER_ID_291,A,O,Y,7371,MO
017,100000000292,2026-10-19,TRNREFNO_292,TRN,57989,10164.400,BANKCODE_292,C,16,50,275261,2026-10-19,CLEARING_HOU,INSTRUMENT_NO_29,2026-10-19,2026-10-19,BRL,2026-10-19,CHECKER_ID_2,2026-10-19,MAKER_ID_292,A,O,Y,7655,MO
018,100000000293,2026-10-20,TRNREFNO_293,TRN,574945,20836.800,BANKCODE_293,C,61,80,964133,2026-10-20,CLEARING_HOU,INSTRUMENT_NO_29,2026-10-20,2026-10-20,USD,2026-10-20,CHECKER_ID_2,2026-10-20,MAKER_ID_293,A,O,Y,3644,MO
019,100000000294,2026-10-21,TRNREFNO_294,TRN,784014,16610.400,BANKCODE_294,C,24,10,122481,2026-10-21,CLEARING_HOU,INSTRUMENT_NO_29,2026-10-21,2026-10-21,PEN,2026-10-21,CHECKER_ID_2,2026-10-21,MAKER_ID_294,A,O,Y,3616,MO
020,100000000295,2026-10-22,TRNREFNO_295,TRN,362124,898.100,BANKCODE_295,C,16,1,875448,2026-10-22,CLEARING_HOU,INSTRUMENT_NO_29,2026-10-22,2026-10-22,EUR,2026-10-22,CHECKER_ID_2,2026-10-22,MAKER_ID_295,A,O,Y,9961,MO
021,100000000296,2026-10-23,TRNREFNO_296,TRN,155892,23221.700,BANKCODE_296,C,45,91,933075,2026-10-23,CLEARING_HOU,INSTRUMENT_NO_29,2026-10-23,2026-10-23,BRL,2026-10-23,CHECKER_ID_2,2026-10-23,MAKER_ID_296,A,O,Y,2059,MO
022,100000000297,2026-10-24,TRNREFNO_297,TRN,107742,30579.200,BANKCODE_297,C,28,96,659381,2026-10-24,CLEARING_HOU,INSTRUMENT_NO_29,2026-10-24,2026-10-24,USD,2026-10-24,CHECKER_ID_2,2026-10-24,MAKER_ID_297,A,O,Y,3284,MO
023,100000000298,2026-10-25,TRNREFNO_298,TRN,291426,10693.400,BANKCODE_298,C,19,38,21834,2026-10-25,CLEARING_HOU,INSTRUMENT_NO_29,2026-10-25,2026-10-25,PEN,2026-10-25,CHECKER_ID_2,2026-10-25,MAKER_ID_298,A,O,Y,9613,MO
024,100000000299,2026-10-26,TRNREFNO_299,TRN,625609,19089.400,BANKCODE_299,C,53,29,465075,2026-10-26,CLEARING_HOU,INSTRUMENT_NO_29,2026-10-26,2026-10-26,EUR,2026-10-26,CHECKER_ID_2,2026-10-26,MAKER_ID_299,A,O,Y,7742,MO
025,100000000300,2026-10-27,TRNREFNO_300,TRN,719363,17042.600,BANKCODE_300,C,66,32,723695,2026-10-27,CLEARING_HOU,INSTRUMENT_NO_30,2026-10-27,2026-10-27,BRL,2026-10-27,CHECKER_ID_3,2026-10-27,MAKER_ID_300,U,O,Y,1888,MO
001,100000000301,2026-10-28,TRNREFNO_301,TRN,12523,15124.300,BANKCODE_301,C,49,14,48257,2026-10-28,CLEARING_HOU,INSTRUMENT_NO_30,2026-10-28,2026-10-28,USD,2026-10-28,CHECKER_ID_3,2026-10-28,MAKER_ID_301,A,O,Y,9887,MO
002,100000000302,2026-10-29,TRNREFNO_302,TRN,173652,324.600,BANKCODE_302,C,86,43,546248,2026-10-29,CLEARING_HOU,INSTRUMENT_NO_30,2026-10-29,2026-10-29,PEN,2026-10-29,CHECKER_ID_3,2026-10-29,MAKER_ID_302,A,O,Y,7346,MO
003,100000000303,2026-10-30,TRNREFNO_303,TRN,996157,10246.600,BANKCODE_303,C,66,39,748997,2026-10-30,CLEARING_HOU,INSTRUMENT_NO_30,2026-10-30,2026-10-30,EUR,2026-10-30,CHECKER_ID_3,2026-10-30,MAKER_ID_303,A,O,Y,7264,MO
004,100000000304,2026-10-31,TRNREFNO_304,TRN,962124,20419.100,BANKCODE_304,C,22,68,857963,2026-10-31,CLEARING_HOU,INSTRUMENT_NO_30,2026-10-31,2026-10-31,BRL,2026-10-31,CHECKER_ID_3,2026-10-31,MAKER_ID_304,A,O,Y,3474,MO
005,100000000305,2026-11-01,TRNREFNO_305,TRN,363529,7541.300,BANKCODE_305,C,58,92,136918,2026-11-01,CLEARING_HOU,INSTRUMENT_NO_30,2026-11-01,2026-11-01,USD,2026-11-01,CHECKER_ID_3,2026-11-01,MAKER_ID_305,A,O,Y,8645,MO
006,100000000306,2026-11-02,TRNREFNO_306,TRN,162285,18116.200,BANKCODE_306,C,21,75,70812,2026-11-02,CLEARING_HOU,INSTRUMENT_NO_30,2026-11-02,2026-11-02,PEN,2026-11-02,CHECKER_ID_3,2026-11-02,MAKER_ID_306,A,O,Y,7309,MO
007,100000000307,2026-11-03,TRNREFNO_307,TRN,325546,7894.000,BANKCODE_307,C,99,48,232425,2026-11-03,CLEARING_HOU,INSTRUMENT_NO_30,2026-11-03,2026-11-03,EUR,2026-11-03,CHECKER_ID_3,2026-11-03,MAKER_ID_307,A,O,Y,7365,MO
008,100000000308,2026-11-04,TRNREFNO_308,TRN,964335,8286.000,BANKCODE_308,C,64,17,751791,2026-11-04,CLEARING_HOU,INSTRUMENT_NO_30,2026-11-04,2026-11-04,BRL,2026-11-04,CHECKER_ID_3,2026-11-04,MAKER_ID_308,A,O,Y,3712,MO
009,100000000309,2026-11-05,TRNREFNO_309,TRN,882352,21568.400,BANKCODE_309,C,24,90,202126,2026-11-05,CLEARING_HOU,INSTRUMENT_NO_30,2026-11-05,2026-11-05,USD,2026-11-05,CHECKER_ID_3,2026-11-05,MAKER_ID_309,A,O,Y,9525,MO
010,100000000310,2026-11-06,TRNREFNO_310,TRN,319862,7914.000,BANKCODE_310,C,85,16,282008,2026-11-06,CLEARING_HOU,INSTRUMENT_NO_31,2026-11-06,2026-11-06,PEN,2026-11-06,CHECKER_ID_3,2026-11-06,MAKER_ID_310,A,O,Y,1199,MO
011,100000000311,2026-11-07,TRNREFNO_311,TRN,953966,8738.700,BANKCODE_311,C,95,4,633346,2026-11-07,CLEARING_HOU,INSTRUMENT_NO_31,2026-11-07,2026-11-07,EUR,2026-11-07,CHECKER_ID_3,2026-11-07,MAKER_ID_311,A,O,Y,5091,MO
012,100000000312,2026-11-08,TRNREFNO_312,TRN,284808,12861.500,BANKCODE_312,C,87,33,280405,2026-11-08,CLEARING_HOU,INSTRUMENT_NO_31,2026-11-08,2026-11-08,BRL,2026-11-08,CHECKER_ID_3,2026-11-08,MAKER_ID_312,A,O,Y,5493,MO
013,100000000313,2026-11-09,TRNREFNO_313,TRN,18553,23802.300,BANKCODE_313,C,14,16,353115,2026-11-09,CLEARING_HOU,INSTRUMENT_NO_31,2026-11-09,2026-11-09,USD,2026-11-09,CHECKER_ID_3,2026-11-09,MAKER_ID_313,A,O,Y,3956,MO
014,100000000314,2026-11-10,TRNREFNO_314,TRN,966617,8774.600,BANKCODE_314,C,33,8,208883,2026-11-10,CLEARING_HOU,INSTRUMENT_NO_31,2026-11-10,2026-11-10,PEN,2026-11-10,CHECKER_ID_3,2026-11-10,MAKER_ID_314,A,O,Y,2488,MO
015,100000000315,2026-11-11,TRNREFNO_315,TRN,169988,9769.600,BANKCODE_315,C,5,76,690679,2026-11-11,CLEARING_HOU,INSTRUMENT_NO_31,2026-11-11,2026-11-11,EUR,2026-11-11,CHECKER_ID_3,2026-11-11,MAKER_ID_315,A,O,Y,2480,MO
016,100000000316,2026-11-12,TRNREFNO_316,TRN,271213,7904.100,BANKCODE_316,C,37,31,160262,2026-11-12,CLEARING_HOU,INSTRUMENT_NO_31,2026-11-12,2026-11-12,BRL,2026-11-12,CHECKER_ID_3,2026-11-12,MAKER_ID_316,A,O,Y,8152,MO
017,100000000317,2026-11-13,TRNREFNO_317,TRN,111465,11384.900,BANKCODE_317,C,99,29,535672,2026-11-13,CLEARING_HOU,INSTRUMENT_NO_31,2026-11-13,2026-11-13,USD,2026-11-13,CHECKER_ID_3,2026-11-13,MAKER_ID_317,A,O,Y,5192,MO
018,100000000318,2026-11-14,TRNREFNO_318,TRN,86757,6854.600,BANKCODE_318,C,53,87,478969,2026-11-14,CLEARING_HOU,INSTRUMENT_NO_31,2026-11-14,2026-11-14,PEN,2026-11-14,CHECKER_ID_3,2026-11-14,MAKER_ID_318,A,O,Y,1297,MO
019,100000000319,2026-11-15,TRNREFNO_319,TRN,603059,24730.500,BANKCODE_319,C,76,73,799789,2026-11-15,CLEARING_HOU,INSTRUMENT_NO_31,2026-11-15,2026-11-15,EUR,2026-11-15,CHECKER_ID_3,2026-11-15,MAKER_ID_319,A,O,Y,6246,MO
020,100000000320,2026-11-16,TRNREFNO_320,TRN,205799,11578.700,BANKCODE_320,C,86,73,964957,2026-11-16,CLEARING_HOU,INSTRUMENT_NO_32,2026-11-16,2026-11-16,BRL,2026-11-16,CHECKER_ID_3,2026-11-16,MAKER_ID_320,A,O,Y,6220,MO
021,100000000321,2026-11-17,TRNREFNO_321,TRN,162520,5091.100,BANKCODE_321,C,27,61,415548,2026-11-17,CLEARING_HOU,INSTRUMENT_NO_32,2026-11-17,2026-11-17,USD,2026-11-17,CHECKER_ID_3,2026-11-17,MAKER_ID_321,A,O,Y,5535,MO
022,100000000322,2026-11-18,TRNREFNO_322,TRN,765579,1246.800,BANKCODE_322,C,38,44,609093,2026-11-18,CLEARING_HOU,INSTRUMENT_NO_32,2026-11-18,2026-11-18,PEN,2026-11-18,CHECKER_ID_3,2026-11-18,MAKER_ID_322,A,O,Y,8113,MO
023,100000000323,2026-11-19,TRNREFNO_323,TRN,126199,4651.600,BANKCODE_323,C,29,29,837364,2026-11-19,CLEARING_HOU,INSTRUMENT_NO_32,2026-11-19,2026-11-19,EUR,2026-11-19,CHECKER_ID_3,2026-11-19,MAKER_ID_323,U,O,Y,3840,MO
024,100000000324,2026-11-20,TRNREFNO_324,TRN,150105,14691.600,BANKCODE_324,C,99,16,696022,2026-11-20,CLEARING_HOU,INSTRUMENT_NO_32,2026-11-20,2026-11-20,BRL,2026-11-20,CHECKER_ID_3,2026-11-20,MAKER_ID_324,A,O,Y,5922,MO
025,100000000325,2026-11-21,TRNREFNO_325,TRN,19361,2946.000,BANKCODE_325,C,2,75,303808,2026-11-21,CLEARING_HOU,INSTRUMENT_NO_32,2026-11-21,2026-11-21,USD,2026-11-21,CHECKER_ID_3,2026-11-21,MAKER_ID_325,A,O,Y,2965,MO
001,100000000326,2026-11-22,TRNREFNO_326,TRN,756047,18013.100,BANKCODE_326,C,76,10,53196,2026-11-22,CLEARING_HOU,INSTRUMENT_NO_32,2026-11-22,2026-11-22,PEN,2026-11-22,CHECKER_ID_3,2026-11-22,MAKER_ID_326,A,O,Y,2212,MO
002,100000000327,2026-11-23,TRNREFNO_327,TRN,406023,1375.700,BANKCODE_327,C,4,87,421484,2026-11-23,CLEARING_HOU,INSTRUMENT_NO_32,2026-11-23,2026-11-23,EUR,2026-11-23,CHECKER_ID_3,2026-11-23,MAKER_ID_327,A,O,Y,4232,MO
003,100000000328,2026-11-24,TRNREFNO_328,TRN,893731,4874.200,BANKCODE_328,C,67,8,447271,2026-11-24,CLEARING_HOU,INSTRUMENT_NO_32,2026-11-24,2026-11-24,BRL,2026-11-24,CHECKER_ID_3,2026-11-24,MAKER_ID_328,A,O,Y,4020,MO
004,100000000329,2026-11-25,TRNREFNO_329,TRN,441496,12637.100,BANKCODE_329,C,94,82,756224,2026-11-25,CLEARING_HOU,INSTRUMENT_NO_32,2026-11-25,2026-11-25,USD,2026-11-25,CHECKER_ID_3,2026-11-25,MAKER_ID_329,A,O,Y,1668,MO
005,100000000330,2026-11-26,TRNREFNO_330,TRN,954466,1756.600,BANKCODE_330,C,69,14,10036,2026-11-26,CLEARING_HOU,INSTRUMENT_NO_33,2026-11-26,2026-11-26,PEN,2026-11-26,CHECKER_ID_3,2026-11-26,MAKER_ID_330,A,O,Y,4657,MO
006,100000000331,2026-11-27,TRNREFNO_331,TRN,137576,23017.900,BANKCODE_331,C,21,85,121350,2026-11-27,CLEARING_HOU,INSTRUMENT_NO_33,2026-11-27,2026-11-27,EUR,2026-11-27,CHECKER_ID_3,2026-11-27,MAKER_ID_331,A,O,Y,5106,MO
007,100000000332,2026-11-28,TRNREFNO_332,TRN,963245,4109.700,BANKCODE_332,C,77,82,960111,2026-11-28,CLEARING_HOU,INSTRUMENT_NO_33,2026-11-28,2026-11-28,BRL,2026-11-28,CHECKER_ID_3,2026-11-28,MAKER_ID_332,A,O,Y,8418,MO
008,100000000333,2026-11-29,TRNREFNO_333,TRN,910727,19091.000,BANKCODE_333,C,64,80,145461,2026-11-29,CLEARING_HOU,INSTRUMENT_NO_33,2026-11-29,2026-11-29,USD,2026-11-29,CHECKER_ID_3,2026-11-29,MAKER_ID_333,A,O,Y,6864,MO
009,100000000334,2026-11-30,TRNREFNO_334,TRN,324947,21157.600,BANKCODE_334,C,13,85,387741,2026-11-30,CLEARING_HOU,INSTRUMENT_NO_33,2026-11-30,2026-11-30,PEN,2026-11-30,CHECKER_ID_3,2026-11-30,MAKER_ID_334,A,O,Y,1152,MO
010,100000000335,2026-12-01,TRNREFNO_335,TRN,145644,19959.300,BANKCODE_335,C,8,72,790130,2026-12-01,CLEARING_HOU,INSTRUMENT_NO_33,2026-12-01,2026-12-01,EUR,2026-12-01,CHECKER_ID_3,2026-12-01,MAKER_ID_335,A,O,Y,7926,MO
011,100000000336,2026-12-02,TRNREFNO_336,TRN,823907,11169.800,BANKCODE_336,C,14,80,468128,2026-12-02,CLEARING_HOU,INSTRUMENT_NO_33,2026-12-02,2026-12-02,BRL,2026-12-02,CHECKER_ID_3,2026-12-02,MAKER_ID_336,A,O,Y,9004,MO
012,100000000337,2026-12-03,TRNREFNO_337,TRN,548725,22001.900,BANKCODE_337,C,55,98,549818,2026-12-03,CLEARING_HOU,INSTRUMENT_NO_33,2026-12-03,2026-12-03,USD,2026-12-03,CHECKER_ID_3,2026-12-03,MAKER_ID_337,A,O,Y,298,MO
013,100000000338,2026-12-04,TRNREFNO_338,TRN,270352,19959.200,BANKCODE_338,C,48,59,773940,2026-12-04,CLEARING_HOU,INSTRUMENT_NO_33,2026-12-04,2026-12-04,PEN,2026-12-04,CHECKER_ID_3,2026-12-04,MAKER_ID_338,A,O,Y,549,MO
014,100000000339,2026-12-05,TRNREFNO_339,TRN,803977,9943.700,BANKCODE_339,C,71,23,873175,2026-12-05,CLEARING_HOU,INSTRUMENT_NO_33,2026-12-05,2026-12-05,EUR,2026-12-05,CHECKER_ID_3,2026-12-05,MAKER_ID_339,A,O,Y,8738,MO
015,100000000340,2026-12-06,TRNREFNO_340,TRN,760603,14028.000,BANKCODE_340,C,92,50,43473,2026-12-06,CLEARING_HOU,INSTRUMENT_NO_34,2026-12-06,2026-12-06,BRL,2026-12-06,CHECKER_ID_3,2026-12-06,MAKER_ID_340,A,O,Y,2337,MO
016,100000000341,2026-12-07,TRNREFNO_341,TRN,951304,11876.200,BANKCODE_341,C,27,70,923369,2026-12-07,CLEARING_HOU,INSTRUMENT_NO_34,2026-12-07,2026-12-07,USD,2026-12-07,CHECKER_ID_3,2026-12-07,MAKER_ID_341,A,O,Y,842,MO
017,100000000342,2026-12-08,TRNREFNO_342,TRN,740928,11998.900,BANKCODE_342,C,91,93,354733,2026-12-08,CLEARING_HOU,INSTRUMENT_NO_34,2026-12-08,2026-12-08,PEN,2026-12-08,CHECKER_ID_3,2026-12-08,MAKER_ID_342,A,O,Y,3303,MO
018,100000000343,2026-12-09,TRNREFNO_343,TRN,911010,16720.800,BANKCODE_343,C,6,75,766975,2026-12-09,CLEARING_HOU,INSTRUMENT_NO_34,2026-12-09,2026-12-09,EUR,2026-12-09,CHECKER_ID_3,2026-12-09,MAKER_ID_343,A,O,Y,3929,MO
019,100000000344,2026-12-10,TRNREFNO_344,TRN,685131,13261.200,BANKCODE_344,C,95,90,23412,2026-12-10,CLEARING_HOU,INSTRUMENT_NO_34,2026-12-10,2026-12-10,BRL,2026-12-10,CHECKER_ID_3,2026-12-10,MAKER_ID_344,A,O,Y,2966,MO
020,100000000345,2026-12-11,TRNREFNO_345,TRN,676688,18677.500,BANKCODE_345,C,82,94,388905,2026-12-11,CLEARING_HOU,INSTRUMENT_NO_34,2026-12-11,2026-12-11,USD,2026-12-11,CHECKER_ID_3,2026-12-11,MAKER_ID_345,A,O,Y,2467,MO
021,100000000346,2026-12-12,TRNREFNO_346,TRN,379812,1044.800,BANKCODE_346,C,26,31,59994,2026-12-12,CLEARING_HOU,INSTRUMENT_NO_34,2026-12-12,2026-12-12,PEN,2026-12-12,CHECKER_ID_3,2026-12-12,MAKER_ID_346,U,O,Y,4112,MO
022,100000000347,2026-12-13,TRNREFNO_347,TRN,879642,19562.300,BANKCODE_347,C,59,78,514351,2026-12-13,CLEARING_HOU,INSTRUMENT_NO_34,2026-12-13,2026-12-13,EUR,2026-12-13,CHECKER_ID_3,2026-12-13,MAKER_ID_347,A,O,Y,4195,MO
023,100000000348,2026-12-14,TRNREFNO_348,TRN,658775,14861.800,BANKCODE_348,C,67,91,789272,2026-12-14,CLEARING_HOU,INSTRUMENT_NO_34,2026-12-14,2026-12-14,BRL,2026-12-14,CHECKER_ID_3,2026-12-14,MAKER_ID_348,A,O,Y,8224,MO
024,100000000349,2026-12-15,TRNREFNO_349,TRN,97770,12696.400,BANKCODE_349,C,77,22,818486,2026-12-15,CLEARING_HOU,INSTRUMENT_NO_34,2026-12-15,2026-12-15,USD,2026-12-15,CHECKER_ID_3,2026-12-15,MAKER_ID_349,A,O,Y,1271,MO
025,100000000350,2026-12-16,TRNREFNO_350,TRN,568085,6206.900,BANKCODE_350,C,20,50,129743,2026-12-16,CLEARING_HOU,INSTRUMENT_NO_35,2026-12-16,2026-12-16,PEN,2026-12-16,CHECKER_ID_3,2026-12-16,MAKER_ID_350,A,O,Y,4708,MO
001,100000000351,2026-12-17,TRNREFNO_351,TRN,864529,16113.600,BANKCODE_351,C,0,61,169882,2026-12-17,CLEARING_HOU,INSTRUMENT_NO_35,2026-12-17,2026-12-17,EUR,2026-12-17,CHECKER_ID_3,2026-12-17,MAKER_ID_351,A,O,Y,7736,MO
002,100000000352,2026-12-18,TRNREFNO_352,TRN,542901,8798.900,BANKCODE_352,C,88,60,26964,2026-12-18,CLEARING_HOU,INSTRUMENT_NO_35,2026-12-18,2026-12-18,BRL,2026-12-18,CHECKER_ID_3,2026-12-18,MAKER_ID_352,A,O,Y,6010,MO
003,100000000353,2026-12-19,TRNREFNO_353,TRN,333961,1897.400,BANKCODE_353,C,0,55,436117,2026-12-19,CLEARING_HOU,INSTRUMENT_NO_35,2026-12-19,2026-12-19,USD,2026-12-19,CHECKER_ID_3,2026-12-19,MAKER_ID_353,A,O,Y,2982,MO
004,100000000354,2026-12-20,TRNREFNO_354,TRN,282840,19239.300,BANKCODE_354,C,63,38,20658,2026-12-20,CLEARING_HOU,INSTRUMENT_NO_35,2026-12-20,2026-12-20,PEN,2026-12-20,CHECKER_ID_3,2026-12-20,MAKER_ID_354,A,O,Y,536,MO
005,100000000355,2026-12-21,TRNREFNO_355,TRN,235951,24091.900,BANKCODE_355,C,1,92,932814,2026-12-21,CLEARING_HOU,INSTRUMENT_NO_35,2026-12-21,2026-12-21,EUR,2026-12-21,CHECKER_ID_3,2026-12-21,MAKER_ID_355,A,O,Y,6100,MO
006,100000000356,2026-12-22,TRNREFNO_356,TRN,45108,21240.700,BANKCODE_356,C,70,36,524376,2026-12-22,CLEARING_HOU,INSTRUMENT_NO_35,2026-12-22,2026-12-22,BRL,2026-12-22,CHECKER_ID_3,2026-12-22,MAKER_ID_356,A,O,Y,5299,MO
007,100000000357,2026-12-23,TRNREFNO_357,TRN,229945,342.200,BANKCODE_357,C,55,25,164691,2026-12-23,CLEARING_HOU,INSTRUMENT_NO_35,2026-12-23,2026-12-23,USD,2026-12-23,CHECKER_ID_3,2026-12-23,MAKER_ID_357,A,O,Y,8501,MO
008,100000000358,2026-12-24,TRNREFNO_358,TRN,627788,23565.100,BANKCODE_358,C,11,32,838124,2026-12-24,CLEARING_HOU,INSTRUMENT_NO_35,2026-12-24,2026-12-24,PEN,2026-12-24,CHECKER_ID_3,2026-12-24,MAKER_ID_358,A,O,Y,4615,MO
009,100000000359,2026-12-25,TRNREFNO_359,TRN,607415,12657.000,BANKCODE_359,C,63,7,136133,2026-12-25,CLEARING_HOU,INSTRUMENT_NO_35,2026-12-25,2026-12-25,EUR,2026-12-25,CHECKER_ID_3,2026-12-25,MAKER_ID_359,A,O,Y,7074,MO
010,100000000360,2026-12-26,TRNREFNO_360,TRN,717606,7264.700,BANKCODE_360,C,87,95,731421,2026-12-26,CLEARING_HOU,INSTRUMENT_NO_36,2026-12-26,2026-12-26,BRL,2026-12-26,CHECKER_ID_3,2026-12-26,MAKER_ID_360,A,O,Y,9405,MO
011,100000000361,2026-12-27,TRNREFNO_361,TRN,443012,2045.900,BANKCODE_361,C,30,78,653476,2026-12-27,CLEARING_HOU,INSTRUMENT_NO_36,2026-12-27,2026-12-27,USD,2026-12-27,CHECKER_ID_3,2026-12-27,MAKER_ID_361,A,O,Y,8604,MO
012,100000000362,2026-12-28,TRNREFNO_362,TRN,580659,2935.200,BANKCODE_362,C,10,9,227829,2026-12-28,CLEARING_HOU,INSTRUMENT_NO_36,2026-12-28,2026-12-28,PEN,2026-12-28,CHECKER_ID_3,2026-12-28,MAKER_ID_362,A,O,Y,6421,MO
013,100000000363,2026-12-29,TRNREFNO_363,TRN,868752,470.400,BANKCODE_363,C,97,67,267292,2026-12-29,CLEARING_HOU,INSTRUMENT_NO_36,2026-12-29,2026-12-29,EUR,2026-12-29,CHECKER_ID_3,2026-12-29,MAKER_ID_363,A,O,Y,3843,MO
014,100000000364,2026-12-30,TRNREFNO_364,TRN,70023,7571.800,BANKCODE_364,C,77,82,956550,2026-12-30,CLEARING_HOU,INSTRUMENT_NO_36,2026-12-30,2026-12-30,BRL,2026-12-30,CHECKER_ID_3,2026-12-30,MAKER_ID_364,A,O,Y,5259,MO
015,100000000365,2026-12-31,TRNREFNO_365,TRN,239269,19313.800,BANKCODE_365,C,66,78,923159,2026-12-31,CLEARING_HOU,INSTRUMENT_NO_36,2026-12-31,2026-12-31,USD,2026-12-31,CHECKER_ID_3,2026-12-31,MAKER_ID_365,A,O,Y,1442,MO
016,100000000366,2026-01-01,TRNREFNO_366,TRN,967840,19777.000,BANKCODE_366,C,20,73,287559,2026-01-01,CLEARING_HOU,INSTRUMENT_NO_36,2026-01-01,2026-01-01,PEN,2026-01-01,CHECKER_ID_3,2026-01-01,MAKER_ID_366,A,O,Y,7896,MO
017,100000000367,2026-01-02,TRNREFNO_367,TRN,137175,8828.300,BANKCODE_367,C,6,1,604459,2026-01-02,CLEARING_HOU,INSTRUMENT_NO_36,2026-01-02,2026-01-02,EUR,2026-01-02,CHECKER_ID_3,2026-01-02,MAKER_ID_367,A,O,Y,3730,MO
