BRANCH,ACCOUNT,AMOUNT_BLOCK_NO,AMOUNT,EFFECTIVE_DATE,EXPIRY_DATE,MAKER_ID,MAKER_DT_STAMP,CHECKER_ID,CHECKER_DT_STAMP,AUTH_STAT,RECORD_STAT,ONCE_AUTH,MOD_NO,REMARKS,EXPIRY_HOUR,EXPIRY_MINUTE,AMOUNT_BLK_TYPE,AMT_BLOCK_TYPE,PRIORITY,DELINQUENCY_PRODUCT,CHECK_NO
001,100000000001,AMOUNT_BLOCK,4206.400,2026-01-01,2026-01-01,MAKER_ID_1,2026-01-01,CHECKER_ID_1,2026-01-01,U,O,Y,8270,REMARKS_1,33,16,A,A,2209,SAV1,CHECK_NO_1
002,100000000002,AMOUNT_BLOCK,298.600,2026-01-02,2026-01-02,MAKER_ID_2,2026-01-02,CHECKER_ID_2,2026-01-02,A,O,Y,7763,REMARKS_2,43,95,A,A,3024,CURR,CHECK_NO_2
003,100000000003,AMOUNT_BLOCK,3391.000,2026-01-03,2026-01-03,MAKER_ID_3,2026-01-03,CHECKER_ID_3,2026-01-03,A,O,Y,7088,REMARKS_3,43,12,A,A,5996,LOAN,CHECK_NO_3
004,100000000004,AMOUNT_BLOCK,416.400,2026-01-04,2026-01-04,MAKER_ID_4,2026-01-04,CHECKER_ID_4,2026-01-04,A,O,Y,7493,REMARKS_4,42,37,A,A,6506,TD01,CHECK_NO_4
005,100000000005,AMOUNT_BLOCK,18219.100,2026-01-05,2026-01-05,MAKER_ID_5,2026-01-05,CHECKER_ID_5,2026-01-05,A,O,Y,4852,REMARKS_5,15,24,A,A,2190,CARD,CHECK_NO_5
006,100000000006,AMOUNT_BLOCK,10439.800,2026-01-06,2026-01-06,MAKER_ID_6,2026-01-06,CHECKER_ID_6,2026-01-06,A,O,Y,9808,REMARKS_6,6,3,A,A,1797,CLRG,CHECK_NO_6
007,100000000007,AMOUNT_BLOCK,19581.700,2026-01-07,2026-01-07,MAKER_ID_7,2026-01-07,CHECKER_ID_7,2026-01-07,A,O,Y,4143,REMARKS_7,50,22,A,A,5625,SAV1,CHECK_NO_7
008,100000000008,AMOUNT_BLOCK,4632.200,2026-01-08,2026-01-08,MAKER_ID_8,2026-01-08,CHECKER_ID_8,2026-01-08,A,O,Y,6355,REMARKS_8,7,13,A,A,189,CURR,CHECK_NO_8
009,100000000009,AMOUNT_BLOCK,2665.300,2026-01-09,2026-01-09,MAKER_ID_9,2026-01-09,CHECKER_ID_9,2026-01-09,A,O,Y,8027,REMARKS_9,99,8,A,A,4725,LOAN,CHECK_NO_9
010,100000000010,AMOUNT_BLOCK,12049.600,2026-01-10,2026-01-10,MAKER_ID_10,2026-01-10,CHECKER_ID_1,2026-01-10,A,O,Y,5314,REMARKS_10,7,75,A,A,8318,TD01,CHECK_NO_10
011,100000000011,AMOUNT_BLOCK,20949.500,2026-01-11,2026-01-11,MAKER_ID_11,2026-01-11,CHECKER_ID_1,2026-01-11,A,O,Y,3494,REMARKS_11,8,96,A,A,7447,CARD,CHECK_NO_11
012,100000000012,AMOUNT_BLOCK,16796.500,2026-01-12,2026-01-12,MAKER_ID_12,2026-01-12,CHECKER_ID_1,2026-01-12,A,O,Y,280,REMARKS_12,53,30,A,A,6652,CLRG,CHECK_NO_12
013,100000000013,AMOUNT_BLOCK,7186.100,2026-01-13,2026-01-13,MAKER_ID_13,2026-01-13,CHECKER_ID_1,2026-01-13,A,O,Y,5835,REMARKS_13,84,32,A,A,7838,SAV1,CHECK_NO_13
014,100000000014,AMOUNT_BLOCK,1068.500,2026-01-14,2026-01-14,MAKER_ID_14,2026-01-14,CHECKER_ID_1,2026-01-14,A,O,Y,2992,REMARKS_14,38,3,A,A,6222,CURR,CHECK_NO_14
015,100000000015,AMOUNT_BLOCK,20686.900,2026-01-15,2026-01-15,MAKER_ID_15,2026-01-15,CHECKER_ID_1,2026-01-15,A,O,Y,6007,REMARKS_15,61,80,A,A,1481,LOAN,CHECK_NO_15
016,100000000016,AMOUNT_BLOCK,15409.400,2026-01-16,2026-01-16,MAKER_ID_16,2026-01-16,CHECKER_ID_1,2026-01-16,A,O,Y,2512,REMARKS_16,41,53,A,A,8249,TD01,CHECK_NO_16
017,100000000017,AMOUNT_BLOCK,21717.300,2026-01-17,2026-01-17,MAKER_ID_17,2026-01-17,CHECKER_ID_1,2026-01-17,A,O,Y,6604,REMARKS_17,99,33,A,A,528,CARD,CHECK_NO_17
018,100000000018,AMOUNT_BLOCK,11173.600,2026-01-18,2026-01-18,MAKER_ID_18,2026-01-18,CHECKER_ID_1,2026-01-18,A,O,Y,5117,REMARKS_18,7,9,A,A,5744,CLRG,CHECK_NO_18
019,100000000019,AMOUNT_BLOCK,23659.700,2026-01-19,2026-01-19,MAKER_ID_19,2026-01-19,CHECKER_ID_1,2026-01-19,A,O,Y,1091,REMARKS_19,69,47,A,A,8184,SAV1,CHECK_NO_19
020,100000000020,AMOUNT_BLOCK,6314.800,2026-01-20,2026-01-20,MAKER_ID_20,2026-01-20,CHECKER_ID_2,2026-01-20,A,O,Y,5338,REMARKS_20,34,65,A,A,6639,CURR,CHECK_NO_20
021,100000000021,AMOUNT_BLOCK,14182.400,2026-01-21,2026-01-21,MAKER_ID_21,2026-01-21,CHECKER_ID_2,2026-01-21,A,O,Y,8277,REMARKS_21,16,68,A,A,1423,LOAN,CHECK_NO_21
022,100000000022,AMOUNT_BLOCK,175.200,2026-01-22,2026-01-22,MAKER_ID_22,2026-01-22,CHECKER_ID_2,2026-01-22,A,O,Y,8534,REMARKS_22,21,8,A,A,2617,TD01,CHECK_NO_22
023,100000000023,AMOUNT_BLOCK,17919.300,2026-01-23,2026-01-23,MAKER_ID_23,2026-01-23,CHECKER_ID_2,2026-01-23,A,O,Y,9029,REMARKS_23,75,5,A,A,2897,CARD,CHECK_NO_23
024,100000000024,AMOUNT_BLOCK,16075.600,2026-01-24,2026-01-24,MAKER_ID_24,2026-01-24,CHECKER_ID_2,2026-01-24,U,O,Y,345,REMARKS_24,82,48,A,A,1970,CLRG,CHECK_NO_24
025,100000000025,AMOUNT_BLOCK,5741.800,2026-01-25,2026-01-25,MAKER_ID_25,2026-01-25,CHECKER_ID_2,2026-01-25,A,O,Y,7849,REMARKS_25,18,84,A,A,9856,SAV1,CHECK_NO_25
001,100000000026,AMOUNT_BLOCK,23033.500,2026-01-26,2026-01-26,MAKER_ID_26,2026-01-26,CHECKER_ID_2,2026-01-26,A,O,Y,1588,REMARKS_26,90,49,A,A,9500,CURR,CHECK_NO_26
002,100000000027,AMOUNT_BLOCK,20900.000,2026-01-27,2026-01-27,MAKER_ID_27,2026-01-27,CHECKER_ID_2,2026-01-27,A,O,Y,4590,REMARKS_27,77,24,A,A,4010,LOAN,CHECK_NO_27
003,100000000028,AMOUNT_BLOCK,13853.500,2026-01-28,2026-01-28,MAKER_ID_28,2026-01-28,CHECKER_ID_2,2026-01-28,A,O,Y,2095,REMARKS_28,5,64,A,A,4006,TD01,CHECK_NO_28
004,100000000029,AMOUNT_BLOCK,13421.000,2026-01-29,2026-01-29,MAKER_ID_29,2026-01-29,CHECKER_ID_2,2026-01-29,A,O,Y,4409,REMARKS_29,47,59,A,A,4453,CARD,CHECK_NO_29
005,100000000030,AMOUNT_BLOCK,8783.000,2026-01-30,2026-01-30,MAKER_ID_30,2026-01-30,CHECKER_ID_3,2026-01-30,A,O,Y,6611,REMARKS_30,77,27,A,A,8664,CLRG,CHECK_NO_30
006,100000000031,AMOUNT_BLOCK,1099.000,2026-01-31,2026-01-31,MAKER_ID_31,2026-01-31,CHECKER_ID_3,2026-01-31,A,O,Y,8550,REMARKS_31,60,83,A,A,882,SAV1,CHECK_NO_31
007,100000000032,AMOUNT_BLOCK,18999.300,2026-02-01,2026-02-01,MAKER_ID_32,2026-02-01,CHECKER_ID_3,2026-02-01,A,O,Y,700,REMARKS_32,63,35,A,A,2367,CURR,CHECK_NO_32
008,100000000033,AMOUNT_BLOCK,5718.300,2026-02-02,2026-02-02,MAKER_ID_33,2026-02-02,CHECKER_ID_3,2026-02-02,A,O,Y,7535,REMARKS_33,93,34,A,A,430,LOAN,CHECK_NO_33
009,100000000034,AMOUNT_BLOCK,12732.900,2026-02-03,2026-02-03,MAKER_ID_34,2026-02-03,CHECKER_ID_3,2026-02-03,A,O,Y,9363,REMARKS_34,24,71,A,A,486,TD01,CHECK_NO_34
010,100000000035,AMOUNT_BLOCK,15704.100,2026-02-04,2026-02-04,MAKER_ID_35,2026-02-04,CHECKER_ID_3,2026-02-04,A,O,Y,2698,REMARKS_35,66,52,A,A,9812,CARD,CHECK_NO_35
011,100000000036,AMOUNT_BLOCK,11150.800,2026-02-05,2026-02-05,MAKER_ID_36,2026-02-05,CHECKER_ID_3,2026-02-05,A,O,Y,5664,REMARKS_36,72,50,A,A,8826,CLRG,CHECK_NO_36
012,100000000037,AMOUNT_BLOCK,2325.100,2026-02-06,2026-02-06,MAKER_ID_37,2026-02-06,CHECKER_ID_3,2026-02-06,A,O,Y,2980,REMARKS_37,7,23,A,A,1621,SAV1,CHECK_NO_37
013,100000000038,AMOUNT_BLOCK,138182.400,2026-02-07,2026-02-07,MAKER_ID_38,2026-02-07,CHECKER_ID_3,2026-02-07,A,O,Y,1311,REMARKS_38,43,24,A,A,5242,CURR,CHECK_NO_38
014,100000000039,AMOUNT_BLOCK,23025.500,2026-02-08,2026-02-08,MAKER_ID_39,2026-02-08,CHECKER_ID_3,2026-02-08,A,O,Y,9389,REMARKS_39,50,25,A,A,3383,LOAN,CHECK_NO_39
015,100000000040,AMOUNT_BLOCK,1867.000,2026-02-09,2026-02-09,MAKER_ID_40,2026-02-09,CHECKER_ID_4,2026-02-09,A,O,Y,9185,REMARKS_40,81,31,A,A,7145,TD01,CHECK_NO_40
016,100000000041,AMOUNT_BLOCK,23148.600,2026-02-10,2026-02-10,MAKER_ID_41,2026-02-10,CHECKER_ID_4,2026-02-10,A,O,Y,8736,REMARKS_41,28,44,A,A,8399,CARD,CHECK_NO_41
017,100000000042,AMOUNT_BLOCK,2324.100,2026-02-11,2026-02-11,MAKER_ID_42,2026-02-11,CHECKER_ID_4,2026-02-11,A,O,Y,3135,REMARKS_42,83,50,A,A,4598,CLRG,CHECK_NO_42
018,100000000043,AMOUNT_BLOCK,2502.700,2026-02-12,2026-02-12,MAKER_ID_43,2026-02-12,CHECKER_ID_4,2026-02-12,A,O,Y,2721,REMARKS_43,34,37,A,A,1135,SAV1,CHECK_NO_43
019,100000000044,AMOUNT_BLOCK,1789.600,2026-02-13,2026-02-13,MAKER_ID_44,2026-02-13,CHECKER_ID_4,2026-02-13,A,O,Y,5749,REMARKS_44,75,55,A,A,1209,CURR,CHECK_NO_44
020,100000000045,AMOUNT_BLOCK,23380.800,2026-02-14,2026-02-14,MAKER_ID_45,2026-02-14,CHECKER_ID_4,2026-02-14,A,O,Y,8555,REMARKS_45,6,43,A,A,4746,LOAN,CHECK_NO_45
021,100000000046,AMOUNT_BLOCK,8423.000,2026-02-15,2026-02-15,MAKER_ID_46,2026-02-15,CHECKER_ID_4,2026-02-15,A,O,Y,6503,REMARKS_46,31,71,A,A,856,TD01,CHECK_NO_46
022,100000000047,AMOUNT_BLOCK,24853.300,2026-02-16,2026-02-16,MAKER_ID_47,2026-02-16,CHECKER_ID_4,2026-02-16,U,O,Y,9265,REMARKS_47,26,74,A,A,5598,CARD,CHECK_NO_47
023,100000000048,AMOUNT_BLOCK,8431.800,2026-02-17,2026-02-17,MAKER_ID_48,2026-02-17,CHECKER_ID_4,2026-02-17,A,O,Y,3236,REMARKS_48,8,0,A,A,8708,CLRG,CHECK_NO_48
024,100000000049,AMOUNT_BLOCK,10729.800,2026-02-18,2026-02-18,MAKER_ID_49,2026-02-18,CHECKER_ID_4,2026-02-18,A,O,Y,3736,REMARKS_49,66,45,A,A,2338,SAV1,CHECK_NO_49
025,100000000050,AMOUNT_BLOCK,19472.900,2026-02-19,2026-02-19,MAKER_ID_50,2026-02-19,CHECKER_ID_5,2026-02-19,A,O,Y,4465,REMARKS_50,46,69,A,A,8061,CURR,CHECK_NO_50
001,100000000051,AMOUNT_BLOCK,17177.400,2026-02-20,2026-02-20,MAKER_ID_51,2026-02-20,CHECKER_ID_5,2026-02-20,A,O,Y,1671,REMARKS_51,37,49,A,A,4472,LOAN,CHECK_NO_51
002,100000000052,AMOUNT_BLOCK,3015.400,2026-02-21,2026-02-21,MAKER_ID_52,2026-02-21,CHECKER_ID_5,2026-02-21,A,O,Y,5153,REMARKS_52,66,28,A,A,7547,TD01,CHECK_NO_52
003,100000000053,AMOUNT_BLOCK,125.300,2026-02-22,2026-02-22,MAKER_ID_53,2026-02-22,CHECKER_ID_5,2026-02-22,A,O,Y,6361,REMARKS_53,32,10,A,A,8400,CARD,CHECK_NO_53
004,100000000054,AMOUNT_BLOCK,10213.000,2026-02-23,2026-02-23,MAKER_ID_54,2026-02-23,CHECKER_ID_5,2026-02-23,A,O,Y,339,REMARKS_54,97,86,A,A,7895,CLRG,CHECK_NO_54
005,100000000055,AMOUNT_BLOCK,15484.500,2026-02-24,2026-02-24,MAKER_ID_55,2026-02-24,CHECKER_ID_5,2026-02-24,A,O,Y,8072,REMARKS_55,3,26,A,A,6779,SAV1,CHECK_NO_55
006,100000000056,AMOUNT_BLOCK,23377.900,2026-02-25,2026-02-25,MAKER_ID_56,2026-02-25,CHECKER_ID_5,2026-02-25,A,O,Y,4136,REMARKS_56,54,10,A,A,757,CURR,CHECK_NO_56
007,100000000057,AMOUNT_BLOCK,13643.500,2026-02-26,2026-02-26,MAKER_ID_57,2026-02-26,CHECKER_ID_5,2026-02-26,A,O,Y,8090,REMARKS_57,24,58,A,A,7475,LOAN,CHECK_NO_57
008,100000000058,AMOUNT_BLOCK,8292.400,2026-02-27,2026-02-27,MAKER_ID_58,2026-02-27,CHECKER_ID_5,2026-02-27,A,O,Y,679,REMARKS_58,73,33,A,A,3814,TD01,CHECK_NO_58
009,100000000059,AMOUNT_BLOCK,5203.200,2026-02-28,2026-02-28,MAKER_ID_59,2026-02-28,CHECKER_ID_5,2026-02-28,A,O,Y,2927,REMARKS_59,5,55,A,A,1770,CARD,CHECK_NO_59
010,100000000060,AMOUNT_BLOCK,15629.000,2026-03-01,2026-03-01,MAKER_ID_60,2026-03-01,CHECKER_ID_6,2026-03-01,A,O,Y,6656,REMARKS_60,88,91,A,A,6342,CLRG,CHECK_NO_60
011,100000000061,AMOUNT_BLOCK,16961.600,2026-03-02,2026-03-02,MAKER_ID_61,2026-03-02,CHECKER_ID_6,2026-03-02,A,O,Y,7533,REMARKS_61,31,78,A,A,5308,SAV1,CHECK_NO_61
012,100000000062,AMOUNT_BLOCK,20796.400,2026-03-03,2026-03-03,MAKER_ID_62,2026-03-03,CHECKER_ID_6,2026-03-03,A,O,Y,7135,REMARKS_62,95,13,A,A,8282,CURR,CHECK_NO_62
013,100000000063,AMOUNT_BLOCK,24489.900,2026-03-04,2026-03-04,MAKER_ID_63,2026-03-04,CHECKER_ID_6,2026-03-04,A,O,Y,9852,REMARKS_63,44,28,A,A,7422,LOAN,CHECK_NO_63
014,100000000064,AMOUNT_BLOCK,15176.200,2026-03-05,2026-03-05,MAKER_ID_64,2026-03-05,CHECKER_ID_6,2026-03-05,A,O,Y,3694,REMARKS_64,52,39,A,A,9582,TD01,CHECK_NO_64
015,100000000065,AMOUNT_BLOCK,23686.200,2026-03-06,2026-03-06,MAKER_ID_65,2026-03-06,CHECKER_ID_6,2026-03-06,A,O,Y,6613,REMARKS_65,86,40,A,A,7572,CARD,CHECK_NO_65
016,100000000066,AMOUNT_BLOCK,19086.800,2026-03-07,2026-03-07,MAKER_ID_66,2026-03-07,CHECKER_ID_6,2026-03-07,A,O,Y,9448,REMARKS_66,21,49,A,A,6121,CLRG,CHECK_NO_66
017,100000000067,AMOUNT_BLOCK,22085.900,2026-03-08,2026-03-08,MAKER_ID_67,2026-03-08,CHECKER_ID_6,2026-03-08,A,O,Y,5365,REMARKS_67,9,89,A,A,749,SAV1,CHECK_NO_67
018,100000000068,AMOUNT_BLOCK,3268.000,2026-03-09,2026-03-09,MAKER_ID_68,2026-03-09,CHECKER_ID_6,2026-03-09,A,O,Y,2633,REMARKS_68,13,48,A,A,6388,CURR,CHECK_NO_68
019,100000000069,AMOUNT_BLOCK,4350.700,2026-03-10,2026-03-10,MAKER_ID_69,2026-03-10,CHECKER_ID_6,2026-03-10,A,O,Y,9398,REMARKS_69,17,51,A,A,4414,LOAN,CHECK_NO_69
020,100000000070,AMOUNT_BLOCK,24019.900,2026-03-11,2026-03-11,MAKER_ID_70,2026-03-11,CHECKER_ID_7,2026-03-11,U,O,Y,5312,REMARKS_70,30,36,A,A,8352,TD01,CHECK_NO_70
021,100000000071,AMOUNT_BLOCK,15668.800,2026-03-12,2026-03-12,MAKER_ID_71,2026-03-12,CHECKER_ID_7,2026-03-12,A,O,Y,5554,REMARKS_71,41,36,A,A,8753,CARD,CHECK_NO_71
022,100000000072,AMOUNT_BLOCK,21475.500,2026-03-13,2026-03-13,MAKER_ID_72,2026-03-13,CHECKER_ID_7,2026-03-13,A,O,Y,9790,REMARKS_72,28,22,A,A,1853,CLRG,CHECK_NO_72
023,100000000073,AMOUNT_BLOCK,23494.600,2026-03-14,2026-03-14,MAKER_ID_73,2026-03-14,CHECKER_ID_7,2026-03-14,A,O,Y,1622,REMARKS_73,48,61,A,A,612,SAV1,CHECK_NO_73
024,100000000074,AMOUNT_BLOCK,497.700,2026-03-15,2026-03-15,MAKER_ID_74,2026-03-15,CHECKER_ID_7,2026-03-15,A,O,Y,203,REMARKS_74,77,73,A,A,9272,CURR,CHECK_NO_74
025,100000000075,AMOUNT_BLOCK,189254.400,2026-03-16,2026-03-16,MAKER_ID_75,2026-03-16,CHECKER_ID_7,2026-03-16,A,O,Y,2785,REMARKS_75,12,13,A,A,2667,LOAN,CHECK_NO_75
001,100000000076,AMOUNT_BLOCK,21936.200,2026-03-17,2026-03-17,MAKER_ID_76,2026-03-17,CHECKER_ID_7,2026-03-17,A,O,Y,7048,REMARKS_76,18,75,A,A,3453,TD01,CHECK_NO_76
002,100000000077,AMOUNT_BLOCK,22089.700,2026-03-18,2026-03-18,MAKER_ID_77,2026-03-18,CHECKER_ID_7,2026-03-18,A,O,Y,4441,REMARKS_77,32,75,A,A,3321,CARD,CHECK_NO_77
003,100000000078,AMOUNT_BLOCK,14862.300,2026-03-19,2026-03-19,MAKER_ID_78,2026-03-19,CHECKER_ID_7,2026-03-19,A,O,Y,3577,REMARKS_78,0,3,A,A,7924,CLRG,CHECK_NO_78
004,100000000079,AMOUNT_BLOCK,23164.400,2026-03-20,2026-03-20,MAKER_ID_79,2026-03-20,CHECKER_ID_7,2026-03-20,A,O,Y,4215,REMARKS_79,38,45,A,A,4907,SAV1,CHECK_NO_79
005,100000000080,AMOUNT_BLOCK,14161.800,2026-03-21,2026-03-21,MAKER_ID_80,2026-03-21,CHECKER_ID_8,2026-03-21,A,O,Y,7864,REMARKS_80,73,89,A,A,7650,CURR,CHECK_NO_80
006,100000000081,AMOUNT_BLOCK,13657.300,2026-03-22,2026-03-22,MAKER_ID_81,2026-03-22,CHECKER_ID_8,2026-03-22,A,O,Y,1929,REMARKS_81,10,37,A,A,5038,LOAN,CHECK_NO_81
007,100000000082,AMOUNT_BLOCK,5556.900,2026-03-23,2026-03-23,MAKER_ID_82,2026-03-23,CHECKER_ID_8,2026-03-23,A,O,Y,1859,REMARKS_82,62,11,A,A,2281,TD01,CHECK_NO_82
008,100000000083,AMOUNT_BLOCK,18808.200,2026-03-24,2026-03-24,MAKER_ID_83,2026-03-24,CHECKER_ID_8,2026-03-24,A,O,Y,8010,REMARKS_83,2,20,A,A,7329,CARD,CHECK_NO_83
009,100000000084,AMOUNT_BLOCK,11744.600,2026-03-25,2026-03-25,MAKER_ID_84,2026-03-25,CHECKER_ID_8,2026-03-25,A,O,Y,7038,REMARKS_84,43,33,A,A,6720,CLRG,CHECK_NO_84
010,100000000085,AMOUNT_BLOCK,345.200,2026-03-26,2026-03-26,MAKER_ID_85,2026-03-26,CHECKER_ID_8,2026-03-26,A,O,Y,6733,REMARKS_85,56,50,A,A,2592,SAV1,CHECK_NO_85
011,100000000086,AMOUNT_BLOCK,15455.600,2026-03-27,2026-03-27,MAKER_ID_86,2026-03-27,CHECKER_ID_8,2026-03-27,A,O,Y,4907,REMARKS_86,12,6,A,A,3579,CURR,CHECK_NO_86
012,100000000087,AMOUNT_BLOCK,21440.300,2026-03-28,2026-03-28,MAKER_ID_87,2026-03-28,CHECKER_ID_8,2026-03-28,A,O,Y,6208,REMARKS_87,18,87,A,A,6473,LOAN,CHECK_NO_87
013,100000000088,AMOUNT_BLOCK,622.100,2026-03-29,2026-03-29,MAKER_ID_88,2026-03-29,CHECKER_ID_8,2026-03-29,A,O,Y,4672,REMARKS_88,36,77,A,A,1796,TD01,CHECK_NO_88
014,100000000089,AMOUNT_BLOCK,3659.900,2026-03-30,2026-03-30,MAKER_ID_89,2026-03-30,CHECKER_ID_8,2026-03-30,A,O,Y,4734,REMARKS_89,64,62,A,A,658,CARD,CHECK_NO_89
015,100000000090,AMOUNT_BLOCK,7179.900,2026-03-31,2026-03-31,MAKER_ID_90,2026-03-31,CHECKER_ID_9,2026-03-31,A,O,Y,1565,REMARKS_90,9,45,A,A,5469,CLRG,CHECK_NO_90
016,100000000091,AMOUNT_BLOCK,16735.000,2026-04-01,2026-04-01,MAKER_ID_91,2026-04-01,CHECKER_ID_9,2026-04-01,A,O,Y,3645,REMARKS_91,93,59,A,A,3166,SAV1,CHECK_NO_91
017,100000000092,AMOUNT_BLOCK,8706.700,2026-04-02,2026-04-02,MAKER_ID_92,2026-04-02,CHECKER_ID_9,2026-04-02,A,O,Y,7702,REMARKS_92,98,77,A,A,2359,CURR,CHECK_NO_92
018,100000000093,AMOUNT_BLOCK,10661.300,2026-04-03,2026-04-03,MAKER_ID_93,2026-04-03,CHECKER_ID_9,2026-04-03,U,O,Y,5521,REMARKS_93,83,54,A,A,9626,LOAN,CHECK_NO_93
019,100000000094,AMOUNT_BLOCK,11678.300,2026-04-04,2026-04-04,MAKER_ID_94,2026-04-04,CHECKER_ID_9,2026-04-04,A,O,Y,7085,REMARKS_94,52,55,A,A,8080,TD01,CHECK_NO_94
020,100000000095,AMOUNT_BLOCK,2898.000,2026-04-05,2026-04-05,MAKER_ID_95,2026-04-05,CHECKER_ID_9,2026-04-05,A,O,Y,4489,REMARKS_95,78,96,A,A,3678,CARD,CHECK_NO_95
021,100000000096,AMOUNT_BLOCK,6340.800,2026-04-06,2026-04-06,MAKER_ID_96,2026-04-06,CHECKER_ID_9,2026-04-06,A,O,Y,6240,REMARKS_96,1,24,A,A,8689,CLRG,CHECK_NO_96
022,100000000097,AMOUNT_BLOCK,6533.200,2026-04-07,2026-04-07,MAKER_ID_97,2026-04-07,CHECKER_ID_9,2026-04-07,A,O,Y,4775,REMARKS_97,30,48,A,A,7534,SAV1,CHECK_NO_97
023,100000000098,AMOUNT_BLOCK,14632.400,2026-04-08,2026-04-08,MAKER_ID_98,2026-04-08,CHECKER_ID_9,2026-04-08,A,O,Y,3677,REMARKS_98,56,46,A,A,2761,CURR,CHECK_NO_98
024,100000000099,AMOUNT_BLOCK,17454.500,2026-04-09,2026-04-09,MAKER_ID_99,2026-04-09,CHECKER_ID_9,2026-04-09,A,O,Y,4726,REMARKS_99,53,65,A,A,2559,LOAN,CHECK_NO_99
025,100000000100,AMOUNT_BLOCK,15388.200,2026-04-10,2026-04-10,MAKER_ID_100,2026-04-10,CHECKER_ID_1,2026-04-10,A,O,Y,8964,REMARKS_100,2,78,A,A,4543,TD01,CHECK_NO_100
001,100000000101,AMOUNT_BLOCK,868.300,2026-04-11,2026-04-11,MAKER_ID_101,2026-04-11,CHECKER_ID_1,2026-04-11,A,O,Y,783,REMARKS_101,70,23,A,A,1645,CARD,CHECK_NO_101
002,100000000102,AMOUNT_BLOCK,4453.200,2026-04-12,2026-04-12,MAKER_ID_102,2026-04-12,CHECKER_ID_1,2026-04-12,A,O,Y,6028,REMARKS_102,29,88,A,A,3354,CLRG,CHECK_NO_102
003,100000000103,AMOUNT_BLOCK,1225.200,2026-04-13,2026-04-13,MAKER_ID_103,2026-04-13,CHECKER_ID_1,2026-04-13,A,O,Y,9049,REMARKS_103,53,37,A,A,2866,SAV1,CHECK_NO_103
004,100000000104,AMOUNT_BLOCK,24013.200,2026-04-14,2026-04-14,MAKER_ID_104,2026-04-14,CHECKER_ID_1,2026-04-14,A,O,Y,7044,REMARKS_104,25,61,A,A,8834,CURR,CHECK_NO_104
005,100000000105,AMOUNT_BLOCK,19851.000,2026-04-15,2026-04-15,MAKER_ID_105,2026-04-15,CHECKER_ID_1,2026-04-15,A,O,Y,8084,REMARKS_105,91,6,A,A,19,LOAN,CHECK_NO_105
006,100000000106,AMOUNT_BLOCK,22542.600,2026-04-16,2026-04-16,MAKER_ID_106,2026-04-16,CHECKER_ID_1,2026-04-16,A,O,Y,709,REMARKS_106,34,4,A,A,103,TD01,CHECK_NO_106
007,100000000107,AMOUNT_BLOCK,18378.000,2026-04-17,2026-04-17,MAKER_ID_107,2026-04-17,CHECKER_ID_1,2026-04-17,A,O,Y,5824,REMARKS_107,39,82,A,A,5073,CARD,CHECK_NO_107
008,100000000108,AMOUNT_BLOCK,11252.500,2026-04-18,2026-04-18,MAKER_ID_108,2026-04-18,CHECKER_ID_1,2026-04-18,A,O,Y,5378,REMARKS_108,51,84,A,A,7319,CLRG,CHECK_NO_108
009,100000000109,AMOUNT_BLOCK,7892.600,2026-04-19,2026-04-19,MAKER_ID_109,2026-04-19,CHECKER_ID_1,2026-04-19,A,O,Y,394,REMARKS_109,78,31,A,A,1988,SAV1,CHECK_NO_109
010,100000000110,AMOUNT_BLOCK,10165.900,2026-04-20,2026-04-20,MAKER_ID_110,2026-04-20,CHECKER_ID_1,2026-04-20,A,O,Y,7196,REMARKS_110,5,47,A,A,3279,CURR,CHECK_NO_110
011,100000000111,AMOUNT_BLOCK,17307.900,2026-04-21,2026-04-21,MAKER_ID_111,2026-04-21,CHECKER_ID_1,2026-04-21,A,O,Y,6040,REMARKS_111,58,12,A,A,6748,LOAN,CHECK_NO_111
012,100000000112,AMOUNT_BLOCK,149136.000,2026-04-22,2026-04-22,MAKER_ID_112,2026-04-22,CHECKER_ID_1,2026-04-22,A,O,Y,1277,REMARKS_112,49,28,A,A,8904,TD01,CHECK_NO_112
013,100000000113,AMOUNT_BLOCK,23617.400,2026-04-23,2026-04-23,MAKER_ID_113,2026-04-23,CHECKER_ID_1,2026-04-23,A,O,Y,7953,REMARKS_113,94,82,A,A,1346,CARD,CHECK_NO_113
014,100000000114,AMOUNT_BLOCK,19136.900,2026-04-24,2026-04-24,MAKER_ID_114,2026-04-24,CHECKER_ID_1,2026-04-24,A,O,Y,2477,REMARKS_114,2,73,A,A,2468,CLRG,CHECK_NO_114
015,100000000115,AMOUNT_BLOCK,16263.700,2026-04-25,2026-04-25,MAKER_ID_115,2026-04-25,CHECKER_ID_1,2026-04-25,A,O,Y,8786,REMARKS_115,35,57,A,A,2862,SAV1,CHECK_NO_115
016,100000000116,AMOUNT_BLOCK,6574.100,2026-04-26,2026-04-26,MAKER_ID_116,2026-04-26,CHECKER_ID_1,2026-04-26,U,O,Y,8871,REMARKS_116,95,37,A,A,8408,CURR,CHECK_NO_116
017,100000000117,AMOUNT_BLOCK,11878.000,2026-04-27,2026-04-27,MAKER_ID_117,2026-04-27,CHECKER_ID_1,2026-04-27,A,O,Y,3599,REMARKS_117,78,13,A,A,8252,LOAN,CHECK_NO_117
018,100000000118,AMOUNT_BLOCK,2041.900,2026-04-28,2026-04-28,MAKER_ID_118,2026-04-28,CHECKER_ID_1,2026-04-28,A,O,Y,3420,REMARKS_118,49,25,A,A,6260,TD01,CHECK_NO_118
019,100000000119,AMOUNT_BLOCK,2182.100,2026-04-29,2026-04-29,MAKER_ID_119,2026-04-29,CHECKER_ID_1,2026-04-29,A,O,Y,6560,REMARKS_119,4,34,A,A,8332,CARD,CHECK_NO_119
020,100000000120,AMOUNT_BLOCK,1435.800,2026-04-30,2026-04-30,MAKER_ID_120,2026-04-30,CHECKER_ID_1,2026-04-30,A,O,Y,346,REMARKS_120,88,44,A,A,8966,CLRG,CHECK_NO_120
021,100000000121,AMOUNT_BLOCK,6523.900,2026-05-01,2026-05-01,MAKER_ID_121,2026-05-01,CHECKER_ID_1,2026-05-01,A,O,Y,2326,REMARKS_121,82,53,A,A,1451,SAV1,CHECK_NO_121
022,100000000122,AMOUNT_BLOCK,18848.300,2026-05-02,2026-05-02,MAKER_ID_122,2026-05-02,CHECKER_ID_1,2026-05-02,A,O,Y,3723,REMARKS_122,85,17,A,A,9350,CURR,CHECK_NO_122
023,100000000123,AMOUNT_BLOCK,4197.700,2026-05-03,2026-05-03,MAKER_ID_123,2026-05-03,CHECKER_ID_1,2026-05-03,A,O,Y,4916,REMARKS_123,15,55,A,A,5928,LOAN,CHECK_NO_123
024,100000000124,AMOUNT_BLOCK,3680.500,2026-05-04,2026-05-04,MAKER_ID_124,2026-05-04,CHECKER_ID_1,2026-05-04,A,O,Y,2525,REMARKS_124,9,31,A,A,1965,TD01,CHECK_NO_124
025,100000000125,AMOUNT_BLOCK,15718.200,2026-05-05,2026-05-05,MAKER_ID_125,2026-05-05,CHECKER_ID_1,2026-05-05,A,O,Y,9685,REMARKS_125,36,1,A,A,1117,CARD,CHECK_NO_125
001,100000000126,AMOUNT_BLOCK,1089.300,2026-05-06,2026-05-06,MAKER_ID_126,2026-05-06,CHECKER_ID_1,2026-05-06,A,O,Y,2107,REMARKS_126,59,99,A,A,6709,CLRG,CHECK_NO_126
002,100000000127,AMOUNT_BLOCK,13576.100,2026-05-07,2026-05-07,MAKER_ID_127,2026-05-07,CHECKER_ID_1,2026-05-07,A,O,Y,5764,REMARKS_127,9,60,A,A,8072,SAV1,CHECK_NO_127
003,100000000128,AMOUNT_BLOCK,7110.000,2026-05-08,2026-05-08,MAKER_ID_128,2026-05-08,CHECKER_ID_1,2026-05-08,A,O,Y,7439,REMARKS_128,61,66,A,A,2627,CURR,CHECK_NO_128
004,100000000129,AMOUNT_BLOCK,10421.300,2026-05-09,2026-05-09,MAKER_ID_129,2026-05-09,CHECKER_ID_1,2026-05-09,A,O,Y,1124,REMARKS_129,10,94,A,A,250,LOAN,CHECK_NO_129
005,100000000130,AMOUNT_BLOCK,13858.600,2026-05-10,2026-05-10,MAKER_ID_130,2026-05-10,CHECKER_ID_1,2026-05-10,A,O,Y,524,REMARKS_130,77,21,A,A,9049,TD01,CHECK_NO_130
006,100000000131,AMOUNT_BLOCK,18237.300,2026-05-11,2026-05-11,MAKER_ID_131,2026-05-11,CHECKER_ID_1,2026-05-11,A,O,Y,2957,REMARKS_131,48,75,A,A,3978,CARD,CHECK_NO_131
007,100000000132,AMOUNT_BLOCK,5270.700,2026-05-12,2026-05-12,MAKER_ID_132,2026-05-12,CHECKER_ID_1,2026-05-12,A,O,Y,79,REMARKS_132,35,66,A,A,2131,CLRG,CHECK_NO_132
008,100000000133,AMOUNT_BLOCK,13207.800,2026-05-13,2026-05-13,MAKER_ID_133,2026-05-13,CHECKER_ID_1,2026-05-13,A,O,Y,8312,REMARKS_133,96,38,A,A,4773,SAV1,CHECK_NO_133
009,100000000134,AMOUNT_BLOCK,11392.700,2026-05-14,2026-05-14,MAKER_ID_134,2026-05-14,CHECKER_ID_1,2026-05-14,A,O,Y,9115,REMARKS_134,53,95,A,A,6790,CURR,CHECK_NO_134
010,100000000135,AMOUNT_BLOCK,16833.500,2026-05-15,2026-05-15,MAKER_ID_135,2026-05-15,CHECKER_ID_1,2026-05-15,A,O,Y,2918,REMARKS_135,43,71,A,A,865,LOAN,CHECK_NO_135
011,100000000136,AMOUNT_BLOCK,18773.800,2026-05-16,2026-05-16,MAKER_ID_136,2026-05-16,CHECKER_ID_1,2026-05-16,A,O,Y,8147,REMARKS_136,89,8,A,A,8437,TD01,CHECK_NO_136
012,100000000137,AMOUNT_BLOCK,5773.200,2026-05-17,2026-05-17,MAKER_ID_137,2026-05-17,CHECKER_ID_1,2026-05-17,A,O,Y,31,REMARKS_137,0,53,A,A,1154,CARD,CHECK_NO_137
013,100000000138,AMOUNT_BLOCK,17360.200,2026-05-18,2026-05-18,MAKER_ID_138,2026-05-18,CHECKER_ID_1,2026-05-18,A,O,Y,7683,REMARKS_138,80,95,A,A,9355,CLRG,CHECK_NO_138
014,100000000139,AMOUNT_BLOCK,3910.100,2026-05-19,2026-05-19,MAKER_ID_139,2026-05-19,CHECKER_ID_1,2026-05-19,U,O,Y,297,REMARKS_139,1,46,A,A,4742,SAV1,CHECK_NO_139
015,100000000140,AMOUNT_BLOCK,5809.000,2026-05-20,2026-05-20,MAKER_ID_140,2026-05-20,CHECKER_ID_1,2026-05-20,A,O,Y,6318,REMARKS_140,8,87,A,A,5527,CURR,CHECK_NO_140
016,100000000141,AMOUNT_BLOCK,13120.600,2026-05-21,2026-05-21,MAKER_ID_141,2026-05-21,CHECKER_ID_1,2026-05-21,A,O,Y,3885,REMARKS_141,34,77,A,A,2429,LOAN,CHECK_NO_141
017,100000000142,AMOUNT_BLOCK,5130.400,2026-05-22,2026-05-22,MAKER_ID_142,2026-05-22,CHECKER_ID_1,2026-05-22,A,O,Y,6540,REMARKS_142,58,36,A,A,1964,TD01,CHECK_NO_142
018,100000000143,AMOUNT_BLOCK,19974.400,2026-05-23,2026-05-23,MAKER_ID_143,2026-05-23,CHECKER_ID_1,2026-05-23,A,O,Y,5752,REMARKS_143,50,26,A,A,8461,CARD,CHECK_NO_143
019,100000000144,AMOUNT_BLOCK,2090.400,2026-05-24,2026-05-24,MAKER_ID_144,2026-05-24,CHECKER_ID_1,2026-05-24,A,O,Y,7984,REMARKS_144,26,55,A,A,5036,CLRG,CHECK_NO_144
020,100000000145,AMOUNT_BLOCK,21781.200,2026-05-25,2026-05-25,MAKER_ID_145,2026-05-25,CHECKER_ID_1,2026-05-25,A,O,Y,5382,REMARKS_145,28,41,A,A,5649,SAV1,CHECK_NO_145
021,100000000146,AMOUNT_BLOCK,3995.300,2026-05-26,2026-05-26,MAKER_ID_146,2026-05-26,CHECKER_ID_1,2026-05-26,A,O,Y,4929,REMARKS_146,4,85,A,A,2630,CURR,CHECK_NO_146
022,100000000147,AMOUNT_BLOCK,18393.600,2026-05-27,2026-05-27,MAKER_ID_147,2026-05-27,CHECKER_ID_1,2026-05-27,A,O,Y,8207,REMARKS_147,89,7,A,A,935,LOAN,CHECK_NO_147
023,100000000148,AMOUNT_BLOCK,10658.800,2026-05-28,2026-05-28,MAKER_ID_148,2026-05-28,CHECKER_ID_1,2026-05-28,A,O,Y,8585,REMARKS_148,75,36,A,A,7911,TD01,CHECK_NO_148
024,100000000149,AMOUNT_BLOCK,178792.800,2026-05-29,2026-05-29,MAKER_ID_149,2026-05-29,CHECKER_ID_1,2026-05-29,A,O,Y,8827,REMARKS_149,84,49,A,A,2060,CARD,CHECK_NO_149
025,100000000150,AMOUNT_BLOCK,19823.700,2026-05-30,2026-05-30,MAKER_ID_150,2026-05-30,CHECKER_ID_1,2026-05-30,A,O,Y,5086,REMARKS_150,35,82,A,A,9432,CLRG,CHECK_NO_150
001,100000000151,AMOUNT_BLOCK,7947.400,2026-05-31,2026-05-31,MAKER_ID_151,2026-05-31,CHECKER_ID_1,2026-05-31,A,O,Y,4320,REMARKS_151,60,66,A,A,315,SAV1,CHECK_NO_151
002,100000000152,AMOUNT_BLOCK,20609.100,2026-06-01,2026-06-01,MAKER_ID_152,2026-06-01,CHECKER_ID_1,2026-06-01,A,O,Y,5328,REMARKS_152,89,94,A,A,1977,CURR,CHECK_NO_152
003,100000000153,AMOUNT_BLOCK,18236.900,2026-06-02,2026-06-02,MAKER_ID_153,2026-06-02,CHECKER_ID_1,2026-06-02,A,O,Y,6292,REMARKS_153,52,54,A,A,6959,LOAN,CHECK_NO_153
004,100000000154,AMOUNT_BLOCK,23450.800,2026-06-03,2026-06-03,MAKER_ID_154,2026-06-03,CHECKER_ID_1,2026-06-03,A,O,Y,233,REMARKS_154,56,18,A,A,3046,TD01,CHECK_NO_154
005,100000000155,AMOUNT_BLOCK,17907.600,2026-06-04,2026-06-04,MAKER_ID_155,2026-06-04,CHECKER_ID_1,2026-06-04,A,O,Y,3385,REMARKS_155,89,90,A,A,5355,CARD,CHECK_NO_155
006,100000000156,AMOUNT_BLOCK,11451.500,2026-06-05,2026-06-05,MAKER_ID_156,2026-06-05,CHECKER_ID_1,2026-06-05,A,O,Y,6561,REMARKS_156,86,3,A,A,3299,CLRG,CHECK_NO_156
007,100000000157,AMOUNT_BLOCK,24234.700,2026-06-06,2026-06-06,MAKER_ID_157,2026-06-06,CHECKER_ID_1,2026-06-06,A,O,Y,6729,REMARKS_157,93,32,A,A,2167,SAV1,CHECK_NO_157
008,100000000158,AMOUNT_BLOCK,23078.900,2026-06-07,2026-06-07,MAKER_ID_158,2026-06-07,CHECKER_ID_1,2026-06-07,A,O,Y,4381,REMARKS_158,44,86,A,A,4176,CURR,CHECK_NO_158
009,100000000159,AMOUNT_BLOCK,12768.600,2026-06-08,2026-06-08,MAKER_ID_159,2026-06-08,CHECKER_ID_1,2026-06-08,A,O,Y,3160,REMARKS_159,55,27,A,A,6841,LOAN,CHECK_NO_159
010,100000000160,AMOUNT_BLOCK,7275.500,2026-06-09,2026-06-09,MAKER_ID_160,2026-06-09,CHECKER_ID_1,2026-06-09,A,O,Y,6892,REMARKS_160,21,67,A,A,3182,TD01,CHECK_NO_160
011,100000000161,AMOUNT_BLOCK,6015.500,2026-06-10,2026-06-10,MAKER_ID_161,2026-06-10,CHECKER_ID_1,2026-06-10,A,O,Y,5332,REMARKS_161,61,78,A,A,5463,CARD,CHECK_NO_161
012,100000000162,AMOUNT_BLOCK,2115.400,2026-06-11,2026-06-11,MAKER_ID_162,2026-06-11,CHECKER_ID_1,2026-06-11,U,O,Y,2239,REMARKS_162,3,13,A,A,1844,CLRG,CHECK_NO_162
013,100000000163,AMOUNT_BLOCK,22227.000,2026-06-12,2026-06-12,MAKER_ID_163,2026-06-12,CHECKER_ID_1,2026-06-12,A,O,Y,1385,REMARKS_163,76,74,A,A,5292,SAV1,CHECK_NO_163
014,100000000164,AMOUNT_BLOCK,15419.900,2026-06-13,2026-06-13,MAKER_ID_164,2026-06-13,CHECKER_ID_1,2026-06-13,A,O,Y,122,REMARKS_164,15,54,A,A,6462,CURR,CHECK_NO_164
015,100000000165,AMOUNT_BLOCK,18379.000,2026-06-14,2026-06-14,MAKER_ID_165,2026-06-14,CHECKER_ID_1,2026-06-14,A,O,Y,7955,REMARKS_165,24,40,A,A,2343,LOAN,CHECK_NO_165
016,100000000166,AMOUNT_BLOCK,20791.700,2026-06-15,2026-06-15,MAKER_ID_166,2026-06-15,CHECKER_ID_1,2026-06-15,A,O,Y,4719,REMARKS_166,28,63,A,A,8684,TD01,CHECK_NO_166
017,100000000167,AMOUNT_BLOCK,6576.000,2026-06-16,2026-06-16,MAKER_ID_167,2026-06-16,CHECKER_ID_1,2026-06-16,A,O,Y,1012,REMARKS_167,48,48,A,A,2533,CARD,CHECK_NO_167
018,100000000168,AMOUNT_BLOCK,2448.900,2026-06-17,2026-06-17,MAKER_ID_168,2026-06-17,CHECKER_ID_1,2026-06-17,A,O,Y,5241,REMARKS_168,84,71,A,A,216,CLRG,CHECK_NO_168
019,100000000169,AMOUNT_BLOCK,23512.400,2026-06-18,2026-06-18,MAKER_ID_169,2026-06-18,CHECKER_ID_1,2026-06-18,A,O,Y,3700,REMARKS_169,88,54,A,A,631,SAV1,CHECK_NO_169
020,100000000170,AMOUNT_BLOCK,18010.000,2026-06-19,2026-06-19,MAKER_ID_170,2026-06-19,CHECKER_ID_1,2026-06-19,A,O,Y,4689,REMARKS_170,69,22,A,A,2508,CURR,CHECK_NO_170
021,100000000171,AMOUNT_BLOCK,7411.700,2026-06-20,2026-06-20,MAKER_ID_171,2026-06-20,CHECKER_ID_1,2026-06-20,A,O,Y,6005,REMARKS_171,52,69,A,A,7613,LOAN,CHECK_NO_171
022,100000000172,AMOUNT_BLOCK,19874.500,2026-06-21,2026-06-21,MAKER_ID_172,2026-06-21,CHECKER_ID_1,2026-06-21,A,O,Y,131,REMARKS_172,31,76,A,A,3161,TD01,CHECK_NO_172
023,100000000173,AMOUNT_BLOCK,19012.700,2026-06-22,2026-06-22,MAKER_ID_173,2026-06-22,CHECKER_ID_1,2026-06-22,A,O,Y,5708,REMARKS_173,23,35,A,A,1152,CARD,CHECK_NO_173
024,100000000174,AMOUNT_BLOCK,20828.200,2026-06-23,2026-06-23,MAKER_ID_174,2026-06-23,CHECKER_ID_1,2026-06-23,A,O,Y,6913,REMARKS_174,58,43,A,A,2213,CLRG,CHECK_NO_174
025,100000000175,AMOUNT_BLOCK,6313.400,2026-06-24,2026-06-24,MAKER_ID_175,2026-06-24,CHECKER_ID_1,2026-06-24,A,O,Y,9930,REMARKS_175,94,57,A,A,7342,SAV1,CHECK_NO_175
001,100000000176,AMOUNT_BLOCK,21999.200,2026-06-25,2026-06-25,MAKER_ID_176,2026-06-25,CHECKER_ID_1,2026-06-25,A,O,Y,677,REMARKS_176,9,29,A,A,3127,CURR,CHECK_NO_176
002,100000000177,AMOUNT_BLOCK,11174.400,2026-06-26,2026-06-26,MAKER_ID_177,2026-06-26,CHECKER_ID_1,2026-06-26,A,O,Y,5919,REMARKS_177,73,66,A,A,2628,LOAN,CHECK_NO_177
003,100000000178,AMOUNT_BLOCK,15008.800,2026-06-27,2026-06-27,MAKER_ID_178,2026-06-27,CHECKER_ID_1,2026-06-27,A,O,Y,7849,REMARKS_178,23,56,A,A,4034,TD01,CHECK_NO_178
004,100000000179,AMOUNT_BLOCK,16311.500,2026-06-28,2026-06-28,MAKER_ID_179,2026-06-28,CHECKER_ID_1,2026-06-28,A,O,Y,4581,REMARKS_179,81,61,A,A,928,CARD,CHECK_NO_179
005,100000000180,AMOUNT_BLOCK,6154.700,2026-06-29,2026-06-29,MAKER_ID_180,2026-06-29,CHECKER_ID_1,2026-06-29,A,O,Y,1214,REMARKS_180,75,55,A,A,7762,CLRG,CHECK_NO_180
006,100000000181,AMOUNT_BLOCK,1657.200,2026-06-30,2026-06-30,MAKER_ID_181,2026-06-30,CHECKER_ID_1,2026-06-30,A,O,Y,5511,REMARKS_181,33,1,A,A,7199,SAV1,CHECK_NO_181
007,100000000182,AMOUNT_BLOCK,7563.400,2026-07-01,2026-07-01,MAKER_ID_182,2026-07-01,CHECKER_ID_1,2026-07-01,A,O,Y,4383,REMARKS_182,7,17,A,A,9034,CURR,CHECK_NO_182
008,100000000183,AMOUNT_BLOCK,2983.300,2026-07-02,2026-07-02,MAKER_ID_183,2026-07-02,CHECKER_ID_1,2026-07-02,A,O,Y,101,REMARKS_183,94,38,A,A,5146,LOAN,CHECK_NO_183
009,100000000184,AMOUNT_BLOCK,3961.900,2026-07-03,2026-07-03,MAKER_ID_184,2026-07-03,CHECKER_ID_1,2026-07-03,A,O,Y,9654,REMARKS_184,97,46,A,A,8289,TD01,CHECK_NO_184
010,100000000185,AMOUNT_BLOCK,6069.000,2026-07-04,2026-07-04,MAKER_ID_185,2026-07-04,CHECKER_ID_1,2026-07-04,U,O,Y,5059,REMARKS_185,36,45,A,A,2865,CARD,CHECK_NO_185
011,100000000186,AMOUNT_BLOCK,119780.800,2026-07-05,2026-07-05,MAKER_ID_186,2026-07-05,CHECKER_ID_1,2026-07-05,A,O,Y,5360,REMARKS_186,64,51,A,A,8208,CLRG,CHECK_NO_186
012,100000000187,AMOUNT_BLOCK,14028.600,2026-07-06,2026-07-06,MAKER_ID_187,2026-07-06,CHECKER_ID_1,2026-07-06,A,O,Y,7387,REMARKS_187,88,7,A,A,2600,SAV1,CHECK_NO_187
013,100000000188,AMOUNT_BLOCK,19856.400,2026-07-07,2026-07-07,MAKER_ID_188,2026-07-07,CHECKER_ID_1,2026-07-07,A,O,Y,7098,REMARKS_188,23,90,A,A,3768,CURR,CHECK_NO_188
014,100000000189,AMOUNT_BLOCK,6199.200,2026-07-08,2026-07-08,MAKER_ID_189,2026-07-08,CHECKER_ID_1,2026-07-08,A,O,Y,8146,REMARKS_189,95,84,A,A,9316,LOAN,CHECK_NO_189
015,100000000190,AMOUNT_BLOCK,2046.700,2026-07-09,2026-07-09,MAKER_ID_190,2026-07-09,CHECKER_ID_1,2026-07-09,A,O,Y,5847,REMARKS_190,78,8,A,A,7456,TD01,CHECK_NO_190
016,100000000191,AMOUNT_BLOCK,10196.900,2026-07-10,2026-07-10,MAKER_ID_191,2026-07-10,CHECKER_ID_1,2026-07-10,A,O,Y,9135,REMARKS_191,85,31,A,A,8930,CARD,CHECK_NO_191
017,100000000192,AMOUNT_BLOCK,13623.400,2026-07-11,2026-07-11,MAKER_ID_192,2026-07-11,CHECKER_ID_1,2026-07-11,A,O,Y,1719,REMARKS_192,51,4,A,A,6607,CLRG,CHECK_NO_192
018,100000000193,AMOUNT_BLOCK,9686.700,2026-07-12,2026-07-12,MAKER_ID_193,2026-07-12,CHECKER_ID_1,2026-07-12,A,O,Y,1329,REMARKS_193,22,59,A,A,7749,SAV1,CHECK_NO_193
019,100000000194,AMOUNT_BLOCK,18550.200,2026-07-13,2026-07-13,MAKER_ID_194,2026-07-13,CHECKER_ID_1,2026-07-13,A,O,Y,4537,REMARKS_194,81,73,A,A,1379,CURR,CHECK_NO_194
020,100000000195,AMOUNT_BLOCK,18474.300,2026-07-14,2026-07-14,MAKER_ID_195,2026-07-14,CHECKER_ID_1,2026-07-14,A,O,Y,5537,REMARKS_195,75,30,A,A,4301,LOAN,CHECK_NO_195
021,100000000196,AMOUNT_BLOCK,12083.900,2026-07-15,2026-07-15,MAKER_ID_196,2026-07-15,CHECKER_ID_1,2026-07-15,A,O,Y,6824,REMARKS_196,30,58,A,A,8739,TD01,CHECK_NO_196
022,100000000197,AMOUNT_BLOCK,2140.500,2026-07-16,2026-07-16,MAKER_ID_197,2026-07-16,CHECKER_ID_1,2026-07-16,A,O,Y,575,REMARKS_197,63,18,A,A,5091,CARD,CHECK_NO_197
023,100000000198,AMOUNT_BLOCK,18995.100,2026-07-17,2026-07-17,MAKER_ID_198,2026-07-17,CHECKER_ID_1,2026-07-17,A,O,Y,2953,REMARKS_198,3,48,A,A,7225,CLRG,CHECK_NO_198
024,100000000199,AMOUNT_BLOCK,8778.600,2026-07-18,2026-07-18,MAKER_ID_199,2026-07-18,CHECKER_ID_1,2026-07-18,A,O,Y,5900,REMARKS_199,35,86,A,A,9388,SAV1,CHECK_NO_199
025,100000000200,AMOUNT_BLOCK,10970.000,2026-07-19,2026-07-19,MAKER_ID_200,2026-07-19,CHECKER_ID_2,2026-07-19,A,O,Y,569,REMARKS_200,37,67,A,A,4074,CURR,CHECK_NO_200
001,100000000201,AMOUNT_BLOCK,22863.700,2026-07-20,2026-07-20,MAKER_ID_201,2026-07-20,CHECKER_ID_2,2026-07-20,A,O,Y,3141,REMARKS_201,94,75,A,A,4995,LOAN,CHECK_NO_201
002,100000000202,AMOUNT_BLOCK,2654.700,2026-07-21,2026-07-21,MAKER_ID_202,2026-07-21,CHECKER_ID_2,2026-07-21,A,O,Y,5993,REMARKS_202,33,76,A,A,4465,TD01,CHECK_NO_202
003,100000000203,AMOUNT_BLOCK,7653.000,2026-07-22,2026-07-22,MAKER_ID_203,2026-07-22,CHECKER_ID_2,2026-07-22,A,O,Y,7729,REMARKS_203,28,97,A,A,6748,CARD,CHECK_NO_203
004,100000000204,AMOUNT_BLOCK,20400.800,2026-07-23,2026-07-23,MAKER_ID_204,2026-07-23,CHECKER_ID_2,2026-07-23,A,O,Y,8424,REMARKS_204,25,76,A,A,9686,CLRG,CHECK_NO_204
005,100000000205,AMOUNT_BLOCK,15054.800,2026-07-24,2026-07-24,MAKER_ID_205,2026-07-24,CHECKER_ID_2,2026-07-24,A,O,Y,5640,REMARKS_205,62,58,A,A,263,SAV1,CHECK_NO_205
006,100000000206,AMOUNT_BLOCK,24834.100,2026-07-25,2026-07-25,MAKER_ID_206,2026-07-25,CHECKER_ID_2,2026-07-25,A,O,Y,5134,REMARKS_206,84,34,A,A,2702,CURR,CHECK_NO_206
007,100000000207,AMOUNT_BLOCK,13779.700,2026-07-26,2026-07-26,MAKER_ID_207,2026-07-26,CHECKER_ID_2,2026-07-26,A,O,Y,6816,REMARKS_207,86,25,A,A,3489,LOAN,CHECK_NO_207
008,100000000208,AMOUNT_BLOCK,7033.700,2026-07-27,2026-07-27,MAKER_ID_208,2026-07-27,CHECKER_ID_2,2026-07-27,U,O,Y,9886,REMARKS_208,17,75,A,A,6273,TD01,CHECK_NO_208
009,100000000209,AMOUNT_BLOCK,24599.900,2026-07-28,2026-07-28,MAKER_ID_209,2026-07-28,CHECKER_ID_2,2026-07-28,A,O,Y,1357,REMARKS_209,92,93,A,A,9372,CARD,CHECK_NO_209
010,100000000210,AMOUNT_BLOCK,22491.300,2026-07-29,2026-07-29,MAKER_ID_210,2026-07-29,CHECKER_ID_2,2026-07-29,A,O,Y,9513,REMARKS_210,95,65,A,A,5371,CLRG,CHECK_NO_210
011,100000000211,AMOUNT_BLOCK,22810.000,2026-07-30,2026-07-30,MAKER_ID_211,2026-07-30,CHECKER_ID_2,2026-07-30,A,O,Y,7650,REMARKS_211,46,31,A,A,20,SAV1,CHECK_NO_211
012,100000000212,AMOUNT_BLOCK,14498.900,2026-07-31,2026-07-31,MAKER_ID_212,2026-07-31,CHECKER_ID_2,2026-07-31,A,O,Y,4226,REMARKS_212,19,40,A,A,2782,CURR,CHECK_NO_212
013,100000000213,AMOUNT_BLOCK,9845.600,2026-08-01,2026-08-01,MAKER_ID_213,2026-08-01,CHECKER_ID_2,2026-08-01,A,O,Y,251,REMARKS_213,17,92,A,A,6659,LOAN,CHECK_NO_213
014,100000000214,AMOUNT_BLOCK,24212.100,2026-08-02,2026-08-02,MAKER_ID_214,2026-08-02,CHECKER_ID_2,2026-08-02,A,O,Y,2668,REMARKS_214,82,31,A,A,6119,TD01,CHECK_NO_214
015,100000000215,AMOUNT_BLOCK,16458.500,2026-08-03,2026-08-03,MAKER_ID_215,2026-08-03,CHECKER_ID_2,2026-08-03,A,O,Y,8541,REMARKS_215,7,56,A,A,3768,CARD,CHECK_NO_215
016,100000000216,AMOUNT_BLOCK,8544.400,2026-08-04,2026-08-04,MAKER_ID_216,2026-08-04,CHECKER_ID_2,2026-08-04,A,O,Y,2453,REMARKS_216,22,68,A,A,569,CLRG,CHECK_NO_216
017,100000000217,AMOUNT_BLOCK,18497.300,2026-08-05,2026-08-05,MAKER_ID_217,2026-08-05,CHECKER_ID_2,2026-08-05,A,O,Y,4585,REMARKS_217,55,28,A,A,2154,SAV1,CHECK_NO_217
018,100000000218,AMOUNT_BLOCK,11038.800,2026-08-06,2026-08-06,MAKER_ID_218,2026-08-06,CHECKER_ID_2,2026-08-06,A,O,Y,6986,REMARKS_218,8,32,A,A,8366,CURR,CHECK_NO_218
019,100000000219,AMOUNT_BLOCK,963.700,2026-08-07,2026-08-07,MAKER_ID_219,2026-08-07,CHECKER_ID_2,2026-08-07,A,O,Y,8519,REMARKS_219,67,80,A,A,8910,LOAN,CHECK_NO_219
020,100000000220,AMOUNT_BLOCK,7944.200,2026-08-08,2026-08-08,MAKER_ID_220,2026-08-08,CHECKER_ID_2,2026-08-08,A,O,Y,9850,REMARKS_220,74,49,A,A,4457,TD01,CHECK_NO_220
021,100000000221,AMOUNT_BLOCK,11598.800,2026-08-09,2026-08-09,MAKER_ID_221,2026-08-09,CHECKER_ID_2,2026-08-09,A,O,Y,8378,REMARKS_221,25,80,A,A,3765,CARD,CHECK_NO_221
022,100000000222,AMOUNT_BLOCK,17480.700,2026-08-10,2026-08-10,MAKER_ID_222,2026-08-10,CHECKER_ID_2,2026-08-10,A,O,Y,2936,REMARKS_222,73,4,A,A,4909,CLRG,CHECK_NO_222
023,100000000223,AMOUNT_BLOCK,170576.000,2026-08-11,2026-08-11,MAKER_ID_223,2026-08-11,CHECKER_ID_2,2026-08-11,A,O,Y,6819,REMARKS_223,86,8,A,A,9915,SAV1,CHECK_NO_223
024,100000000224,AMOUNT_BLOCK,854.900,2026-08-12,2026-08-12,MAKER_ID_224,2026-08-12,CHECKER_ID_2,2026-08-12,A,O,Y,4540,REMARKS_224,46,53,A,A,6668,CURR,CHECK_NO_224
025,100000000225,AMOUNT_BLOCK,17478.000,2026-08-13,2026-08-13,MAKER_ID_225,2026-08-13,CHECKER_ID_2,2026-08-13,A,O,Y,665,REMARKS_225,2,81,A,A,2858,LOAN,CHECK_NO_225
001,100000000226,AMOUNT_BLOCK,7218.900,2026-08-14,2026-08-14,MAKER_ID_226,2026-08-14,CHECKER_ID_2,2026-08-14,A,O,Y,906,REMARKS_226,2,63,A,A,1975,TD01,CHECK_NO_226
002,100000000227,AMOUNT_BLOCK,24085.900,2026-08-15,2026-08-15,MAKER_ID_227,2026-08-15,CHECKER_ID_2,2026-08-15,A,O,Y,5728,REMARKS_227,46,76,A,A,6015,CARD,CHECK_NO_227
003,100000000228,AMOUNT_BLOCK,805.700,2026-08-16,2026-08-16,MAKER_ID_228,2026-08-16,CHECKER_ID_2,2026-08-16,A,O,Y,6937,REMARKS_228,62,32,A,A,7087,CLRG,CHECK_NO_228
004,100000000229,AMOUNT_BLOCK,1529.100,2026-08-17,2026-08-17,MAKER_ID_229,2026-08-17,CHECKER_ID_2,2026-08-17,A,O,Y,4460,REMARKS_229,43,7,A,A,7903,SAV1,CHECK_NO_229
005,100000000230,AMOUNT_BLOCK,14772.500,2026-08-18,2026-08-18,MAKER_ID_230,2026-08-18,CHECKER_ID_2,2026-08-18,A,O,Y,7084,REMARKS_230,46,86,A,A,4456,CURR,CHECK_NO_230
006,100000000231,AMOUNT_BLOCK,24005.800,2026-08-19,2026-08-19,MAKER_ID_231,2026-08-19,CHECKER_ID_2,2026-08-19,U,O,Y,4692,REMARKS_231,18,40,A,A,7074,LOAN,CHECK_NO_231
007,100000000232,AMOUNT_BLOCK,7457.700,2026-08-20,2026-08-20,MAKER_ID_232,2026-08-20,CHECKER_ID_2,2026-08-20,A,O,Y,9514,REMARKS_232,77,6,A,A,4143,TD01,CHECK_NO_232
008,100000000233,AMOUNT_BLOCK,9753.100,2026-08-21,2026-08-21,MAKER_ID_233,2026-08-21,CHECKER_ID_2,2026-08-21,A,O,Y,4371,REMARKS_233,48,20,A,A,3606,CARD,CHECK_NO_233
009,100000000234,AMOUNT_BLOCK,18921.000,2026-08-22,2026-08-22,MAKER_ID_234,2026-08-22,CHECKER_ID_2,2026-08-22,A,O,Y,4948,REMARKS_234,74,8,A,A,8551,CLRG,CHECK_NO_234
010,100000000235,AMOUNT_BLOCK,21884.500,2026-08-23,2026-08-23,MAKER_ID_235,2026-08-23,CHECKER_ID_2,2026-08-23,A,O,Y,6943,REMARKS_235,31,92,A,A,3562,SAV1,CHECK_NO_235
011,100000000236,AMOUNT_BLOCK,11445.700,2026-08-24,2026-08-24,MAKER_ID_236,2026-08-24,CHECKER_ID_2,2026-08-24,A,O,Y,6977,REMARKS_236,2,93,A,A,7903,CURR,CHECK_NO_236
012,100000000237,AMOUNT_BLOCK,978.400,2026-08-25,2026-08-25,MAKER_ID_237,2026-08-25,CHECKER_ID_2,2026-08-25,A,O,Y,9706,REMARKS_237,80,73,A,A,8543,LOAN,CHECK_NO_237
013,100000000238,AMOUNT_BLOCK,8785.600,2026-08-26,2026-08-26,MAKER_ID_238,2026-08-26,CHECKER_ID_2,2026-08-26,A,O,Y,2737,REMARKS_238,46,50,A,A,2763,TD01,CHECK_NO_238
014,100000000239,AMOUNT_BLOCK,18504.700,2026-08-27,2026-08-27,MAKER_ID_239,2026-08-27,CHECKER_ID_2,2026-08-27,A,O,Y,9668,REMARKS_239,63,36,A,A,1159,CARD,CHECK_NO_239
015,100000000240,AMOUNT_BLOCK,20422.000,2026-08-28,2026-08-28,MAKER_ID_240,2026-08-28,CHECKER_ID_2,2026-08-28,A,O,Y,8441,REMARKS_240,50,81,A,A,7935,CLRG,CHECK_NO_240
016,100000000241,AMOUNT_BLOCK,5598.100,2026-08-29,2026-08-29,MAKER_ID_241,2026-08-29,CHECKER_ID_2,2026-08-29,A,O,Y,1932,REMARKS_241,20,41,A,A,183,SAV1,CHECK_NO_241
017,100000000242,AMOUNT_BLOCK,14483.500,2026-08-30,2026-08-30,MAKER_ID_242,2026-08-30,CHECKER_ID_2,2026-08-30,A,O,Y,1787,REMARKS_242,54,54,A,A,3015,CURR,CHECK_NO_242
018,100000000243,AMOUNT_BLOCK,11092.000,2026-08-31,2026-08-31,MAKER_ID_243,2026-08-31,CHECKER_ID_2,2026-08-31,A,O,Y,5184,REMARKS_243,76,72,A,A,8954,LOAN,CHECK_NO_243
019,100000000244,AMOUNT_BLOCK,1506.100,2026-09-01,2026-09-01,MAKER_ID_244,2026-09-01,CHECKER_ID_2,2026-09-01,A,O,Y,8973,REMARKS_244,52,17,A,A,9174,TD01,CHECK_NO_244
020,100000000245,AMOUNT_BLOCK,22266.200,2026-09-02,2026-09-02,MAKER_ID_245,2026-09-02,CHECKER_ID_2,2026-09-02,A,O,Y,8744,REMARKS_245,25,28,A,A,232,CARD,CHECK_NO_245
021,100000000246,AMOUNT_BLOCK,13485.100,2026-09-03,2026-09-03,MAKER_ID_246,2026-09-03,CHECKER_ID_2,2026-09-03,A,O,Y,6005,REMARKS_246,36,61,A,A,3969,CLRG,CHECK_NO_246
022,100000000247,AMOUNT_BLOCK,20702.200,2026-09-04,2026-09-04,MAKER_ID_247,2026-09-04,CHECKER_ID_2,2026-09-04,A,O,Y,1555,REMARKS_247,6,64,A,A,7545,SAV1,CHECK_NO_247
023,100000000248,AMOUNT_BLOCK,4004.200,2026-09-05,2026-09-05,MAKER_ID_248,2026-09-05,CHECKER_ID_2,2026-09-05,A,O,Y,7429,REMARKS_248,2,21,A,A,3777,CURR,CHECK_NO_248
024,100000000249,AMOUNT_BLOCK,4524.200,2026-09-06,2026-09-06,MAKER_ID_249,2026-09-06,CHECKER_ID_2,2026-09-06,A,O,Y,4150,REMARKS_249,81,61,A,A,722,LOAN,CHECK_NO_249
025,100000000250,AMOUNT_BLOCK,21936.300,2026-09-07,2026-09-07,MAKER_ID_250,2026-09-07,CHECKER_ID_2,2026-09-07,A,O,Y,1880,REMARKS_250,17,77,A,A,8269,TD01,CHECK_NO_250
001,100000000251,AMOUNT_BLOCK,20460.100,2026-09-08,2026-09-08,MAKER_ID_251,2026-09-08,CHECKER_ID_2,2026-09-08,A,O,Y,1769,REMARKS_251,34,55,A,A,3744,CARD,CHECK_NO_251
002,100000000252,AMOUNT_BLOCK,16360.300,2026-09-09,2026-09-09,MAKER_ID_252,2026-09-09,CHECKER_ID_2,2026-09-09,A,O,Y,8450,REMARKS_252,65,66,A,A,2754,CLRG,CHECK_NO_252
003,100000000253,AMOUNT_BLOCK,5724.000,2026-09-10,2026-09-10,MAKER_ID_253,2026-09-10,CHECKER_ID_2,2026-09-10,A,O,Y,1593,REMARKS_253,62,14,A,A,6036,SAV1,CHECK_NO_253
004,100000000254,AMOUNT_BLOCK,4477.400,2026-09-11,2026-09-11,MAKER_ID_254,2026-09-11,CHECKER_ID_2,2026-09-11,U,O,Y,627,REMARKS_254,22,95,A,A,4818,CURR,CHECK_NO_254
005,100000000255,AMOUNT_BLOCK,13146.400,2026-09-12,2026-09-12,MAKER_ID_255,2026-09-12,CHECKER_ID_2,2026-09-12,A,O,Y,4306,REMARKS_255,15,52,A,A,2916,LOAN,CHECK_NO_255
006,100000000256,AMOUNT_BLOCK,13950.200,2026-09-13,2026-09-13,MAKER_ID_256,2026-09-13,CHECKER_ID_2,2026-09-13,A,O,Y,887,REMARKS_256,96,28,A,A,8200,TD01,CHECK_NO_256
007,100000000257,AMOUNT_BLOCK,16199.700,2026-09-14,2026-09-14,MAKER_ID_257,2026-09-14,CHECKER_ID_2,2026-09-14,A,O,Y,4700,REMARKS_257,87,62,A,A,483,CARD,CHECK_NO_257
008,100000000258,AMOUNT_BLOCK,20218.300,2026-09-15,2026-09-15,MAKER_ID_258,2026-09-15,CHECKER_ID_2,2026-09-15,A,O,Y,502,REMARKS_258,58,74,A,A,4218,CLRG,CHECK_NO_258
009,100000000259,AMOUNT_BLOCK,17982.300,2026-09-16,2026-09-16,MAKER_ID_259,2026-09-16,CHECKER_ID_2,2026-09-16,A,O,Y,7319,REMARKS_259,18,32,A,A,4506,SAV1,CHECK_NO_259
010,100000000260,AMOUNT_BLOCK,128892.800,2026-09-17,2026-09-17,MAKER_ID_260,2026-09-17,CHECKER_ID_2,2026-09-17,A,O,Y,5307,REMARKS_260,67,28,A,A,3968,CURR,CHECK_NO_260
011,100000000261,AMOUNT_BLOCK,6560.400,2026-09-18,2026-09-18,MAKER_ID_261,2026-09-18,CHECKER_ID_2,2026-09-18,A,O,Y,9496,REMARKS_261,70,66,A,A,4661,LOAN,CHECK_NO_261
012,100000000262,AMOUNT_BLOCK,18199.700,2026-09-19,2026-09-19,MAKER_ID_262,2026-09-19,CHECKER_ID_2,2026-09-19,A,O,Y,4888,REMARKS_262,74,24,A,A,1771,TD01,CHECK_NO_262
013,100000000263,AMOUNT_BLOCK,17765.000,2026-09-20,2026-09-20,MAKER_ID_263,2026-09-20,CHECKER_ID_2,2026-09-20,A,O,Y,3202,REMARKS_263,74,59,A,A,8522,CARD,CHECK_NO_263
014,100000000264,AMOUNT_BLOCK,18299.300,2026-09-21,2026-09-21,MAKER_ID_264,2026-09-21,CHECKER_ID_2,2026-09-21,A,O,Y,160,REMARKS_264,47,44,A,A,9520,CLRG,CHECK_NO_264
015,100000000265,AMOUNT_BLOCK,2176.000,2026-09-22,2026-09-22,MAKER_ID_265,2026-09-22,CHECKER_ID_2,2026-09-22,A,O,Y,669,REMARKS_265,52,5,A,A,3550,SAV1,CHECK_NO_265
016,100000000266,AMOUNT_BLOCK,15418.100,2026-09-23,2026-09-23,MAKER_ID_266,2026-09-23,CHECKER_ID_2,2026-09-23,A,O,Y,1211,REMARKS_266,80,89,A,A,2587,CURR,CHECK_NO_266
017,100000000267,AMOUNT_BLOCK,13033.600,2026-09-24,2026-09-24,MAKER_ID_267,2026-09-24,CHECKER_ID_2,2026-09-24,A,O,Y,4076,REMARKS_267,51,85,A,A,4426,LOAN,CHECK_NO_267
018,100000000268,AMOUNT_BLOCK,11490.600,2026-09-25,2026-09-25,MAKER_ID_268,2026-09-25,CHECKER_ID_2,2026-09-25,A,O,Y,1512,REMARKS_268,59,29,A,A,8862,TD01,CHECK_NO_268
019,100000000269,AMOUNT_BLOCK,21791.700,2026-09-26,2026-09-26,MAKER_ID_269,2026-09-26,CHECKER_ID_2,2026-09-26,A,O,Y,8752,REMARKS_269,71,65,A,A,3143,CARD,CHECK_NO_269
020,100000000270,AMOUNT_BLOCK,11651.400,2026-09-27,2026-09-27,MAKER_ID_270,2026-09-27,CHECKER_ID_2,2026-09-27,A,O,Y,1684,REMARKS_270,10,91,A,A,9496,CLRG,CHECK_NO_270
021,100000000271,AMOUNT_BLOCK,16773.000,2026-09-28,2026-09-28,MAKER_ID_271,2026-09-28,CHECKER_ID_2,2026-09-28,A,O,Y,5393,REMARKS_271,53,66,A,A,2423,SAV1,CHECK_NO_271
022,100000000272,AMOUNT_BLOCK,6763.000,2026-09-29,2026-09-29,MAKER_ID_272,2026-09-29,CHECKER_ID_2,2026-09-29,A,O,Y,4295,REMARKS_272,22,18,A,A,4046,CURR,CHECK_NO_272
023,100000000273,AMOUNT_BLOCK,11573.600,2026-09-30,2026-09-30,MAKER_ID_273,2026-09-30,CHECKER_ID_2,2026-09-30,A,O,Y,177,REMARKS_273,64,49,A,A,7388,LOAN,CHECK_NO_273
024,100000000274,AMOUNT_BLOCK,10715.700,2026-10-01,2026-10-01,MAKER_ID_274,2026-10-01,CHECKER_ID_2,2026-10-01,A,O,Y,7015,REMARKS_274,25,7,A,A,8492,TD01,CHECK_NO_274
025,100000000275,AMOUNT_BLOCK,21001.600,2026-10-02,2026-10-02,MAKER_ID_275,2026-10-02,CHECKER_ID_2,2026-10-02,A,O,Y,108,REMARKS_275,55,94,A,A,1814,CARD,CHECK_NO_275
001,100000000276,AMOUNT_BLOCK,9972.400,2026-10-03,2026-10-03,MAKER_ID_276,2026-10-03,CHECKER_ID_2,2026-10-03,A,O,Y,4740,REMARKS_276,0,3,A,A,614,CLRG,CHECK_NO_276
002,100000000277,AMOUNT_BLOCK,24854.700,2026-10-04,2026-10-04,MAKER_ID_277,2026-10-04,CHECKER_ID_2,2026-10-04,U,O,Y,2695,REMARKS_277,61,2,A,A,2790,SAV1,CHECK_NO_277
003,100000000278,AMOUNT_BLOCK,40.400,2026-10-05,2026-10-05,MAKER_ID_278,2026-10-05,CHECKER_ID_2,2026-10-05,A,O,Y,6693,REMARKS_278,30,45,A,A,6799,CURR,CHECK_NO_278
004,100000000279,AMOUNT_BLOCK,22874.500,2026-10-06,2026-10-06,MAKER_ID_279,2026-10-06,CHECKER_ID_2,2026-10-06,A,O,Y,6341,REMARKS_279,30,3,A,A,2073,LOAN,CHECK_NO_279
005,100000000280,AMOUNT_BLOCK,18396.000,2026-10-07,2026-10-07,MAKER_ID_280,2026-10-07,CHECKER_ID_2,2026-10-07,A,O,Y,433,REMARKS_280,40,17,A,A,5165,TD01,CHECK_NO_280
006,100000000281,AMOUNT_BLOCK,13802.400,2026-10-08,2026-10-08,MAKER_ID_281,2026-10-08,CHECKER_ID_2,2026-10-08,A,O,Y,8606,REMARKS_281,88,8,A,A,35,CARD,CHECK_NO_281
007,100000000282,AMOUNT_BLOCK,3404.700,2026-10-09,2026-10-09,MAKER_ID_282,2026-10-09,CHECKER_ID_2,2026-10-09,A,O,Y,4514,REMARKS_282,31,5,A,A,5822,CLRG,CHECK_NO_282
008,100000000283,AMOUNT_BLOCK,13708.500,2026-10-10,2026-10-10,MAKER_ID_283,2026-10-10,CHECKER_ID_2,2026-10-10,A,O,Y,2390,REMARKS_283,65,38,A,A,6170,SAV1,CHECK_NO_283
009,100000000284,AMOUNT_BLOCK,10220.100,2026-10-11,2026-10-11,MAKER_ID_284,2026-10-11,CHECKER_ID_2,2026-10-11,A,O,Y,5499,REMARKS_284,14,5,A,A,7321,CURR,CHECK_NO_284
010,100000000285,AMOUNT_BLOCK,10640.600,2026-10-12,2026-10-12,MAKER_ID_285,2026-10-12,CHECKER_ID_2,2026-10-12,A,O,Y,8972,REMARKS_285,36,26,A,A,9978,LOAN,CHECK_NO_285
011,100000000286,AMOUNT_BLOCK,15273.200,2026-10-13,2026-10-13,MAKER_ID_286,2026-10-13,CHECKER_ID_2,2026-10-13,A,O,Y,28,REMARKS_286,2,41,A,A,7606,TD01,CHECK_NO_286
012,100000000287,AMOUNT_BLOCK,7968.400,2026-10-14,2026-10-14,MAKER_ID_287,2026-10-14,CHECKER_ID_2,2026-10-14,A,O,Y,1427,REMARKS_287,46,54,A,A,5854,CARD,CHECK_NO_287
013,100000000288,AMOUNT_BLOCK,12806.800,2026-10-15,2026-10-15,MAKER_ID_288,2026-10-15,CHECKER_ID_2,2026-10-15,A,O,Y,6174,REMARKS_288,95,63,A,A,5065,CLRG,CHECK_NO_288
014,100000000289,AMOUNT_BLOCK,15047.700,2026-10-16,2026-10-16,MAKER_ID_289,2026-10-16,CHECKER_ID_2,2026-10-16,A,O,Y,3783,REMARKS_289,55,40,A,A,2009,SAV1,CHECK_NO_289
015,100000000290,AMOUNT_BLOCK,18901.800,2026-10-17,2026-10-17,MAKER_ID_290,2026-10-17,CHECKER_ID_2,2026-10-17,A,O,Y,8212,REMARKS_290,89,51,A,A,6474,CURR,CHECK_NO_290
016,100000000291,AMOUNT_BLOCK,10403.100,2026-10-18,2026-10-18,MAKER_ID_291,2026-10-18,CHECKER_ID_2,2026-10-18,A,O,Y,7140,REMARKS_291,94,9,A,A,1167,LOAN,CHECK_NO_291
017,100000000292,AMOUNT_BLOCK,4552.200,2026-10-19,2026-10-19,MAKER_ID_292,2026-10-19,CHECKER_ID_2,2026-10-19,A,O,Y,7612,REMARKS_292,61,15,A,A,1016,TD01,CHECK_NO_292
018,100000000293,AMOUNT_BLOCK,16238.800,2026-10-20,2026-10-20,MAKER_ID_293,2026-10-20,CHECKER_ID_2,2026-10-20,A,O,Y,8575,REMARKS_293,60,63,A,A,1762,CARD,CHECK_NO_293
019,100000000294,AMOUNT_BLOCK,4519.600,2026-10-21,2026-10-21,MAKER_ID_294,2026-10-21,CHECKER_ID_2,2026-10-21,A,O,Y,621,REMARKS_294,2,65,A,A,392,CLRG,CHECK_NO_294
020,100000000295,AMOUNT_BLOCK,10991.800,2026-10-22,2026-10-22,MAKER_ID_295,2026-10-22,CHECKER_ID_2,2026-10-22,A,O,Y,5724,REMARKS_295,79,44,A,A,173,SAV1,CHECK_NO_295
021,100000000296,AMOUNT_BLOCK,12556.900,2026-10-23,2026-10-23,MAKER_ID_296,2026-10-23,CHECKER_ID_2,2026-10-23,A,O,Y,4442,REMARKS_296,73,50,A,A,4851,CURR,CHECK_NO_296
022,100000000297,AMOUNT_BLOCK,40660.000,2026-10-24,2026-10-24,MAKER_ID_297,2026-10-24,CHECKER_ID_2,2026-10-24,A,O,Y,6935,REMARKS_297,42,43,A,A,3625,LOAN,CHECK_NO_297
023,100000000298,AMOUNT_BLOCK,15449.900,2026-10-25,2026-10-25,MAKER_ID_298,2026-10-25,CHECKER_ID_2,2026-10-25,A,O,Y,8885,REMARKS_298,71,5,A,A,5619,TD01,CHECK_NO_298
024,100000000299,AMOUNT_BLOCK,16562.600,2026-10-26,2026-10-26,MAKER_ID_299,2026-10-26,CHECKER_ID_2,2026-10-26,A,O,Y,6162,REMARKS_299,43,74,A,A,810,CARD,CHECK_NO_299
025,100000000300,AMOUNT_BLOCK,13962.500,2026-10-27,2026-10-27,MAKER_ID_300,2026-10-27,CHECKER_ID_3,2026-10-27,U,O,Y,3666,REMARKS_300,28,54,A,A,7702,CLRG,CHECK_NO_300
001,100000000301,AMOUNT_BLOCK,1480.600,2026-10-28,2026-10-28,MAKER_ID_301,2026-10-28,CHECKER_ID_3,2026-10-28,A,O,Y,3813,REMARKS_301,72,60,A,A,2368,SAV1,CHECK_NO_301
002,100000000302,AMOUNT_BLOCK,23468.400,2026-10-29,2026-10-29,MAKER_ID_302,2026-10-29,CHECKER_ID_3,2026-10-29,A,O,Y,129,REMARKS_302,11,99,A,A,6512,CURR,CHECK_NO_302
003,100000000303,AMOUNT_BLOCK,8783.700,2026-10-30,2026-10-30,MAKER_ID_303,2026-10-30,CHECKER_ID_3,2026-10-30,A,O,Y,2318,REMARKS_303,38,75,A,A,9956,LOAN,CHECK_NO_303
004,100000000304,AMOUNT_BLOCK,6415.700,2026-10-31,2026-10-31,MAKER_ID_304,2026-10-31,CHECKER_ID_3,2026-10-31,A,O,Y,475,REMARKS_304,24,99,A,A,6868,TD01,CHECK_NO_304
005,100000000305,AMOUNT_BLOCK,1419.100,2026-11-01,2026-11-01,MAKER_ID_305,2026-11-01,CHECKER_ID_3,2026-11-01,A,O,Y,4815,REMARKS_305,80,14,A,A,3772,CARD,CHECK_NO_305
006,100000000306,AMOUNT_BLOCK,1092.500,2026-11-02,2026-11-02,MAKER_ID_306,2026-11-02,CHECKER_ID_3,2026-11-02,A,O,Y,7878,REMARKS_306,97,87,A,A,7903,CLRG,CHECK_NO_306
007,100000000307,AMOUNT_BLOCK,10590.200,2026-11-03,2026-11-03,MAKER_ID_307,2026-11-03,CHECKER_ID_3,2026-11-03,A,O,Y,4794,REMARKS_307,98,86,A,A,8583,SAV1,CHECK_NO_307
008,100000000308,AMOUNT_BLOCK,23680.700,2026-11-04,2026-11-04,MAKER_ID_308,2026-11-04,CHECKER_ID_3,2026-11-04,A,O,Y,3998,REMARKS_308,71,83,A,A,2350,CURR,CHECK_NO_308
009,100000000309,AMOUNT_BLOCK,11563.300,2026-11-05,2026-11-05,MAKER_ID_309,2026-11-05,CHECKER_ID_3,2026-11-05,A,O,Y,8187,REMARKS_309,37,66,A,A,5229,LOAN,CHECK_NO_309
010,100000000310,AMOUNT_BLOCK,81.700,2026-11-06,2026-11-06,MAKER_ID_310,2026-11-06,CHECKER_ID_3,2026-11-06,A,O,Y,2559,REMARKS_310,64,52,A,A,1804,TD01,CHECK_NO_310
011,100000000311,AMOUNT_BLOCK,10330.400,2026-11-07,2026-11-07,MAKER_ID_311,2026-11-07,CHECKER_ID_3,2026-11-07,A,O,Y,1970,REMARKS_311,19,73,A,A,2523,CARD,CHECK_NO_311
012,100000000312,AMOUNT_BLOCK,13112.000,2026-11-08,2026-11-08,MAKER_ID_312,2026-11-08,CHECKER_ID_3,2026-11-08,A,O,Y,2554,REMARKS_312,75,36,A,A,6430,CLRG,CHECK_NO_312
013,100000000313,AMOUNT_BLOCK,7660.600,2026-11-09,2026-11-09,MAKER_ID_313,2026-11-09,CHECKER_ID_3,2026-11-09,A,O,Y,5621,REMARKS_313,31,75,A,A,1832,SAV1,CHECK_NO_313
014,100000000314,AMOUNT_BLOCK,15796.800,2026-11-10,2026-11-10,MAKER_ID_314,2026-11-10,CHECKER_ID_3,2026-11-10,A,O,Y,4769,REMARKS_314,52,99,A,A,3953,CURR,CHECK_NO_314
015,100000000315,AMOUNT_BLOCK,20710.000,2026-11-11,2026-11-11,MAKER_ID_315,2026-11-11,CHECKER_ID_3,2026-11-11,A,O,Y,357,REMARKS_315,47,47,A,A,8277,LOAN,CHECK_NO_315
016,100000000316,AMOUNT_BLOCK,2810.300,2026-11-12,2026-11-12,MAKER_ID_316,2026-11-12,CHECKER_ID_3,2026-11-12,A,O,Y,2492,REMARKS_316,42,94,A,A,3312,TD01,CHECK_NO_316
017,100000000317,AMOUNT_BLOCK,2567.900,2026-11-13,2026-11-13,MAKER_ID_317,2026-11-13,CHECKER_ID_3,2026-11-13,A,O,Y,6408,REMARKS_317,8,26,A,A,5482,CARD,CHECK_NO_317
018,100000000318,AMOUNT_BLOCK,5387.800,2026-11-14,2026-11-14,MAKER_ID_318,2026-11-14,CHECKER_ID_3,2026-11-14,A,O,Y,7806,REMARKS_318,30,28,A,A,7980,CLRG,CHECK_NO_318
019,100000000319,AMOUNT_BLOCK,15960.700,2026-11-15,2026-11-15,MAKER_ID_319,2026-11-15,CHECKER_ID_3,2026-11-15,A,O,Y,2275,REMARKS_319,39,18,A,A,8535,SAV1,CHECK_NO_319
020,100000000320,AMOUNT_BLOCK,23017.100,2026-11-16,2026-11-16,MAKER_ID_320,2026-11-16,CHECKER_ID_3,2026-11-16,A,O,Y,5884,REMARKS_320,15,41,A,A,5808,CURR,CHECK_NO_320
021,100000000321,AMOUNT_BLOCK,24415.700,2026-11-17,2026-11-17,MAKER_ID_321,2026-11-17,CHECKER_ID_3,2026-11-17,A,O,Y,5236,REMARKS_321,68,11,A,A,9504,LOAN,CHECK_NO_321
022,100000000322,AMOUNT_BLOCK,20433.100,2026-11-18,2026-11-18,MAKER_ID_322,2026-11-18,CHECKER_ID_3,2026-11-18,A,O,Y,8771,REMARKS_322,65,44,A,A,7684,TD01,CHECK_NO_322
023,100000000323,AMOUNT_BLOCK,7680.000,2026-11-19,2026-11-19,MAKER_ID_323,2026-11-19,CHECKER_ID_3,2026-11-19,U,O,Y,5595,REMARKS_323,80,95,A,A,8138,CARD,CHECK_NO_323
024,100000000324,AMOUNT_BLOCK,24984.500,2026-11-20,2026-11-20,MAKER_ID_324,2026-11-20,CHECKER_ID_3,2026-11-20,A,O,Y,5686,REMARKS_324,98,58,A,A,3471,CLRG,CHECK_NO_324
025,100000000325,AMOUNT_BLOCK,17628.100,2026-11-21,2026-11-21,MAKER_ID_325,2026-11-21,CHECKER_ID_3,2026-11-21,A,O,Y,6769,REMARKS_325,25,90,A,A,2635,SAV1,CHECK_NO_325
001,100000000326,AMOUNT_BLOCK,24641.000,2026-11-22,2026-11-22,MAKER_ID_326,2026-11-22,CHECKER_ID_3,2026-11-22,A,O,Y,4918,REMARKS_326,24,26,A,A,1848,CURR,CHECK_NO_326
002,100000000327,AMOUNT_BLOCK,12127.400,2026-11-23,2026-11-23,MAKER_ID_327,2026-11-23,CHECKER_ID_3,2026-11-23,A,O,Y,4660,REMARKS_327,48,1,A,A,464,LOAN,CHECK_NO_327
003,100000000328,AMOUNT_BLOCK,14790.100,2026-11-24,2026-11-24,MAKER_ID_328,2026-11-24,CHECKER_ID_3,2026-11-24,A,O,Y,5831,REMARKS_328,31,34,A,A,133,TD01,CHECK_NO_328
004,100000000329,AMOUNT_BLOCK,20106.500,2026-11-25,2026-11-25,MAKER_ID_329,2026-11-25,CHECKER_ID_3,2026-11-25,A,O,Y,4324,REMARKS_329,59,32,A,A,8247,CARD,CHECK_NO_329
005,100000000330,AMOUNT_BLOCK,5250.100,2026-11-26,2026-11-26,MAKER_ID_330,2026-11-26,CHECKER_ID_3,2026-11-26,A,O,Y,3274,REMARKS_330,91,88,A,A,5531,CLRG,CHECK_NO_330
006,100000000331,AMOUNT_BLOCK,7220.700,2026-11-27,2026-11-27,MAKER_ID_331,2026-11-27,CHECKER_ID_3,2026-11-27,A,O,Y,4202,REMARKS_331,48,11,A,A,5099,SAV1,CHECK_NO_331
007,100000000332,AMOUNT_BLOCK,23529.600,2026-11-28,2026-11-28,MAKER_ID_332,2026-11-28,CHECKER_ID_3,2026-11-28,A,O,Y,8044,REMARKS_332,61,19,A,A,3642,CURR,CHECK_NO_332
008,100000000333,AMOUNT_BLOCK,12662.000,2026-11-29,2026-11-29,MAKER_ID_333,2026-11-29,CHECKER_ID_3,2026-11-29,A,O,Y,9099,REMARKS_333,29,6,A,A,4017,LOAN,CHECK_NO_333
009,100000000334,AMOUNT_BLOCK,81136.800,2026-11-30,2026-11-30,MAKER_ID_334,2026-11-30,CHECKER_ID_3,2026-11-30,A,O,Y,4490,REMARKS_334,1,56,A,A,1841,TD01,CHECK_NO_334
010,100000000335,AMOUNT_BLOCK,1538.200,2026-12-01,2026-12-01,MAKER_ID_335,2026-12-01,CHECKER_ID_3,2026-12-01,A,O,Y,8575,REMARKS_335,82,89,A,A,2305,CARD,CHECK_NO_335
011,100000000336,AMOUNT_BLOCK,24590.300,2026-12-02,2026-12-02,MAKER_ID_336,2026-12-02,CHECKER_ID_3,2026-12-02,A,O,Y,4701,REMARKS_336,34,70,A,A,3908,CLRG,CHECK_NO_336
012,100000000337,AMOUNT_BLOCK,10247.300,2026-12-03,2026-12-03,MAKER_ID_337,2026-12-03,CHECKER_ID_3,2026-12-03,A,O,Y,5927,REMARKS_337,8,19,A,A,1115,SAV1,CHECK_NO_337
013,100000000338,AMOUNT_BLOCK,16795.300,2026-12-04,2026-12-04,MAKER_ID_338,2026-12-04,CHECKER_ID_3,2026-12-04,A,O,Y,1429,REMARKS_338,26,44,A,A,4316,CURR,CHECK_NO_338
014,100000000339,AMOUNT_BLOCK,18755.600,2026-12-05,2026-12-05,MAKER_ID_339,2026-12-05,CHECKER_ID_3,2026-12-05,A,O,Y,2436,REMARKS_339,95,40,A,A,604,LOAN,CHECK_NO_339
015,100000000340,AMOUNT_BLOCK,20386.400,2026-12-06,2026-12-06,MAKER_ID_340,2026-12-06,CHECKER_ID_3,2026-12-06,A,O,Y,4523,REMARKS_340,44,43,A,A,7908,TD01,CHECK_NO_340
016,100000000341,AMOUNT_BLOCK,490.300,2026-12-07,2026-12-07,MAKER_ID_341,2026-12-07,CHECKER_ID_3,2026-12-07,A,O,Y,1728,REMARKS_341,70,14,A,A,5358,CARD,CHECK_NO_341
017,100000000342,AMOUNT_BLOCK,18473.000,2026-12-08,2026-12-08,MAKER_ID_342,2026-12-08,CHECKER_ID_3,2026-12-08,A,O,Y,7401,REMARKS_342,14,79,A,A,5266,CLRG,CHECK_NO_342
018,100000000343,AMOUNT_BLOCK,6174.700,2026-12-09,2026-12-09,MAKER_ID_343,2026-12-09,CHECKER_ID_3,2026-12-09,A,O,Y,6517,REMARKS_343,51,38,A,A,5794,SAV1,CHECK_NO_343
019,100000000344,AMOUNT_BLOCK,13256.300,2026-12-10,2026-12-10,MAKER_ID_344,2026-12-10,CHECKER_ID_3,2026-12-10,A,O,Y,2880,REMARKS_344,96,86,A,A,6667,CURR,CHECK_NO_344
020,100000000345,AMOUNT_BLOCK,2284.500,2026-12-11,2026-12-11,MAKER_ID_345,2026-12-11,CHECKER_ID_3,2026-12-11,A,O,Y,1712,REMARKS_345,33,84,A,A,3216,LOAN,CHECK_NO_345
021,100000000346,AMOUNT_BLOCK,1367.500,2026-12-12,2026-12-12,MAKER_ID_346,2026-12-12,CHECKER_ID_3,2026-12-12,U,O,Y,2004,REMARKS_346,82,17,A,A,7703,TD01,CHECK_NO_346
022,100000000347,AMOUNT_BLOCK,24052.700,2026-12-13,2026-12-13,MAKER_ID_347,2026-12-13,CHECKER_ID_3,2026-12-13,A,O,Y,7913,REMARKS_347,24,99,A,A,3234,CARD,CHECK_NO_347
023,100000000348,AMOUNT_BLOCK,8893.800,2026-12-14,2026-12-14,MAKER_ID_348,2026-12-14,CHECKER_ID_3,2026-12-14,A,O,Y,97,REMARKS_348,16,66,A,A,2078,CLRG,CHECK_NO_348
024,100000000349,AMOUNT_BLOCK,18515.200,2026-12-15,2026-12-15,MAKER_ID_349,2026-12-15,CHECKER_ID_3,2026-12-15,A,O,Y,5806,REMARKS_349,48,57,A,A,9509,SAV1,CHECK_NO_349
025,100000000350,AMOUNT_BLOCK,19400.600,2026-12-16,2026-12-16,MAKER_ID_350,2026-12-16,CHECKER_ID_3,2026-12-16,A,O,Y,7399,REMARKS_350,54,75,A,A,3075,CURR,CHECK_NO_350
001,100000000351,AMOUNT_BLOCK,21007.000,2026-12-17,2026-12-17,MAKER_ID_351,2026-12-17,CHECKER_ID_3,2026-12-17,A,O,Y,1487,REMARKS_351,17,36,A,A,9748,LOAN,CHECK_NO_351
002,100000000352,AMOUNT_BLOCK,12842.800,2026-12-18,2026-12-18,MAKER_ID_352,2026-12-18,CHECKER_ID_3,2026-12-18,A,O,Y,4672,REMARKS_352,76,32,A,A,1267,TD01,CHECK_NO_352
003,100000000353,AMOUNT_BLOCK,24599.500,2026-12-19,2026-12-19,MAKER_ID_353,2026-12-19,CHECKER_ID_3,2026-12-19,A,O,Y,8384,REMARKS_353,83,58,A,A,8323,CARD,CHECK_NO_353
004,100000000354,AMOUNT_BLOCK,16190.500,2026-12-20,2026-12-20,MAKER_ID_354,2026-12-20,CHECKER_ID_3,2026-12-20,A,O,Y,5243,REMARKS_354,9,74,A,A,9549,CLRG,CHECK_NO_354
005,100000000355,AMOUNT_BLOCK,16272.000,2026-12-21,2026-12-21,MAKER_ID_355,2026-12-21,CHECKER_ID_3,2026-12-21,A,O,Y,7916,REMARKS_355,67,0,A,A,9530,SAV1,CHECK_NO_355
006,100000000356,AMOUNT_BLOCK,10480.100,2026-12-22,2026-12-22,MAKER_ID_356,2026-12-22,CHECKER_ID_3,2026-12-22,A,O,Y,23,REMARKS_356,79,21,A,A,5247,CURR,CHECK_NO_356
007,100000000357,AMOUNT_BLOCK,11380.000,2026-12-23,2026-12-23,MAKER_ID_357,2026-12-23,CHECKER_ID_3,2026-12-23,A,O,Y,7357,REMARKS_357,80,20,A,A,1263,LOAN,CHECK_NO_357
008,100000000358,AMOUNT_BLOCK,3721.700,2026-12-24,2026-12-24,MAKER_ID_358,2026-12-24,CHECKER_ID_3,2026-12-24,A,O,Y,5153,REMARKS_358,44,37,A,A,2335,TD01,CHECK_NO_358
009,100000000359,AMOUNT_BLOCK,13821.100,2026-12-25,2026-12-25,MAKER_ID_359,2026-12-25,CHECKER_ID_3,2026-12-25,A,O,Y,7481,REMARKS_359,35,99,A,A,8997,CARD,CHECK_NO_359
010,100000000360,AMOUNT_BLOCK,8204.200,2026-12-26,2026-12-26,MAKER_ID_360,2026-12-26,CHECKER_ID_3,2026-12-26,A,O,Y,8702,REMARKS_360,81,71,A,A,4036,CLRG,CHECK_NO_360
011,100000000361,AMOUNT_BLOCK,20835.400,2026-12-27,2026-12-27,MAKER_ID_361,2026-12-27,CHECKER_ID_3,2026-12-27,A,O,Y,8449,REMARKS_361,3,94,A,A,1119,SAV1,CHECK_NO_361
012,100000000362,AMOUNT_BLOCK,8039.600,2026-12-28,2026-12-28,MAKER_ID_362,2026-12-28,CHECKER_ID_3,2026-12-28,A,O,Y,3007,REMARKS_362,25,78,A,A,7364,CURR,CHECK_NO_362
013,100000000363,AMOUNT_BLOCK,17700.600,2026-12-29,2026-12-29,MAKER_ID_363,2026-12-29,CHECKER_ID_3,2026-12-29,A,O,Y,454,REMARKS_363,93,96,A,A,6156,LOAN,CHECK_NO_363
014,100000000364,AMOUNT_BLOCK,14160.200,2026-12-30,2026-12-30,MAKER_ID_364,2026-12-30,CHECKER_ID_3,2026-12-30,A,O,Y,6416,REMARKS_364,35,9,A,A,2256,TD01,CHECK_NO_364
015,100000000365,AMOUNT_BLOCK,5655.600,2026-12-31,2026-12-31,MAKER_ID_365,2026-12-31,CHECKER_ID_3,2026-12-31,A,O,Y,8554,REMARKS_365,95,77,A,A,3895,CARD,CHECK_NO_365
016,100000000366,AMOUNT_BLOCK,6788.900,2026-01-01,2026-01-01,MAKER_ID_366,2026-01-01,CHECKER_ID_3,2026-01-01,A,O,Y,8809,REMARKS_366,49,87,A,A,6650,CLRG,CHECK_NO_366
017,100000000367,AMOUNT_BLOCK,24462.100,2026-01-02,2026-01-02,MAKER_ID_367,2026-01-02,CHECKER_ID_3,2026-01-02,A,O,Y,7125,REMARKS_367,99,12,A,A,4194,SAV1,CHECK_NO_367
