BRN,AC_NO,EVENT_SEQ_NO,OPER_TYPE,TXN_DATE,OPER_AMT,VALUE_DATE,SETL_MODE,SETL_BRN,SETL_ACC,SETL_CCY,REMARKS,XREF,FLAG_PENALTY,ROUNDING,ROUNDING_AMT,PRIN_READJ_IND,INT_READJ_IND
001,100000000001,9031,O,2026-01-01,43431.200,2026-01-01,SET,SET,100000000001,USD,REMARKS_1,XREF_1,F,R,144362,Y,Y
002,100000000002,846,O,2026-01-02,9941.200,2026-01-02,SET,SET,100000000002,PEN,REMARKS_2,XREF_2,F,R,9101,N,N
003,100000000003,5775,O,2026-01-03,7657.400,2026-01-03,SET,SET,100000000003,EUR,REMARKS_3,XREF_3,F,R,23707,N,N
004,100000000004,9409,O,2026-01-04,6079.200,2026-01-04,SET,SET,100000000004,BRL,REMARKS_4,XREF_4,F,R,2034,N,N
005,100000000005,6554,O,2026-01-05,19673.300,2026-01-05,SET,SET,100000000005,USD,REMARKS_5,XREF_5,F,R,24681,N,N
006,100000000006,1520,O,2026-01-06,7001.300,2026-01-06,SET,SET,100000000006,PEN,REMARKS_6,XREF_6,F,R,21086,Y,Y
007,100000000007,6603,O,2026-01-07,21634.500,2026-01-07,SET,SET,100000000007,EUR,REMARKS_7,XREF_7,F,R,5080,N,N
008,100000000008,5538,O,2026-01-08,12260.500,2026-01-08,SET,SET,100000000008,BRL,REMARKS_8,XREF_8,F,R,1407,N,N
009,100000000009,905,O,2026-01-09,22784.700,2026-01-09,SET,SET,100000000009,USD,REMARKS_9,XREF_9,F,R,5216,N,N
010,100000000010,7704,O,2026-01-10,3938.500,2026-01-10,SET,SET,100000000010,PEN,REMARKS_10,XREF_10,F,R,13638,N,N
011,100000000011,6235,O,2026-01-11,20740.700,2026-01-11,SET,SET,100000000011,EUR,REMARKS_11,XREF_11,F,R,9953,Y,Y
012,100000000012,8352,O,2026-01-12,10106.400,2026-01-12,SET,SET,100000000012,BRL,REMARKS_12,XREF_12,F,R,22801,N,N
013,100000000013,4539,O,2026-01-13,4240.500,2026-01-13,SET,SET,100000000013,USD,REMARKS_13,XREF_13,F,R,23907,N,N
014,100000000014,5144,O,2026-01-14,16355.800,2026-01-14,SET,SET,100000000014,PEN,REMARKS_14,XREF_14,F,R,17877,N,N
015,100000000015,7360,O,2026-01-15,17037.000,2026-01-15,SET,SET,100000000015,EUR,REMARKS_15,XREF_15,F,R,22580,N,N
016,100000000016,7708,O,2026-01-16,22771.300,2026-01-16,SET,SET,100000000016,BRL,REMARKS_16,XREF_16,F,R,20062,Y,Y
017,100000000017,5,O,2026-01-17,23294.200,2026-01-17,SET,SET,100000000017,USD,REMARKS_17,XREF_17,F,R,24526,N,N
018,100000000018,5107,O,2026-01-18,6046.500,2026-01-18,SET,SET,100000000018,PEN,REMARKS_18,XREF_18,F,R,13802,N,N
019,100000000019,2480,O,2026-01-19,23008.700,2026-01-19,SET,SET,100000000019,EUR,REMARKS_19,XREF_19,F,R,8728,N,N
020,100000000020,1184,O,2026-01-20,12748.200,2026-01-20,SET,SET,100000000020,BRL,REMARKS_20,XREF_20,F,R,24442,N,N
021,100000000021,5900,O,2026-01-21,16088.300,2026-01-21,SET,SET,100000000021,USD,REMARKS_21,XREF_21,F,R,10007,Y,Y
022,100000000022,640,O,2026-01-22,12932.300,2026-01-22,SET,SET,100000000022,PEN,REMARKS_22,XREF_22,F,R,10201,N,N
023,100000000023,7889,O,2026-01-23,2463.600,2026-01-23,SET,SET,100000000023,EUR,REMARKS_23,XREF_23,F,R,14418,N,N
024,100000000024,7327,O,2026-01-24,13096.900,2026-01-24,SET,SET,100000000024,BRL,REMARKS_24,XREF_24,F,R,18168,N,N
025,100000000025,1788,O,2026-01-25,21693.400,2026-01-25,SET,SET,100000000025,USD,REMARKS_25,XREF_25,F,R,24632,N,N
001,100000000026,7830,O,2026-01-26,10383.700,2026-01-26,SET,SET,100000000026,PEN,REMARKS_26,XREF_26,F,R,2068,Y,Y
002,100000000027,7358,O,2026-01-27,12871.900,2026-01-27,SET,SET,100000000027,EUR,REMARKS_27,XREF_27,F,R,17834,N,N
003,100000000028,5446,O,2026-01-28,13452.800,2026-01-28,SET,SET,100000000028,BRL,REMARKS_28,XREF_28,F,R,11819,N,N
004,100000000029,5769,O,2026-01-29,14117.400,2026-01-29,SET,SET,100000000029,USD,REMARKS_29,XREF_29,F,R,13940,N,N
005,100000000030,8022,O,2026-01-30,21571.400,2026-01-30,SET,SET,100000000030,PEN,REMARKS_30,XREF_30,F,R,21315,N,N
006,100000000031,2755,O,2026-01-31,3280.300,2026-01-31,SET,SET,100000000031,EUR,REMARKS_31,XREF_31,F,R,1506,Y,Y
007,100000000032,9584,O,2026-02-01,14266.900,2026-02-01,SET,SET,100000000032,BRL,REMARKS_32,XREF_32,F,R,1211,N,N
008,100000000033,9164,O,2026-02-02,14361.000,2026-02-02,SET,SET,100000000033,USD,REMARKS_33,XREF_33,F,R,15209,N,N
009,100000000034,911,O,2026-02-03,4129.200,2026-02-03,SET,SET,100000000034,PEN,REMARKS_34,XREF_34,F,R,16030,N,N
010,100000000035,6336,O,2026-02-04,5018.100,2026-02-04,SET,SET,100000000035,EUR,REMARKS_35,XREF_35,F,R,20531,N,N
011,100000000036,9609,O,2026-02-05,9834.000,2026-02-05,SET,SET,100000000036,BRL,REMARKS_36,XREF_36,F,R,24525,Y,Y
012,100000000037,9883,O,2026-02-06,9916.700,2026-02-06,SET,SET,100000000037,USD,REMARKS_37,XREF_37,F,R,3866,N,N
013,100000000038,6209,O,2026-02-07,195092.000,2026-02-07,SET,SET,100000000038,PEN,REMARKS_38,XREF_38,F,R,88858,N,N
014,100000000039,5074,O,2026-02-08,2340.200,2026-02-08,SET,SET,100000000039,EUR,REMARKS_39,XREF_39,F,R,4250,N,N
015,100000000040,6431,O,2026-02-09,14466.200,2026-02-09,SET,SET,100000000040,BRL,REMARKS_40,XREF_40,F,R,843,N,N
016,100000000041,1474,O,2026-02-10,20798.400,2026-02-10,SET,SET,100000000041,USD,REMARKS_41,XREF_41,F,R,11437,Y,Y
017,100000000042,1007,O,2026-02-11,17936.600,2026-02-11,SET,SET,100000000042,PEN,REMARKS_42,XREF_42,F,R,9073,N,N
018,100000000043,3827,O,2026-02-12,17608.400,2026-02-12,SET,SET,100000000043,EUR,REMARKS_43,XREF_43,F,R,16880,N,N
019,100000000044,9094,O,2026-02-13,18173.900,2026-02-13,SET,SET,100000000044,BRL,REMARKS_44,XREF_44,F,R,11303,N,N
020,100000000045,8955,O,2026-02-14,2321.300,2026-02-14,SET,SET,100000000045,USD,REMARKS_45,XREF_45,F,R,6307,N,N
021,100000000046,7044,O,2026-02-15,9746.100,2026-02-15,SET,SET,100000000046,PEN,REMARKS_46,XREF_46,F,R,5153,Y,Y
022,100000000047,7608,O,2026-02-16,1835.000,2026-02-16,SET,SET,100000000047,EUR,REMARKS_47,XREF_47,F,R,14308,N,N
023,100000000048,3132,O,2026-02-17,9651.800,2026-02-17,SET,SET,100000000048,BRL,REMARKS_48,XREF_48,F,R,16111,N,N
024,100000000049,8578,O,2026-02-18,9542.200,2026-02-18,SET,SET,100000000049,USD,REMARKS_49,XREF_49,F,R,8146,N,N
025,100000000050,3045,O,2026-02-19,4311.100,2026-02-19,SET,SET,100000000050,PEN,REMARKS_50,XREF_50,F,R,15647,N,N
001,100000000051,1841,O,2026-02-20,20641.900,2026-02-20,SET,SET,100000000051,EUR,REMARKS_51,XREF_51,F,R,22171,Y,Y
002,100000000052,712,O,2026-02-21,16943.500,2026-02-21,SET,SET,100000000052,BRL,REMARKS_52,XREF_52,F,R,943,N,N
003,100000000053,7421,O,2026-02-22,18897.000,2026-02-22,SET,SET,100000000053,USD,REMARKS_53,XREF_53,F,R,395,N,N
004,100000000054,290,O,2026-02-23,2950.900,2026-02-23,SET,SET,100000000054,PEN,REMARKS_54,XREF_54,F,R,19709,N,N
005,100000000055,1299,O,2026-02-24,12350.700,2026-02-24,SET,SET,100000000055,EUR,REMARKS_55,XREF_55,F,R,9985,N,N
006,100000000056,9539,O,2026-02-25,1248.900,2026-02-25,SET,SET,100000000056,BRL,REMARKS_56,XREF_56,F,R,6427,Y,Y
007,100000000057,2490,O,2026-02-26,21152.000,2026-02-26,SET,SET,100000000057,USD,REMARKS_57,XREF_57,F,R,17431,N,N
008,100000000058,1540,O,2026-02-27,16352.200,2026-02-27,SET,SET,100000000058,PEN,REMARKS_58,XREF_58,F,R,2656,N,N
009,100000000059,5516,O,2026-02-28,8333.300,2026-02-28,SET,SET,100000000059,EUR,REMARKS_59,XREF_59,F,R,6439,N,N
010,100000000060,5416,O,2026-03-01,17508.200,2026-03-01,SET,SET,100000000060,BRL,REMARKS_60,XREF_60,F,R,4738,N,N
011,100000000061,3789,O,2026-03-02,2041.900,2026-03-02,SET,SET,100000000061,USD,REMARKS_61,XREF_61,F,R,18760,Y,Y
012,100000000062,3589,O,2026-03-03,9893.500,2026-03-03,SET,SET,100000000062,PEN,REMARKS_62,XREF_62,F,R,9025,N,N
013,100000000063,5523,O,2026-03-04,15694.800,2026-03-04,SET,SET,100000000063,EUR,REMARKS_63,XREF_63,F,R,10924,N,N
014,100000000064,2082,O,2026-03-05,14269.300,2026-03-05,SET,SET,100000000064,BRL,REMARKS_64,XREF_64,F,R,5902,N,N
015,100000000065,2521,O,2026-03-06,10856.300,2026-03-06,SET,SET,100000000065,USD,REMARKS_65,XREF_65,F,R,1168,N,N
016,100000000066,3461,O,2026-03-07,24016.200,2026-03-07,SET,SET,100000000066,PEN,REMARKS_66,XREF_66,F,R,23603,Y,Y
017,100000000067,1524,O,2026-03-08,6395.300,2026-03-08,SET,SET,100000000067,EUR,REMARKS_67,XREF_67,F,R,15424,N,N
018,100000000068,9481,O,2026-03-09,14871.400,2026-03-09,SET,SET,100000000068,BRL,REMARKS_68,XREF_68,F,R,17992,N,N
019,100000000069,2857,O,2026-03-10,19496.400,2026-03-10,SET,SET,100000000069,USD,REMARKS_69,XREF_69,F,R,22477,N,N
020,100000000070,6661,O,2026-03-11,9729.900,2026-03-11,SET,SET,100000000070,PEN,REMARKS_70,XREF_70,F,R,20101,N,N
021,100000000071,4878,O,2026-03-12,7140.600,2026-03-12,SET,SET,100000000071,EUR,REMARKS_71,XREF_71,F,R,20745,Y,Y
022,100000000072,2385,O,2026-03-13,24676.400,2026-03-13,SET,SET,100000000072,BRL,REMARKS_72,XREF_72,F,R,4549,N,N
023,100000000073,3329,O,2026-03-14,24640.900,2026-03-14,SET,SET,100000000073,USD,REMARKS_73,XREF_73,F,R,4972,N,N
024,100000000074,3820,O,2026-03-15,7536.400,2026-03-15,SET,SET,100000000074,PEN,REMARKS_74,XREF_74,F,R,11017,N,N
025,100000000075,4791,O,2026-03-16,11369.600,2026-03-16,SET,SET,100000000075,EUR,REMARKS_75,XREF_75,F,R,146637,N,N
001,100000000076,655,O,2026-03-17,9330.500,2026-03-17,SET,SET,100000000076,BRL,REMARKS_76,XREF_76,F,R,6158,Y,Y
002,100000000077,4379,O,2026-03-18,23367.000,2026-03-18,SET,SET,100000000077,USD,REMARKS_77,XREF_77,F,R,19343,N,N
003,100000000078,5798,O,2026-03-19,21600.100,2026-03-19,SET,SET,100000000078,PEN,REMARKS_78,XREF_78,F,R,3364,N,N
004,100000000079,752,O,2026-03-20,16074.500,2026-03-20,SET,SET,100000000079,EUR,REMARKS_79,XREF_79,F,R,22485,N,N
005,100000000080,7740,O,2026-03-21,7202.400,2026-03-21,SET,SET,100000000080,BRL,REMARKS_80,XREF_80,F,R,3542,N,N
006,100000000081,9951,O,2026-03-22,15398.100,2026-03-22,SET,SET,100000000081,USD,REMARKS_81,XREF_81,F,R,9126,Y,Y
007,100000000082,5670,O,2026-03-23,15887.500,2026-03-23,SET,SET,100000000082,PEN,REMARKS_82,XREF_82,F,R,14338,N,N
008,100000000083,9487,O,2026-03-24,21278.500,2026-03-24,SET,SET,100000000083,EUR,REMARKS_83,XREF_83,F,R,17610,N,N
009,100000000084,4706,O,2026-03-25,20095.500,2026-03-25,SET,SET,100000000084,BRL,REMARKS_84,XREF_84,F,R,16476,N,N
010,100000000085,8705,O,2026-03-26,23728.400,2026-03-26,SET,SET,100000000085,USD,REMARKS_85,XREF_85,F,R,12812,N,N
011,100000000086,1099,O,2026-03-27,3250.600,2026-03-27,SET,SET,100000000086,PEN,REMARKS_86,XREF_86,F,R,18242,Y,Y
012,100000000087,6692,O,2026-03-28,7225.300,2026-03-28,SET,SET,100000000087,EUR,REMARKS_87,XREF_87,F,R,17800,N,N
013,100000000088,7112,O,2026-03-29,648.900,2026-03-29,SET,SET,100000000088,BRL,REMARKS_88,XREF_88,F,R,19114,N,N
014,100000000089,3488,O,2026-03-30,5536.400,2026-03-30,SET,SET,100000000089,USD,REMARKS_89,XREF_89,F,R,19693,N,N
015,100000000090,6274,O,2026-03-31,14481.200,2026-03-31,SET,SET,100000000090,PEN,REMARKS_90,XREF_90,F,R,15241,N,N
016,100000000091,4939,O,2026-04-01,16872.600,2026-04-01,SET,SET,100000000091,EUR,REMARKS_91,XREF_91,F,R,8027,Y,Y
017,100000000092,4286,O,2026-04-02,21254.100,2026-04-02,SET,SET,100000000092,BRL,REMARKS_92,XREF_92,F,R,16212,N,N
018,100000000093,8082,O,2026-04-03,8347.700,2026-04-03,SET,SET,100000000093,USD,REMARKS_93,XREF_93,F,R,8568,N,N
019,100000000094,5030,O,2026-04-04,15860.200,2026-04-04,SET,SET,100000000094,PEN,REMARKS_94,XREF_94,F,R,13017,N,N
020,100000000095,3543,O,2026-04-05,10409.700,2026-04-05,SET,SET,100000000095,EUR,REMARKS_95,XREF_95,F,R,17476,N,N
021,100000000096,9094,O,2026-04-06,13937.600,2026-04-06,SET,SET,100000000096,BRL,REMARKS_96,XREF_96,F,R,4816,Y,Y
022,100000000097,9229,O,2026-04-07,1172.000,2026-04-07,SET,SET,100000000097,USD,REMARKS_97,XREF_97,F,R,15703,N,N
023,100000000098,86,O,2026-04-08,13227.000,2026-04-08,SET,SET,100000000098,PEN,REMARKS_98,XREF_98,F,R,23621,N,N
024,100000000099,1824,O,2026-04-09,9437.500,2026-04-09,SET,SET,100000000099,EUR,REMARKS_99,XREF_99,F,R,23298,N,N
025,100000000100,155,O,2026-04-10,2648.100,2026-04-10,SET,SET,100000000100,BRL,REMARKS_100,XREF_100,F,R,1356,N,N
001,100000000101,3235,O,2026-04-11,15246.000,2026-04-11,SET,SET,100000000101,USD,REMARKS_101,XREF_101,F,R,6360,Y,Y
002,100000000102,9296,O,2026-04-12,19085.900,2026-04-12,SET,SET,100000000102,PEN,REMARKS_102,XREF_102,F,R,5696,N,N
003,100000000103,8256,O,2026-04-13,5080.000,2026-04-13,SET,SET,100000000103,EUR,REMARKS_103,XREF_103,F,R,12739,N,N
004,100000000104,8222,O,2026-04-14,15321.400,2026-04-14,SET,SET,100000000104,BRL,REMARKS_104,XREF_104,F,R,4331,N,N
005,100000000105,2217,O,2026-04-15,18996.200,2026-04-15,SET,SET,100000000105,USD,REMARKS_105,XREF_105,F,R,19801,N,N
006,100000000106,2406,O,2026-04-16,3737.200,2026-04-16,SET,SET,100000000106,PEN,REMARKS_106,XREF_106,F,R,6548,Y,Y
007,100000000107,5778,O,2026-04-17,21807.500,2026-04-17,SET,SET,100000000107,EUR,REMARKS_107,XREF_107,F,R,4834,N,N
008,100000000108,7944,O,2026-04-18,17166.000,2026-04-18,SET,SET,100000000108,BRL,REMARKS_108,XREF_108,F,R,13913,N,N
009,100000000109,2491,O,2026-04-19,1336.600,2026-04-19,SET,SET,100000000109,USD,REMARKS_109,XREF_109,F,R,16789,N,N
010,100000000110,7011,O,2026-04-20,19015.400,2026-04-20,SET,SET,100000000110,PEN,REMARKS_110,XREF_110,F,R,5390,N,N
011,100000000111,1757,O,2026-04-21,15735.600,2026-04-21,SET,SET,100000000111,EUR,REMARKS_111,XREF_111,F,R,7477,Y,Y
012,100000000112,3629,O,2026-04-22,94826.400,2026-04-22,SET,SET,100000000112,BRL,REMARKS_112,XREF_112,F,R,46796,N,N
013,100000000113,1385,O,2026-04-23,18916.900,2026-04-23,SET,SET,100000000113,USD,REMARKS_113,XREF_113,F,R,10675,N,N
014,100000000114,3201,O,2026-04-24,4894.300,2026-04-24,SET,SET,100000000114,PEN,REMARKS_114,XREF_114,F,R,18174,N,N
015,100000000115,4839,O,2026-04-25,9921.300,2026-04-25,SET,SET,100000000115,EUR,REMARKS_115,XREF_115,F,R,8654,N,N
016,100000000116,2488,O,2026-04-26,8206.800,2026-04-26,SET,SET,100000000116,BRL,REMARKS_116,XREF_116,F,R,16512,Y,Y
017,100000000117,6002,O,2026-04-27,13292.400,2026-04-27,SET,SET,100000000117,USD,REMARKS_117,XREF_117,F,R,8434,N,N
018,100000000118,8918,O,2026-04-28,23449.000,2026-04-28,SET,SET,100000000118,PEN,REMARKS_118,XREF_118,F,R,23494,N,N
019,100000000119,9875,O,2026-04-29,23749.200,2026-04-29,SET,SET,100000000119,EUR,REMARKS_119,XREF_119,F,R,18002,N,N
020,100000000120,4464,O,2026-04-30,18347.600,2026-04-30,SET,SET,100000000120,BRL,REMARKS_120,XREF_120,F,R,11134,N,N
021,100000000121,2117,O,2026-05-01,11469.600,2026-05-01,SET,SET,100000000121,USD,REMARKS_121,XREF_121,F,R,14451,Y,Y
022,100000000122,5672,O,2026-05-02,1652.300,2026-05-02,SET,SET,100000000122,PEN,REMARKS_122,XREF_122,F,R,12969,N,N
023,100000000123,2829,O,2026-05-03,9619.300,2026-05-03,SET,SET,100000000123,EUR,REMARKS_123,XREF_123,F,R,12258,N,N
024,100000000124,9093,O,2026-05-04,6379.000,2026-05-04,SET,SET,100000000124,BRL,REMARKS_124,XREF_124,F,R,13942,N,N
025,100000000125,3102,O,2026-05-05,471.800,2026-05-05,SET,SET,100000000125,USD,REMARKS_125,XREF_125,F,R,23555,N,N
001,100000000126,8288,O,2026-05-06,6262.000,2026-05-06,SET,SET,100000000126,PEN,REMARKS_126,XREF_126,F,R,10438,Y,Y
002,100000000127,7967,O,2026-05-07,4088.100,2026-05-07,SET,SET,100000000127,EUR,REMARKS_127,XREF_127,F,R,13136,N,N
003,100000000128,4097,O,2026-05-08,19300.600,2026-05-08,SET,SET,100000000128,BRL,REMARKS_128,XREF_128,F,R,19294,N,N
004,100000000129,1085,O,2026-05-09,7332.600,2026-05-09,SET,SET,100000000129,USD,REMARKS_129,XREF_129,F,R,19926,N,N
005,100000000130,3207,O,2026-05-10,12122.900,2026-05-10,SET,SET,100000000130,PEN,REMARKS_130,XREF_130,F,R,8810,N,N
006,100000000131,76,O,2026-05-11,13112.500,2026-05-11,SET,SET,100000000131,EUR,REMARKS_131,XREF_131,F,R,14541,Y,Y
007,100000000132,4528,O,2026-05-12,18496.700,2026-05-12,SET,SET,100000000132,BRL,REMARKS_132,XREF_132,F,R,11758,N,N
008,100000000133,5490,O,2026-05-13,10102.700,2026-05-13,SET,SET,100000000133,USD,REMARKS_133,XREF_133,F,R,3708,N,N
009,100000000134,7169,O,2026-05-14,12471.200,2026-05-14,SET,SET,100000000134,PEN,REMARKS_134,XREF_134,F,R,12950,N,N
010,100000000135,625,O,2026-05-15,5332.700,2026-05-15,SET,SET,100000000135,EUR,REMARKS_135,XREF_135,F,R,7440,N,N
011,100000000136,7826,O,2026-05-16,1339.800,2026-05-16,SET,SET,100000000136,BRL,REMARKS_136,XREF_136,F,R,17218,Y,Y
012,100000000137,5901,O,2026-05-17,20870.600,2026-05-17,SET,SET,100000000137,USD,REMARKS_137,XREF_137,F,R,12588,N,N
013,100000000138,3210,O,2026-05-18,13228.800,2026-05-18,SET,SET,100000000138,PEN,REMARKS_138,XREF_138,F,R,4492,N,N
014,100000000139,298,O,2026-05-19,9993.200,2026-05-19,SET,SET,100000000139,EUR,REMARKS_139,XREF_139,F,R,18666,N,N
015,100000000140,9088,O,2026-05-20,21415.200,2026-05-20,SET,SET,100000000140,BRL,REMARKS_140,XREF_140,F,R,13402,N,N
016,100000000141,2996,O,2026-05-21,19751.700,2026-05-21,SET,SET,100000000141,USD,REMARKS_141,XREF_141,F,R,27,Y,Y
017,100000000142,2470,O,2026-05-22,13975.900,2026-05-22,SET,SET,100000000142,PEN,REMARKS_142,XREF_142,F,R,16165,N,N
018,100000000143,2003,O,2026-05-23,10782.300,2026-05-23,SET,SET,100000000143,EUR,REMARKS_143,XREF_143,F,R,14665,N,N
019,100000000144,6383,O,2026-05-24,9858.200,2026-05-24,SET,SET,100000000144,BRL,REMARKS_144,XREF_144,F,R,11234,N,N
020,100000000145,7415,O,2026-05-25,13860.600,2026-05-25,SET,SET,100000000145,USD,REMARKS_145,XREF_145,F,R,15251,N,N
021,100000000146,7975,O,2026-05-26,1077.900,2026-05-26,SET,SET,100000000146,PEN,REMARKS_146,XREF_146,F,R,9163,Y,Y
022,100000000147,6652,O,2026-05-27,17675.600,2026-05-27,SET,SET,100000000147,EUR,REMARKS_147,XREF_147,F,R,20965,N,N
023,100000000148,1067,O,2026-05-28,20888.600,2026-05-28,SET,SET,100000000148,BRL,REMARKS_148,XREF_148,F,R,11117,N,N
024,100000000149,2359,O,2026-05-29,87062.400,2026-05-29,SET,SET,100000000149,USD,REMARKS_149,XREF_149,F,R,155624,N,N
025,100000000150,9833,O,2026-05-30,292.500,2026-05-30,SET,SET,100000000150,PEN,REMARKS_150,XREF_150,F,R,4132,N,N
001,100000000151,219,O,2026-05-31,5825.000,2026-05-31,SET,SET,100000000151,EUR,REMARKS_151,XREF_151,F,R,16601,Y,Y
002,100000000152,3273,O,2026-06-01,5491.500,2026-06-01,SET,SET,100000000152,BRL,REMARKS_152,XREF_152,F,R,14598,N,N
003,100000000153,125,O,2026-06-02,1491.700,2026-06-02,SET,SET,100000000153,USD,REMARKS_153,XREF_153,F,R,3554,N,N
004,100000000154,9077,O,2026-06-03,12985.900,2026-06-03,SET,SET,100000000154,PEN,REMARKS_154,XREF_154,F,R,15302,N,N
005,100000000155,2593,O,2026-06-04,2029.700,2026-06-04,SET,SET,100000000155,EUR,REMARKS_155,XREF_155,F,R,16678,N,N
006,100000000156,9797,O,2026-06-05,15642.800,2026-06-05,SET,SET,100000000156,BRL,REMARKS_156,XREF_156,F,R,2286,Y,Y
007,100000000157,969,O,2026-06-06,22764.800,2026-06-06,SET,SET,100000000157,USD,REMARKS_157,XREF_157,F,R,19042,N,N
008,100000000158,4441,O,2026-06-07,8664.500,2026-06-07,SET,SET,100000000158,PEN,REMARKS_158,XREF_158,F,R,12122,N,N
009,100000000159,3921,O,2026-06-08,24797.000,2026-06-08,SET,SET,100000000159,EUR,REMARKS_159,XREF_159,F,R,21202,N,N
010,100000000160,1877,O,2026-06-09,17489.900,2026-06-09,SET,SET,100000000160,BRL,REMARKS_160,XREF_160,F,R,20210,N,N
011,100000000161,7691,O,2026-06-10,19857.300,2026-06-10,SET,SET,100000000161,USD,REMARKS_161,XREF_161,F,R,15829,Y,Y
012,100000000162,8441,O,2026-06-11,18672.000,2026-06-11,SET,SET,100000000162,PEN,REMARKS_162,XREF_162,F,R,815,N,N
013,100000000163,6332,O,2026-06-12,20024.700,2026-06-12,SET,SET,100000000163,EUR,REMARKS_163,XREF_163,F,R,16658,N,N
014,100000000164,6798,O,2026-06-13,10489.300,2026-06-13,SET,SET,100000000164,BRL,REMARKS_164,XREF_164,F,R,17787,N,N
015,100000000165,659,O,2026-06-14,14360.900,2026-06-14,SET,SET,100000000165,USD,REMARKS_165,XREF_165,F,R,16907,N,N
016,100000000166,3440,O,2026-06-15,3562.600,2026-06-15,SET,SET,100000000166,PEN,REMARKS_166,XREF_166,F,R,17225,Y,Y
017,100000000167,2561,O,2026-06-16,9889.400,2026-06-16,SET,SET,100000000167,EUR,REMARKS_167,XREF_167,F,R,3015,N,N
018,100000000168,507,O,2026-06-17,2586.100,2026-06-17,SET,SET,100000000168,BRL,REMARKS_168,XREF_168,F,R,20160,N,N
019,100000000169,7628,O,2026-06-18,16271.800,2026-06-18,SET,SET,100000000169,USD,REMARKS_169,XREF_169,F,R,22509,N,N
020,100000000170,4937,O,2026-06-19,12028.200,2026-06-19,SET,SET,100000000170,PEN,REMARKS_170,XREF_170,F,R,23103,N,N
021,100000000171,9773,O,2026-06-20,23355.000,2026-06-20,SET,SET,100000000171,EUR,REMARKS_171,XREF_171,F,R,21692,Y,Y
022,100000000172,1204,O,2026-06-21,10098.200,2026-06-21,SET,SET,100000000172,BRL,REMARKS_172,XREF_172,F,R,20054,N,N
023,100000000173,9221,O,2026-06-22,1687.200,2026-06-22,SET,SET,100000000173,USD,REMARKS_173,XREF_173,F,R,3373,N,N
024,100000000174,4722,O,2026-06-23,9501.700,2026-06-23,SET,SET,100000000174,PEN,REMARKS_174,XREF_174,F,R,18452,N,N
025,100000000175,8895,O,2026-06-24,13102.200,2026-06-24,SET,SET,100000000175,EUR,REMARKS_175,XREF_175,F,R,1584,N,N
001,100000000176,3578,O,2026-06-25,13715.100,2026-06-25,SET,SET,100000000176,BRL,REMARKS_176,XREF_176,F,R,6622,Y,Y
002,100000000177,1369,O,2026-06-26,10512.000,2026-06-26,SET,SET,100000000177,USD,REMARKS_177,XREF_177,F,R,6887,N,N
003,100000000178,8680,O,2026-06-27,12710.200,2026-06-27,SET,SET,100000000178,PEN,REMARKS_178,XREF_178,F,R,11744,N,N
004,100000000179,1564,O,2026-06-28,7459.200,2026-06-28,SET,SET,100000000179,EUR,REMARKS_179,XREF_179,F,R,6770,N,N
005,100000000180,1380,O,2026-06-29,16713.000,2026-06-29,SET,SET,100000000180,BRL,REMARKS_180,XREF_180,F,R,16290,N,N
006,100000000181,6051,O,2026-06-30,11940.200,2026-06-30,SET,SET,100000000181,USD,REMARKS_181,XREF_181,F,R,13859,Y,Y
007,100000000182,5253,O,2026-07-01,15350.900,2026-07-01,SET,SET,100000000182,PEN,REMARKS_182,XREF_182,F,R,17933,N,N
008,100000000183,478,O,2026-07-02,4433.700,2026-07-02,SET,SET,100000000183,EUR,REMARKS_183,XREF_183,F,R,6697,N,N
009,100000000184,5783,O,2026-07-03,1743.700,2026-07-03,SET,SET,100000000184,BRL,REMARKS_184,XREF_184,F,R,22756,N,N
010,100000000185,7381,O,2026-07-04,23865.500,2026-07-04,SET,SET,100000000185,USD,REMARKS_185,XREF_185,F,R,3135,N,N
011,100000000186,8845,O,2026-07-05,55470.400,2026-07-05,SET,SET,100000000186,PEN,REMARKS_186,XREF_186,F,R,100256,Y,Y
012,100000000187,3274,O,2026-07-06,21542.500,2026-07-06,SET,SET,100000000187,EUR,REMARKS_187,XREF_187,F,R,14325,N,N
013,100000000188,3201,O,2026-07-07,10018.900,2026-07-07,SET,SET,100000000188,BRL,REMARKS_188,XREF_188,F,R,2889,N,N
014,100000000189,9699,O,2026-07-08,7198.200,2026-07-08,SET,SET,100000000189,USD,REMARKS_189,XREF_189,F,R,17813,N,N
015,100000000190,915,O,2026-07-09,10880.200,2026-07-09,SET,SET,100000000190,PEN,REMARKS_190,XREF_190,F,R,22105,N,N
016,100000000191,8314,O,2026-07-10,11513.400,2026-07-10,SET,SET,100000000191,EUR,REMARKS_191,XREF_191,F,R,8954,Y,Y
017,100000000192,2895,O,2026-07-11,9358.500,2026-07-11,SET,SET,100000000192,BRL,REMARKS_192,XREF_192,F,R,5888,N,N
018,100000000193,7988,O,2026-07-12,12431.600,2026-07-12,SET,SET,100000000193,USD,REMARKS_193,XREF_193,F,R,17059,N,N
019,100000000194,982,O,2026-07-13,17628.900,2026-07-13,SET,SET,100000000194,PEN,REMARKS_194,XREF_194,F,R,16775,N,N
020,100000000195,9605,O,2026-07-14,17301.000,2026-07-14,SET,SET,100000000195,EUR,REMARKS_195,XREF_195,F,R,8849,N,N
021,100000000196,6171,O,2026-07-15,17321.400,2026-07-15,SET,SET,100000000196,BRL,REMARKS_196,XREF_196,F,R,24145,Y,Y
022,100000000197,5733,O,2026-07-16,24068.300,2026-07-16,SET,SET,100000000197,USD,REMARKS_197,XREF_197,F,R,6566,N,N
023,100000000198,2588,O,2026-07-17,20318.300,2026-07-17,SET,SET,100000000198,PEN,REMARKS_198,XREF_198,F,R,7768,N,N
024,100000000199,8607,O,2026-07-18,561.800,2026-07-18,SET,SET,100000000199,EUR,REMARKS_199,XREF_199,F,R,13314,N,N
025,100000000200,6921,O,2026-07-19,85.200,2026-07-19,SET,SET,100000000200,BRL,REMARKS_200,XREF_200,F,R,6571,N,N
001,100000000201,3063,O,2026-07-20,7901.700,2026-07-20,SET,SET,100000000201,USD,REMARKS_201,XREF_201,F,R,8536,Y,Y
002,100000000202,7761,O,2026-07-21,21811.400,2026-07-21,SET,SET,100000000202,PEN,REMARKS_202,XREF_202,F,R,4408,N,N
003,100000000203,1904,O,2026-07-22,11307.100,2026-07-22,SET,SET,100000000203,EUR,REMARKS_203,XREF_203,F,R,21795,N,N
004,100000000204,2541,O,2026-07-23,7017.900,2026-07-23,SET,SET,100000000204,BRL,REMARKS_204,XREF_204,F,R,9112,N,N
005,100000000205,4522,O,2026-07-24,15126.100,2026-07-24,SET,SET,100000000205,USD,REMARKS_205,XREF_205,F,R,5961,N,N
006,100000000206,7368,O,2026-07-25,10854.500,2026-07-25,SET,SET,100000000206,PEN,REMARKS_206,XREF_206,F,R,14522,Y,Y
007,100000000207,6899,O,2026-07-26,17999.200,2026-07-26,SET,SET,100000000207,EUR,REMARKS_207,XREF_207,F,R,8030,N,N
008,100000000208,3967,O,2026-07-27,5285.300,2026-07-27,SET,SET,100000000208,BRL,REMARKS_208,XREF_208,F,R,21578,N,N
009,100000000209,8287,O,2026-07-28,1914.800,2026-07-28,SET,SET,100000000209,USD,REMARKS_209,XREF_209,F,R,17147,N,N
010,100000000210,1248,O,2026-07-29,5944.700,2026-07-29,SET,SET,100000000210,PEN,REMARKS_210,XREF_210,F,R,1499,N,N
011,100000000211,4992,O,2026-07-30,9586.600,2026-07-30,SET,SET,100000000211,EUR,REMARKS_211,XREF_211,F,R,14174,Y,Y
012,100000000212,5355,O,2026-07-31,23278.300,2026-07-31,SET,SET,100000000212,BRL,REMARKS_212,XREF_212,F,R,6960,N,N
013,100000000213,6365,O,2026-08-01,176.100,2026-08-01,SET,SET,100000000213,USD,REMARKS_213,XREF_213,F,R,24367,N,N
014,100000000214,9713,O,2026-08-02,3669.600,2026-08-02,SET,SET,100000000214,PEN,REMARKS_214,XREF_214,F,R,20394,N,N
015,100000000215,8427,O,2026-08-03,9068.800,2026-08-03,SET,SET,100000000215,EUR,REMARKS_215,XREF_215,F,R,4456,N,N
016,100000000216,8090,O,2026-08-04,12982.900,2026-08-04,SET,SET,100000000216,BRL,REMARKS_216,XREF_216,F,R,18323,Y,Y
017,100000000217,7235,O,2026-08-05,10126.600,2026-08-05,SET,SET,100000000217,USD,REMARKS_217,XREF_217,F,R,15636,N,N
018,100000000218,1590,O,2026-08-06,1427.100,2026-08-06,SET,SET,100000000218,PEN,REMARKS_218,XREF_218,F,R,19679,N,N
019,100000000219,7032,O,2026-08-07,22591.000,2026-08-07,SET,SET,100000000219,EUR,REMARKS_219,XREF_219,F,R,553,N,N
020,100000000220,4148,O,2026-08-08,19835.000,2026-08-08,SET,SET,100000000220,BRL,REMARKS_220,XREF_220,F,R,6331,N,N
021,100000000221,2508,O,2026-08-09,20358.500,2026-08-09,SET,SET,100000000221,USD,REMARKS_221,XREF_221,F,R,20053,Y,Y
022,100000000222,971,O,2026-08-10,6614.400,2026-08-10,SET,SET,100000000222,PEN,REMARKS_222,XREF_222,F,R,24271,N,N
023,100000000223,8236,O,2026-08-11,130997.600,2026-08-11,SET,SET,100000000223,EUR,REMARKS_223,XREF_223,F,R,5202,N,N
024,100000000224,9576,O,2026-08-12,1776.700,2026-08-12,SET,SET,100000000224,BRL,REMARKS_224,XREF_224,F,R,3989,N,N
025,100000000225,5830,O,2026-08-13,15082.700,2026-08-13,SET,SET,100000000225,USD,REMARKS_225,XREF_225,F,R,19647,N,N
001,100000000226,1571,O,2026-08-14,19125.800,2026-08-14,SET,SET,100000000226,PEN,REMARKS_226,XREF_226,F,R,18052,Y,Y
002,100000000227,4612,O,2026-08-15,6702.200,2026-08-15,SET,SET,100000000227,EUR,REMARKS_227,XREF_227,F,R,24948,N,N
003,100000000228,3857,O,2026-08-16,4674.100,2026-08-16,SET,SET,100000000228,BRL,REMARKS_228,XREF_228,F,R,8210,N,N
004,100000000229,8153,O,2026-08-17,22450.400,2026-08-17,SET,SET,100000000229,USD,REMARKS_229,XREF_229,F,R,2210,N,N
005,100000000230,1711,O,2026-08-18,8006.400,2026-08-18,SET,SET,100000000230,PEN,REMARKS_230,XREF_230,F,R,22154,N,N
006,100000000231,6281,O,2026-08-19,4773.000,2026-08-19,SET,SET,100000000231,EUR,REMARKS_231,XREF_231,F,R,15971,Y,Y
007,100000000232,3193,O,2026-08-20,10052.600,2026-08-20,SET,SET,100000000232,BRL,REMARKS_232,XREF_232,F,R,24092,N,N
008,100000000233,8985,O,2026-08-21,20622.600,2026-08-21,SET,SET,100000000233,USD,REMARKS_233,XREF_233,F,R,17596,N,N
009,100000000234,319,O,2026-08-22,2879.100,2026-08-22,SET,SET,100000000234,PEN,REMARKS_234,XREF_234,F,R,7179,N,N
010,100000000235,8136,O,2026-08-23,18002.400,2026-08-23,SET,SET,100000000235,EUR,REMARKS_235,XREF_235,F,R,5949,N,N
011,100000000236,6283,O,2026-08-24,9452.800,2026-08-24,SET,SET,100000000236,BRL,REMARKS_236,XREF_236,F,R,24038,Y,Y
012,100000000237,4475,O,2026-08-25,21642.500,2026-08-25,SET,SET,100000000237,USD,REMARKS_237,XREF_237,F,R,14944,N,N
013,100000000238,4038,O,2026-08-26,684.800,2026-08-26,SET,SET,100000000238,PEN,REMARKS_238,XREF_238,F,R,13700,N,N
014,100000000239,7281,O,2026-08-27,6163.300,2026-08-27,SET,SET,100000000239,EUR,REMARKS_239,XREF_239,F,R,14075,N,N
015,100000000240,9189,O,2026-08-28,366.000,2026-08-28,SET,SET,100000000240,BRL,REMARKS_240,XREF_240,F,R,12088,N,N
016,100000000241,8618,O,2026-08-29,2844.200,2026-08-29,SET,SET,100000000241,USD,REMARKS_241,XREF_241,F,R,23639,Y,Y
017,100000000242,9149,O,2026-08-30,16077.700,2026-08-30,SET,SET,100000000242,PEN,REMARKS_242,XREF_242,F,R,11690,N,N
018,100000000243,9654,O,2026-08-31,18661.700,2026-08-31,SET,SET,100000000243,EUR,REMARKS_243,XREF_243,F,R,17942,N,N
019,100000000244,745,O,2026-09-01,13386.300,2026-09-01,SET,SET,100000000244,BRL,REMARKS_244,XREF_244,F,R,14992,N,N
020,100000000245,5183,O,2026-09-02,1935.200,2026-09-02,SET,SET,100000000245,USD,REMARKS_245,XREF_245,F,R,20799,N,N
021,100000000246,2161,O,2026-09-03,3598.500,2026-09-03,SET,SET,100000000246,PEN,REMARKS_246,XREF_246,F,R,14780,Y,Y
022,100000000247,3871,O,2026-09-04,18052.100,2026-09-04,SET,SET,100000000247,EUR,REMARKS_247,XREF_247,F,R,1937,N,N
023,100000000248,7858,O,2026-09-05,13228.400,2026-09-05,SET,SET,100000000248,BRL,REMARKS_248,XREF_248,F,R,1491,N,N
024,100000000249,5663,O,2026-09-06,17336.200,2026-09-06,SET,SET,100000000249,USD,REMARKS_249,XREF_249,F,R,16388,N,N
025,100000000250,7749,O,2026-09-07,19674.800,2026-09-07,SET,SET,100000000250,PEN,REMARKS_250,XREF_250,F,R,15508,N,N
001,100000000251,4865,O,2026-09-08,7314.100,2026-09-08,SET,SET,100000000251,EUR,REMARKS_251,XREF_251,F,R,11862,Y,Y
002,100000000252,5819,O,2026-09-09,3104.100,2026-09-09,SET,SET,100000000252,BRL,REMARKS_252,XREF_252,F,R,3164,N,N
003,100000000253,3036,O,2026-09-10,8284.600,2026-09-10,SET,SET,100000000253,USD,REMARKS_253,XREF_253,F,R,24871,N,N
004,100000000254,3472,O,2026-09-11,18360.000,2026-09-11,SET,SET,100000000254,PEN,REMARKS_254,XREF_254,F,R,2176,N,N
005,100000000255,7785,O,2026-09-12,10436.900,2026-09-12,SET,SET,100000000255,EUR,REMARKS_255,XREF_255,F,R,6992,N,N
006,100000000256,8131,O,2026-09-13,24967.400,2026-09-13,SET,SET,100000000256,BRL,REMARKS_256,XREF_256,F,R,5746,Y,Y
007,100000000257,8880,O,2026-09-14,21049.800,2026-09-14,SET,SET,100000000257,USD,REMARKS_257,XREF_257,F,R,11967,N,N
008,100000000258,4799,O,2026-09-15,16127.900,2026-09-15,SET,SET,100000000258,PEN,REMARKS_258,XREF_258,F,R,16507,N,N
009,100000000259,8052,O,2026-09-16,20880.100,2026-09-16,SET,SET,100000000259,EUR,REMARKS_259,XREF_259,F,R,10360,N,N
010,100000000260,5651,O,2026-09-17,195365.600,2026-09-17,SET,SET,100000000260,BRL,REMARKS_260,XREF_260,F,R,104398,N,N
011,100000000261,5843,O,2026-09-18,21929.100,2026-09-18,SET,SET,100000000261,USD,REMARKS_261,XREF_261,F,R,20298,Y,Y
012,100000000262,8948,O,2026-09-19,3124.000,2026-09-19,SET,SET,100000000262,PEN,REMARKS_262,XREF_262,F,R,17482,N,N
013,100000000263,4789,O,2026-09-20,9262.000,2026-09-20,SET,SET,100000000263,EUR,REMARKS_263,XREF_263,F,R,23848,N,N
014,100000000264,5983,O,2026-09-21,17672.300,2026-09-21,SET,SET,100000000264,BRL,REMARKS_264,XREF_264,F,R,11166,N,N
015,100000000265,4288,O,2026-09-22,4261.400,2026-09-22,SET,SET,100000000265,USD,REMARKS_265,XREF_265,F,R,20877,N,N
016,100000000266,3225,O,2026-09-23,9832.700,2026-09-23,SET,SET,100000000266,PEN,REMARKS_266,XREF_266,F,R,17505,Y,Y
017,100000000267,6471,O,2026-09-24,17132.400,2026-09-24,SET,SET,100000000267,EUR,REMARKS_267,XREF_267,F,R,14324,N,N
018,100000000268,4744,O,2026-09-25,2940.300,2026-09-25,SET,SET,100000000268,BRL,REMARKS_268,XREF_268,F,R,5997,N,N
019,100000000269,4720,O,2026-09-26,10243.900,2026-09-26,SET,SET,100000000269,USD,REMARKS_269,XREF_269,F,R,5488,N,N
020,100000000270,2511,O,2026-09-27,6248.600,2026-09-27,SET,SET,100000000270,PEN,REMARKS_270,XREF_270,F,R,20262,N,N
021,100000000271,4980,O,2026-09-28,7224.800,2026-09-28,SET,SET,100000000271,EUR,REMARKS_271,XREF_271,F,R,2243,Y,Y
022,100000000272,5496,O,2026-09-29,15726.300,2026-09-29,SET,SET,100000000272,BRL,REMARKS_272,XREF_272,F,R,6293,N,N
023,100000000273,9762,O,2026-09-30,19691.800,2026-09-30,SET,SET,100000000273,USD,REMARKS_273,XREF_273,F,R,12452,N,N
024,100000000274,146,O,2026-10-01,8470.900,2026-10-01,SET,SET,100000000274,PEN,REMARKS_274,XREF_274,F,R,8952,N,N
025,100000000275,7565,O,2026-10-02,4902.200,2026-10-02,SET,SET,100000000275,EUR,REMARKS_275,XREF_275,F,R,16222,N,N
001,100000000276,9554,O,2026-10-03,6655.600,2026-10-03,SET,SET,100000000276,BRL,REMARKS_276,XREF_276,F,R,10515,Y,Y
002,100000000277,2433,O,2026-10-04,19557.200,2026-10-04,SET,SET,100000000277,USD,REMARKS_277,XREF_277,F,R,13329,N,N
003,100000000278,1258,O,2026-10-05,3921.300,2026-10-05,SET,SET,100000000278,PEN,REMARKS_278,XREF_278,F,R,13978,N,N
004,100000000279,415,O,2026-10-06,17301.100,2026-10-06,SET,SET,100000000279,EUR,REMARKS_279,XREF_279,F,R,22477,N,N
005,100000000280,5843,O,2026-10-07,20457.800,2026-10-07,SET,SET,100000000280,BRL,REMARKS_280,XREF_280,F,R,1392,N,N
006,100000000281,4907,O,2026-10-08,20716.200,2026-10-08,SET,SET,100000000281,USD,REMARKS_281,XREF_281,F,R,19530,Y,Y
007,100000000282,1333,O,2026-10-09,24027.000,2026-10-09,SET,SET,100000000282,PEN,REMARKS_282,XREF_282,F,R,16820,N,N
008,100000000283,7451,O,2026-10-10,13400.300,2026-10-10,SET,SET,100000000283,EUR,REMARKS_283,XREF_283,F,R,15262,N,N
009,100000000284,738,O,2026-10-11,1274.200,2026-10-11,SET,SET,100000000284,BRL,REMARKS_284,XREF_284,F,R,1403,N,N
010,100000000285,2544,O,2026-10-12,6538.900,2026-10-12,SET,SET,100000000285,USD,REMARKS_285,XREF_285,F,R,8937,N,N
011,100000000286,8153,O,2026-10-13,10405.400,2026-10-13,SET,SET,100000000286,PEN,REMARKS_286,XREF_286,F,R,3933,Y,Y
012,100000000287,5948,O,2026-10-14,5344.300,2026-10-14,SET,SET,100000000287,EUR,REMARKS_287,XREF_287,F,R,23895,N,N
013,100000000288,6141,O,2026-10-15,9276.500,2026-10-15,SET,SET,100000000288,BRL,REMARKS_288,XREF_288,F,R,17357,N,N
014,100000000289,7416,O,2026-10-16,23464.300,2026-10-16,SET,SET,100000000289,USD,REMARKS_289,XREF_289,F,R,8698,N,N
015,100000000290,8078,O,2026-10-17,10624.100,2026-10-17,SET,SET,100000000290,PEN,REMARKS_290,XREF_290,F,R,16671,N,N
016,100000000291,5536,O,2026-10-18,15986.500,2026-10-18,SET,SET,100000000291,EUR,REMARKS_291,XREF_291,F,R,7804,Y,Y
017,100000000292,2441,O,2026-10-19,12001.600,2026-10-19,SET,SET,100000000292,BRL,REMARKS_292,XREF_292,F,R,11775,N,N
018,100000000293,8666,O,2026-10-20,457.400,2026-10-20,SET,SET,100000000293,USD,REMARKS_293,XREF_293,F,R,6282,N,N
019,100000000294,6388,O,2026-10-21,18951.900,2026-10-21,SET,SET,100000000294,PEN,REMARKS_294,XREF_294,F,R,1779,N,N
020,100000000295,1739,O,2026-10-22,10672.500,2026-10-22,SET,SET,100000000295,EUR,REMARKS_295,XREF_295,F,R,17839,N,N
021,100000000296,2421,O,2026-10-23,11213.700,2026-10-23,SET,SET,100000000296,BRL,REMARKS_296,XREF_296,F,R,18775,Y,Y
022,100000000297,4227,O,2026-10-24,129901.600,2026-10-24,SET,SET,100000000297,USD,REMARKS_297,XREF_297,F,R,145924,N,N
023,100000000298,2559,O,2026-10-25,2769.000,2026-10-25,SET,SET,100000000298,PEN,REMARKS_298,XREF_298,F,R,16391,N,N
024,100000000299,8662,O,2026-10-26,13662.500,2026-10-26,SET,SET,100000000299,EUR,REMARKS_299,XREF_299,F,R,21327,N,N
025,100000000300,5036,O,2026-10-27,21011.100,2026-10-27,SET,SET,100000000300,BRL,REMARKS_300,XREF_300,F,R,172,N,N
001,100000000301,9168,O,2026-10-28,1740.800,2026-10-28,SET,SET,100000000301,USD,REMARKS_301,XREF_301,F,R,5381,Y,Y
002,100000000302,4867,O,2026-10-29,18566.500,2026-10-29,SET,SET,100000000302,PEN,REMARKS_302,XREF_302,F,R,11184,N,N
003,100000000303,8372,O,2026-10-30,4341.100,2026-10-30,SET,SET,100000000303,EUR,REMARKS_303,XREF_303,F,R,13857,N,N
004,100000000304,7245,O,2026-10-31,2399.700,2026-10-31,SET,SET,100000000304,BRL,REMARKS_304,XREF_304,F,R,19369,N,N
005,100000000305,1595,O,2026-11-01,18239.400,2026-11-01,SET,SET,100000000305,USD,REMARKS_305,XREF_305,F,R,6924,N,N
006,100000000306,8429,O,2026-11-02,10235.500,2026-11-02,SET,SET,100000000306,PEN,REMARKS_306,XREF_306,F,R,13007,Y,Y
007,100000000307,5738,O,2026-11-03,7776.600,2026-11-03,SET,SET,100000000307,EUR,REMARKS_307,XREF_307,F,R,20278,N,N
008,100000000308,19,O,2026-11-04,20970.600,2026-11-04,SET,SET,100000000308,BRL,REMARKS_308,XREF_308,F,R,4790,N,N
009,100000000309,306,O,2026-11-05,19804.000,2026-11-05,SET,SET,100000000309,USD,REMARKS_309,XREF_309,F,R,4467,N,N
010,100000000310,5499,O,2026-11-06,15766.600,2026-11-06,SET,SET,100000000310,PEN,REMARKS_310,XREF_310,F,R,20927,N,N
011,100000000311,2731,O,2026-11-07,7134.600,2026-11-07,SET,SET,100000000311,EUR,REMARKS_311,XREF_311,F,R,2816,Y,Y
012,100000000312,2673,O,2026-11-08,14929.800,2026-11-08,SET,SET,100000000312,BRL,REMARKS_312,XREF_312,F,R,10467,N,N
013,100000000313,5029,O,2026-11-09,21462.100,2026-11-09,SET,SET,100000000313,USD,REMARKS_313,XREF_313,F,R,22989,N,N
014,100000000314,1023,O,2026-11-10,12966.500,2026-11-10,SET,SET,100000000314,PEN,REMARKS_314,XREF_314,F,R,16112,N,N
015,100000000315,9290,O,2026-11-11,953.900,2026-11-11,SET,SET,100000000315,EUR,REMARKS_315,XREF_315,F,R,7178,N,N
016,100000000316,1404,O,2026-11-12,18508.300,2026-11-12,SET,SET,100000000316,BRL,REMARKS_316,XREF_316,F,R,16317,Y,Y
017,100000000317,6155,O,2026-11-13,4529.500,2026-11-13,SET,SET,100000000317,USD,REMARKS_317,XREF_317,F,R,9470,N,N
018,100000000318,4669,O,2026-11-14,3774.700,2026-11-14,SET,SET,100000000318,PEN,REMARKS_318,XREF_318,F,R,16395,N,N
019,100000000319,2314,O,2026-11-15,10746.400,2026-11-15,SET,SET,100000000319,EUR,REMARKS_319,XREF_319,F,R,23820,N,N
020,100000000320,3387,O,2026-11-16,11566.200,2026-11-16,SET,SET,100000000320,BRL,REMARKS_320,XREF_320,F,R,21243,N,N
021,100000000321,6361,O,2026-11-17,5929.500,2026-11-17,SET,SET,100000000321,USD,REMARKS_321,XREF_321,F,R,1982,Y,Y
022,100000000322,7969,O,2026-11-18,7753.800,2026-11-18,SET,SET,100000000322,PEN,REMARKS_322,XREF_322,F,R,8251,N,N
023,100000000323,6617,O,2026-11-19,15219.500,2026-11-19,SET,SET,100000000323,EUR,REMARKS_323,XREF_323,F,R,1356,N,N
024,100000000324,9459,O,2026-11-20,6152.400,2026-11-20,SET,SET,100000000324,BRL,REMARKS_324,XREF_324,F,R,22254,N,N
025,100000000325,9339,O,2026-11-21,21643.400,2026-11-21,SET,SET,100000000325,USD,REMARKS_325,XREF_325,F,R,14699,N,N
001,100000000326,6274,O,2026-11-22,1502.600,2026-11-22,SET,SET,100000000326,PEN,REMARKS_326,XREF_326,F,R,21826,Y,Y
002,100000000327,2326,O,2026-11-23,21886.100,2026-11-23,SET,SET,100000000327,EUR,REMARKS_327,XREF_327,F,R,16349,N,N
003,100000000328,1956,O,2026-11-24,21415.000,2026-11-24,SET,SET,100000000328,BRL,REMARKS_328,XREF_328,F,R,14098,N,N
004,100000000329,3840,O,2026-11-25,13260.700,2026-11-25,SET,SET,100000000329,USD,REMARKS_329,XREF_329,F,R,17208,N,N
005,100000000330,1507,O,2026-11-26,2207.700,2026-11-26,SET,SET,100000000330,PEN,REMARKS_330,XREF_330,F,R,16586,N,N
006,100000000331,5993,O,2026-11-27,23719.400,2026-11-27,SET,SET,100000000331,EUR,REMARKS_331,XREF_331,F,R,22623,Y,Y
007,100000000332,4636,O,2026-11-28,9995.900,2026-11-28,SET,SET,100000000332,BRL,REMARKS_332,XREF_332,F,R,19780,N,N
008,100000000333,9163,O,2026-11-29,4737.100,2026-11-29,SET,SET,100000000333,USD,REMARKS_333,XREF_333,F,R,5545,N,N
009,100000000334,4999,O,2026-11-30,164713.600,2026-11-30,SET,SET,100000000334,PEN,REMARKS_334,XREF_334,F,R,93804,N,N
010,100000000335,6088,O,2026-12-01,18017.400,2026-12-01,SET,SET,100000000335,EUR,REMARKS_335,XREF_335,F,R,14605,N,N
011,100000000336,821,O,2026-12-02,9756.400,2026-12-02,SET,SET,100000000336,BRL,REMARKS_336,XREF_336,F,R,19716,Y,Y
012,100000000337,7030,O,2026-12-03,14808.100,2026-12-03,SET,SET,100000000337,USD,REMARKS_337,XREF_337,F,R,19599,N,N
013,100000000338,7729,O,2026-12-04,10904.000,2026-12-04,SET,SET,100000000338,PEN,REMARKS_338,XREF_338,F,R,3348,N,N
014,100000000339,137,O,2026-12-05,13888.600,2026-12-05,SET,SET,100000000339,EUR,REMARKS_339,XREF_339,F,R,4024,N,N
015,100000000340,9804,O,2026-12-06,12794.200,2026-12-06,SET,SET,100000000340,BRL,REMARKS_340,XREF_340,F,R,9500,N,N
016,100000000341,9599,O,2026-12-07,22608.900,2026-12-07,SET,SET,100000000341,USD,REMARKS_341,XREF_341,F,R,4847,Y,Y
017,100000000342,9946,O,2026-12-08,10987.500,2026-12-08,SET,SET,100000000342,PEN,REMARKS_342,XREF_342,F,R,12835,N,N
018,100000000343,5952,O,2026-12-09,4501.400,2026-12-09,SET,SET,100000000343,EUR,REMARKS_343,XREF_343,F,R,3412,N,N
019,100000000344,8193,O,2026-12-10,5761.300,2026-12-10,SET,SET,100000000344,BRL,REMARKS_344,XREF_344,F,R,20467,N,N
020,100000000345,5879,O,2026-12-11,5180.300,2026-12-11,SET,SET,100000000345,USD,REMARKS_345,XREF_345,F,R,10221,N,N
021,100000000346,5554,O,2026-12-12,5780.100,2026-12-12,SET,SET,100000000346,PEN,REMARKS_346,XREF_346,F,R,24213,Y,Y
022,100000000347,9887,O,2026-12-13,10797.800,2026-12-13,SET,SET,100000000347,EUR,REMARKS_347,XREF_347,F,R,21829,N,N
023,100000000348,7233,O,2026-12-14,2889.100,2026-12-14,SET,SET,100000000348,BRL,REMARKS_348,XREF_348,F,R,18208,N,N
024,100000000349,9487,O,2026-12-15,10448.500,2026-12-15,SET,SET,100000000349,USD,REMARKS_349,XREF_349,F,R,21528,N,N
025,100000000350,2247,O,2026-12-16,6872.100,2026-12-16,SET,SET,100000000350,PEN,REMARKS_350,XREF_350,F,R,2033,N,N
001,100000000351,1994,O,2026-12-17,11821.800,2026-12-17,SET,SET,100000000351,EUR,REMARKS_351,XREF_351,F,R,24392,Y,Y
002,100000000352,3616,O,2026-12-18,2639.400,2026-12-18,SET,SET,100000000352,BRL,REMARKS_352,XREF_352,F,R,2238,N,N
003,100000000353,3109,O,2026-12-19,8547.500,2026-12-19,SET,SET,100000000353,USD,REMARKS_353,XREF_353,F,R,2483,N,N
004,100000000354,9569,O,2026-12-20,16777.200,2026-12-20,SET,SET,100000000354,PEN,REMARKS_354,XREF_354,F,R,2213,N,N
005,100000000355,7090,O,2026-12-21,8587.200,2026-12-21,SET,SET,100000000355,EUR,REMARKS_355,XREF_355,F,R,83,N,N
006,100000000356,343,O,2026-12-22,2314.700,2026-12-22,SET,SET,100000000356,BRL,REMARKS_356,XREF_356,F,R,10154,Y,Y
007,100000000357,420,O,2026-12-23,18566.000,2026-12-23,SET,SET,100000000357,USD,REMARKS_357,XREF_357,F,R,6085,N,N
008,100000000358,8467,O,2026-12-24,23243.200,2026-12-24,SET,SET,100000000358,PEN,REMARKS_358,XREF_358,F,R,1314,N,N
009,100000000359,181,O,2026-12-25,17562.000,2026-12-25,SET,SET,100000000359,EUR,REMARKS_359,XREF_359,F,R,6844,N,N
010,100000000360,9999,O,2026-12-26,12782.000,2026-12-26,SET,SET,100000000360,BRL,REMARKS_360,XREF_360,F,R,13280,N,N
011,100000000361,9865,O,2026-12-27,12658.200,2026-12-27,SET,SET,100000000361,USD,REMARKS_361,XREF_361,F,R,24978,Y,Y
012,100000000362,9939,O,2026-12-28,16335.100,2026-12-28,SET,SET,100000000362,PEN,REMARKS_362,XREF_362,F,R,19517,N,N
013,100000000363,5179,O,2026-12-29,11003.900,2026-12-29,SET,SET,100000000363,EUR,REMARKS_363,XREF_363,F,R,19132,N,N
014,100000000364,8719,O,2026-12-30,11558.200,2026-12-30,SET,SET,100000000364,BRL,REMARKS_364,XREF_364,F,R,22734,N,N
015,100000000365,9501,O,2026-12-31,6198.500,2026-12-31,SET,SET,100000000365,USD,REMARKS_365,XREF_365,F,R,8456,N,N
016,100000000366,5088,O,2026-01-01,9090.200,2026-01-01,SET,SET,100000000366,PEN,REMARKS_366,XREF_366,F,R,22301,Y,Y
017,100000000367,3611,O,2026-01-02,8720.700,2026-01-02,SET,SET,100000000367,EUR,REMARKS_367,XREF_367,F,R,19809,N,N
