BRANCH_CODE,BRANCH_NAME,LAST_UPD
001,001,2026-01-01
002,002,2026-01-02
003,003,2026-01-03
004,004,2026-01-04
005,005,2026-01-05
006,006,2026-01-06
007,007,2026-01-07
008,008,2026-01-08
009,009,2026-01-09
010,010,2026-01-10
011,011,2026-01-11
012,012,2026-01-12
013,013,2026-01-13
014,014,2026-01-14
015,015,2026-01-15
016,016,2026-01-16
017,017,2026-01-17
018,018,2026-01-18
019,019,2026-01-19
020,020,2026-01-20
021,021,2026-01-21
022,022,2026-01-22
023,023,2026-01-23
024,024,2026-01-24
025,025,2026-01-25
001,001,2026-01-26
002,002,2026-01-27
003,003,2026-01-28
004,004,2026-01-29
005,005,2026-01-30
006,006,2026-01-31
007,007,2026-02-01
008,008,2026-02-02
009,009,2026-02-03
010,010,2026-02-04
011,011,2026-02-05
012,012,2026-02-06
013,013,2026-02-07
014,014,2026-02-08
015,015,2026-02-09
016,016,2026-02-10
017,017,2026-02-11
018,018,2026-02-12
019,019,2026-02-13
020,020,2026-02-14
021,021,2026-02-15
022,022,2026-02-16
023,023,2026-02-17
024,024,2026-02-18
025,025,2026-02-19
001,001,2026-02-20
002,002,2026-02-21
003,003,2026-02-22
004,004,2026-02-23
005,005,2026-02-24
006,006,2026-02-25
007,007,2026-02-26
008,008,2026-02-27
009,009,2026-02-28
010,010,2026-03-01
011,011,2026-03-02
012,012,2026-03-03
013,013,2026-03-04
014,014,2026-03-05
015,015,2026-03-06
016,016,2026-03-07
017,017,2026-03-08
018,018,2026-03-09
019,019,2026-03-10
020,020,2026-03-11
021,021,2026-03-12
022,022,2026-03-13
023,023,2026-03-14
024,024,2026-03-15
025,025,2026-03-16
001,001,2026-03-17
002,002,2026-03-18
003,003,2026-03-19
004,004,2026-03-20
005,005,2026-03-21
006,006,2026-03-22
007,007,2026-03-23
008,008,2026-03-24
009,009,2026-03-25
010,010,2026-03-26
011,011,2026-03-27
012,012,2026-03-28
013,013,2026-03-29
014,014,2026-03-30
015,015,2026-03-31
016,016,2026-04-01
017,017,2026-04-02
018,018,2026-04-03
019,019,2026-04-04
020,020,2026-04-05
021,021,2026-04-06
022,022,2026-04-07
023,023,2026-04-08
024,024,2026-04-09
025,025,2026-04-10
001,001,2026-04-11
002,002,2026-04-12
003,003,2026-04-13
004,004,2026-04-14
005,005,2026-04-15
006,006,2026-04-16
007,007,2026-04-17
008,008,2026-04-18
009,009,2026-04-19
010,010,2026-04-20
011,011,2026-04-21
012,012,2026-04-22
013,013,2026-04-23
014,014,2026-04-24
015,015,2026-04-25
016,016,2026-04-26
017,017,2026-04-27
018,018,2026-04-28
019,019,2026-04-29
020,020,2026-04-30
021,021,2026-05-01
022,022,2026-05-02
023,023,2026-05-03
024,024,2026-05-04
025,025,2026-05-05
001,001,2026-05-06
002,002,2026-05-07
003,003,2026-05-08
004,004,2026-05-09
005,005,2026-05-10
006,006,2026-05-11
007,007,2026-05-12
008,008,2026-05-13
009,009,2026-05-14
010,010,2026-05-15
011,011,2026-05-16
012,012,2026-05-17
013,013,2026-05-18
014,014,2026-05-19
015,015,2026-05-20
016,016,2026-05-21
017,017,2026-05-22
018,018,2026-05-23
019,019,2026-05-24
020,020,2026-05-25
021,021,2026-05-26
022,022,2026-05-27
023,023,2026-05-28
024,024,2026-05-29
025,025,2026-05-30
001,001,2026-05-31
002,002,2026-06-01
003,003,2026-06-02
004,004,2026-06-03
005,005,2026-06-04
006,006,2026-06-05
007,007,2026-06-06
008,008,2026-06-07
009,009,2026-06-08
010,010,2026-06-09
011,011,2026-06-10
012,012,2026-06-11
013,013,2026-06-12
014,014,2026-06-13
015,015,2026-06-14
016,016,2026-06-15
017,017,2026-06-16
018,018,2026-06-17
019,019,2026-06-18
020,020,2026-06-19
021,021,2026-06-20
022,022,2026-06-21
023,023,2026-06-22
024,024,2026-06-23
025,025,2026-06-24
001,001,2026-06-25
002,002,2026-06-26
003,003,2026-06-27
004,004,2026-06-28
005,005,2026-06-29
006,006,2026-06-30
007,007,2026-07-01
008,008,2026-07-02
009,009,2026-07-03
010,010,2026-07-04
011,011,2026-07-05
012,012,2026-07-06
013,013,2026-07-07
014,014,2026-07-08
015,015,2026-07-09
016,016,2026-07-10
017,017,2026-07-11
018,018,2026-07-12
019,019,2026-07-13
020,020,2026-07-14
021,021,2026-07-15
022,022,2026-07-16
023,023,2026-07-17
024,024,2026-07-18
025,025,2026-07-19
001,001,2026-07-20
002,002,2026-07-21
003,003,2026-07-22
004,004,2026-07-23
005,005,2026-07-24
006,006,2026-07-25
007,007,2026-07-26
008,008,2026-07-27
009,009,2026-07-28
010,010,2026-07-29
011,011,2026-07-30
012,012,2026-07-31
013,013,2026-08-01
014,014,2026-08-02
015,015,2026-08-03
016,016,2026-08-04
017,017,2026-08-05
018,018,2026-08-06
019,019,2026-08-07
020,020,2026-08-08
021,021,2026-08-09
022,022,2026-08-10
023,023,2026-08-11
024,024,2026-08-12
025,025,2026-08-13
001,001,2026-08-14
002,002,2026-08-15
003,003,2026-08-16
004,004,2026-08-17
005,005,2026-08-18
006,006,2026-08-19
007,007,2026-08-20
008,008,2026-08-21
009,009,2026-08-22
010,010,2026-08-23
011,011,2026-08-24
012,012,2026-08-25
013,013,2026-08-26
014,014,2026-08-27
015,015,2026-08-28
016,016,2026-08-29
017,017,2026-08-30
018,018,2026-08-31
019,019,2026-09-01
020,020,2026-09-02
021,021,2026-09-03
022,022,2026-09-04
023,023,2026-09-05
024,024,2026-09-06
025,025,2026-09-07
001,001,2026-09-08
002,002,2026-09-09
003,003,2026-09-10
004,004,2026-09-11
005,005,2026-09-12
006,006,2026-09-13
007,007,2026-09-14
008,008,2026-09-15
009,009,2026-09-16
010,010,2026-09-17
011,011,2026-09-18
012,012,2026-09-19
013,013,2026-09-20
014,014,2026-09-21
015,015,2026-09-22
016,016,2026-09-23
017,017,2026-09-24
018,018,2026-09-25
019,019,2026-09-26
020,020,2026-09-27
021,021,2026-09-28
022,022,2026-09-29
023,023,2026-09-30
024,024,2026-10-01
025,025,2026-10-02
001,001,2026-10-03
002,002,2026-10-04
003,003,2026-10-05
004,004,2026-10-06
005,005,2026-10-07
006,006,2026-10-08
007,007,2026-10-09
008,008,2026-10-10
009,009,2026-10-11
010,010,2026-10-12
011,011,2026-10-13
012,012,2026-10-14
013,013,2026-10-15
014,014,2026-10-16
015,015,2026-10-17
016,016,2026-10-18
017,017,2026-10-19
018,018,2026-10-20
019,019,2026-10-21
020,020,2026-10-22
021,021,2026-10-23
022,022,2026-10-24
023,023,2026-10-25
024,024,2026-10-26
025,025,2026-10-27
001,001,2026-10-28
002,002,2026-10-29
003,003,2026-10-30
004,004,2026-10-31
005,005,2026-11-01
006,006,2026-11-02
007,007,2026-11-03
008,008,2026-11-04
009,009,2026-11-05
010,010,2026-11-06
011,011,2026-11-07
012,012,2026-11-08
013,013,2026-11-09
014,014,2026-11-10
015,015,2026-11-11
016,016,2026-11-12
017,017,2026-11-13
018,018,2026-11-14
019,019,2026-11-15
020,020,2026-11-16
021,021,2026-11-17
022,022,2026-11-18
023,023,2026-11-19
024,024,2026-11-20
025,025,2026-11-21
001,001,2026-11-22
002,002,2026-11-23
003,003,2026-11-24
004,004,2026-11-25
005,005,2026-11-26
006,006,2026-11-27
007,007,2026-11-28
008,008,2026-11-29
009,009,2026-11-30
010,010,2026-12-01
011,011,2026-12-02
012,012,2026-12-03
013,013,2026-12-04
014,014,2026-12-05
015,015,2026-12-06
016,016,2026-12-07
017,017,2026-12-08
018,018,2026-12-09
019,019,2026-12-10
020,020,2026-12-11
021,021,2026-12-12
022,022,2026-12-13
023,023,2026-12-14
024,024,2026-12-15
025,025,2026-12-16
001,001,2026-12-17
002,002,2026-12-18
003,003,2026-12-19
004,004,2026-12-20
005,005,2026-12-21
006,006,2026-12-22
007,007,2026-12-23
008,008,2026-12-24
009,009,2026-12-25
010,010,2026-12-26
011,011,2026-12-27
012,012,2026-12-28
013,013,2026-12-29
014,014,2026-12-30
015,015,2026-12-31
016,016,2026-01-01
017,017,2026-01-02
