SET DEFINE OFF
SET SERVEROUTPUT ON
WHENEVER SQLERROR EXIT SQL.SQLCODE ROLLBACK

PROMPT === ADMIN: install bundled SH_DEMO schema for Select AI Apex ===

DECLARE
  l_count NUMBER;
BEGIN
  SELECT COUNT(*) INTO l_count FROM dba_users WHERE username = 'SH_DEMO';
  IF l_count = 0 THEN
    EXECUTE IMMEDIATE 'CREATE USER SH_DEMO IDENTIFIED BY "__DEMO_SCHEMA_PASSWORD__" ACCOUNT UNLOCK';
  ELSE
    EXECUTE IMMEDIATE 'ALTER USER SH_DEMO IDENTIFIED BY "__DEMO_SCHEMA_PASSWORD__" ACCOUNT UNLOCK';
  END IF;
END;
/

GRANT CREATE SESSION TO "SH_DEMO";
GRANT CREATE TABLE TO "SH_DEMO";
GRANT CREATE VIEW TO "SH_DEMO";
GRANT CREATE SYNONYM TO "SH_DEMO";
GRANT UNLIMITED TABLESPACE TO "SH_DEMO";

BEGIN
  FOR t IN (SELECT table_name FROM all_tables WHERE owner = 'SH_DEMO') LOOP
    BEGIN
      EXECUTE IMMEDIATE 'DROP TABLE "SH_DEMO"."' || REPLACE(t.table_name, '"', '""') || '" CASCADE CONSTRAINTS PURGE';
    EXCEPTION
      WHEN OTHERS THEN
        IF SQLCODE != -942 THEN
          RAISE;
        END IF;
    END;
  END LOOP;
END;
/

CREATE TABLE "SH_DEMO"."COUNTRIES" (
  "COUNTRY_ID" CHAR(2) NOT NULL,
  "COUNTRY_NAME" VARCHAR2(80) NOT NULL,
  "REGION_NAME" VARCHAR2(80) NOT NULL,
  CONSTRAINT "PK_COUNTRIES" PRIMARY KEY ("COUNTRY_ID")
);
COMMENT ON TABLE "SH_DEMO"."COUNTRIES" IS 'Country and region dimension for Sales History demo analytics.';
COMMENT ON COLUMN "SH_DEMO"."COUNTRIES"."COUNTRY_ID" IS 'Country identifier used by customers.';
COMMENT ON COLUMN "SH_DEMO"."COUNTRIES"."COUNTRY_NAME" IS 'Country display name.';
COMMENT ON COLUMN "SH_DEMO"."COUNTRIES"."REGION_NAME" IS 'Sales region name for geographic rollups.';

PROMPT Loading SH_DEMO.COUNTRIES from COUNTRIES.csv
INSERT INTO "SH_DEMO"."COUNTRIES" ("COUNTRY_ID", "COUNTRY_NAME", "REGION_NAME") VALUES ('US', 'United States of America', 'Americas');
INSERT INTO "SH_DEMO"."COUNTRIES" ("COUNTRY_ID", "COUNTRY_NAME", "REGION_NAME") VALUES ('CA', 'Canada', 'Americas');
INSERT INTO "SH_DEMO"."COUNTRIES" ("COUNTRY_ID", "COUNTRY_NAME", "REGION_NAME") VALUES ('GB', 'United Kingdom', 'Europe');
INSERT INTO "SH_DEMO"."COUNTRIES" ("COUNTRY_ID", "COUNTRY_NAME", "REGION_NAME") VALUES ('JP', 'Japan', 'Asia Pacific');

CREATE TABLE "SH_DEMO"."CHANNELS" (
  "CHANNEL_ID" NUMBER NOT NULL,
  "CHANNEL_DESC" VARCHAR2(40) NOT NULL,
  "CHANNEL_CLASS" VARCHAR2(40) NOT NULL,
  CONSTRAINT "PK_CHANNELS" PRIMARY KEY ("CHANNEL_ID")
);
COMMENT ON TABLE "SH_DEMO"."CHANNELS" IS 'Sales channel dimension, such as direct, internet, partner and retail.';
COMMENT ON COLUMN "SH_DEMO"."CHANNELS"."CHANNEL_ID" IS 'Sales channel identifier.';
COMMENT ON COLUMN "SH_DEMO"."CHANNELS"."CHANNEL_DESC" IS 'Sales channel description.';
COMMENT ON COLUMN "SH_DEMO"."CHANNELS"."CHANNEL_CLASS" IS 'Sales channel class used for grouping.';

PROMPT Loading SH_DEMO.CHANNELS from CHANNELS.csv
INSERT INTO "SH_DEMO"."CHANNELS" ("CHANNEL_ID", "CHANNEL_DESC", "CHANNEL_CLASS") VALUES (1, 'Direct Sales', 'Direct');
INSERT INTO "SH_DEMO"."CHANNELS" ("CHANNEL_ID", "CHANNEL_DESC", "CHANNEL_CLASS") VALUES (2, 'Internet', 'Digital');
INSERT INTO "SH_DEMO"."CHANNELS" ("CHANNEL_ID", "CHANNEL_DESC", "CHANNEL_CLASS") VALUES (3, 'Partners', 'Indirect');
INSERT INTO "SH_DEMO"."CHANNELS" ("CHANNEL_ID", "CHANNEL_DESC", "CHANNEL_CLASS") VALUES (4, 'Retail Stores', 'Physical');

CREATE TABLE "SH_DEMO"."PRODUCTS" (
  "PROD_ID" NUMBER NOT NULL,
  "PROD_NAME" VARCHAR2(80) NOT NULL,
  "PROD_CATEGORY" VARCHAR2(50) NOT NULL,
  "PROD_SUBCATEGORY" VARCHAR2(50) NOT NULL,
  "PROD_LIST_PRICE" NUMBER(10,2) NOT NULL,
  CONSTRAINT "PK_PRODUCTS" PRIMARY KEY ("PROD_ID")
);
COMMENT ON TABLE "SH_DEMO"."PRODUCTS" IS 'Product dimension with category, subcategory and list price.';
COMMENT ON COLUMN "SH_DEMO"."PRODUCTS"."PROD_ID" IS 'Product identifier.';
COMMENT ON COLUMN "SH_DEMO"."PRODUCTS"."PROD_NAME" IS 'Product display name.';
COMMENT ON COLUMN "SH_DEMO"."PRODUCTS"."PROD_CATEGORY" IS 'Top-level product category for grouping sales.';
COMMENT ON COLUMN "SH_DEMO"."PRODUCTS"."PROD_SUBCATEGORY" IS 'Product subcategory for detailed sales analysis.';
COMMENT ON COLUMN "SH_DEMO"."PRODUCTS"."PROD_LIST_PRICE" IS 'Current product list price.';

PROMPT Loading SH_DEMO.PRODUCTS from PRODUCTS.csv
INSERT INTO "SH_DEMO"."PRODUCTS" ("PROD_ID", "PROD_NAME", "PROD_CATEGORY", "PROD_SUBCATEGORY", "PROD_LIST_PRICE") VALUES (10, 'Laptop Pro 15', 'Electronics', 'Computers', 1599.00);
INSERT INTO "SH_DEMO"."PRODUCTS" ("PROD_ID", "PROD_NAME", "PROD_CATEGORY", "PROD_SUBCATEGORY", "PROD_LIST_PRICE") VALUES (20, 'Action Camera', 'Electronics', 'Cameras', 349.00);
INSERT INTO "SH_DEMO"."PRODUCTS" ("PROD_ID", "PROD_NAME", "PROD_CATEGORY", "PROD_SUBCATEGORY", "PROD_LIST_PRICE") VALUES (30, 'Noise Canceling Headphones', 'Electronics', 'Audio', 249.00);
INSERT INTO "SH_DEMO"."PRODUCTS" ("PROD_ID", "PROD_NAME", "PROD_CATEGORY", "PROD_SUBCATEGORY", "PROD_LIST_PRICE") VALUES (40, 'Smart Home Hub', 'Electronics', 'Home Automation', 129.00);
INSERT INTO "SH_DEMO"."PRODUCTS" ("PROD_ID", "PROD_NAME", "PROD_CATEGORY", "PROD_SUBCATEGORY", "PROD_LIST_PRICE") VALUES (50, 'Portable Projector', 'Electronics', 'Video', 699.00);

CREATE TABLE "SH_DEMO"."CUSTOMERS" (
  "CUST_ID" NUMBER NOT NULL,
  "CUST_FIRST_NAME" VARCHAR2(40) NOT NULL,
  "CUST_LAST_NAME" VARCHAR2(40) NOT NULL,
  "CUST_GENDER" CHAR(1),
  "CUST_CITY" VARCHAR2(60),
  "CUST_STATE_PROVINCE" VARCHAR2(60),
  "COUNTRY_ID" CHAR(2) NOT NULL,
  "CUST_INCOME_LEVEL" VARCHAR2(40),
  "CUST_CREDIT_LIMIT" NUMBER(12,2),
  CONSTRAINT "PK_CUSTOMERS" PRIMARY KEY ("CUST_ID"),
  CONSTRAINT "SH_DEMO_CUSTOMERS_COUNTRY_FK" FOREIGN KEY ("COUNTRY_ID") REFERENCES "SH_DEMO"."COUNTRIES" ("COUNTRY_ID")
);
COMMENT ON TABLE "SH_DEMO"."CUSTOMERS" IS 'Customer dimension with geography, income level and credit limit.';
COMMENT ON COLUMN "SH_DEMO"."CUSTOMERS"."CUST_ID" IS 'Customer identifier.';
COMMENT ON COLUMN "SH_DEMO"."CUSTOMERS"."CUST_FIRST_NAME" IS 'Customer first name.';
COMMENT ON COLUMN "SH_DEMO"."CUSTOMERS"."CUST_LAST_NAME" IS 'Customer last name.';
COMMENT ON COLUMN "SH_DEMO"."CUSTOMERS"."CUST_GENDER" IS 'Customer gender code.';
COMMENT ON COLUMN "SH_DEMO"."CUSTOMERS"."CUST_CITY" IS 'Customer city.';
COMMENT ON COLUMN "SH_DEMO"."CUSTOMERS"."CUST_STATE_PROVINCE" IS 'Customer state or province.';
COMMENT ON COLUMN "SH_DEMO"."CUSTOMERS"."COUNTRY_ID" IS 'Foreign key to customer country.';
COMMENT ON COLUMN "SH_DEMO"."CUSTOMERS"."CUST_INCOME_LEVEL" IS 'Customer income segment used for sales analytics.';
COMMENT ON COLUMN "SH_DEMO"."CUSTOMERS"."CUST_CREDIT_LIMIT" IS 'Customer credit limit used for segmentation and risk analysis.';

PROMPT Loading SH_DEMO.CUSTOMERS from CUSTOMERS.csv
INSERT INTO "SH_DEMO"."CUSTOMERS" ("CUST_ID", "CUST_FIRST_NAME", "CUST_LAST_NAME", "CUST_GENDER", "CUST_CITY", "CUST_STATE_PROVINCE", "COUNTRY_ID", "CUST_INCOME_LEVEL", "CUST_CREDIT_LIMIT") VALUES (100, 'Ava', 'Johnson', 'F', 'Chicago', 'Illinois', 'US', 'High', 18000);
INSERT INTO "SH_DEMO"."CUSTOMERS" ("CUST_ID", "CUST_FIRST_NAME", "CUST_LAST_NAME", "CUST_GENDER", "CUST_CITY", "CUST_STATE_PROVINCE", "COUNTRY_ID", "CUST_INCOME_LEVEL", "CUST_CREDIT_LIMIT") VALUES (110, 'Liam', 'Martinez', 'M', 'Austin', 'Texas', 'US', 'Medium', 9500);
INSERT INTO "SH_DEMO"."CUSTOMERS" ("CUST_ID", "CUST_FIRST_NAME", "CUST_LAST_NAME", "CUST_GENDER", "CUST_CITY", "CUST_STATE_PROVINCE", "COUNTRY_ID", "CUST_INCOME_LEVEL", "CUST_CREDIT_LIMIT") VALUES (120, 'Mia', 'Chen', 'F', 'Toronto', 'Ontario', 'CA', 'Medium', 8200);
INSERT INTO "SH_DEMO"."CUSTOMERS" ("CUST_ID", "CUST_FIRST_NAME", "CUST_LAST_NAME", "CUST_GENDER", "CUST_CITY", "CUST_STATE_PROVINCE", "COUNTRY_ID", "CUST_INCOME_LEVEL", "CUST_CREDIT_LIMIT") VALUES (130, 'Oliver', 'Smith', 'M', 'London', 'England', 'GB', 'High', 21000);
INSERT INTO "SH_DEMO"."CUSTOMERS" ("CUST_ID", "CUST_FIRST_NAME", "CUST_LAST_NAME", "CUST_GENDER", "CUST_CITY", "CUST_STATE_PROVINCE", "COUNTRY_ID", "CUST_INCOME_LEVEL", "CUST_CREDIT_LIMIT") VALUES (140, 'Yuki', 'Tanaka', 'F', 'Tokyo', 'Tokyo', 'JP', 'High', 24000);

CREATE TABLE "SH_DEMO"."TIMES" (
  "TIME_ID" DATE NOT NULL,
  "CALENDAR_YEAR" NUMBER(4) NOT NULL,
  "CALENDAR_QUARTER_DESC" VARCHAR2(20) NOT NULL,
  "CALENDAR_MONTH_DESC" VARCHAR2(20) NOT NULL,
  "DAY_NAME" VARCHAR2(20) NOT NULL,
  CONSTRAINT "PK_TIMES" PRIMARY KEY ("TIME_ID")
);
COMMENT ON TABLE "SH_DEMO"."TIMES" IS 'Calendar time dimension used to aggregate sales by month, quarter and year.';
COMMENT ON COLUMN "SH_DEMO"."TIMES"."TIME_ID" IS 'Calendar date identifier.';
COMMENT ON COLUMN "SH_DEMO"."TIMES"."CALENDAR_YEAR" IS 'Calendar year number.';
COMMENT ON COLUMN "SH_DEMO"."TIMES"."CALENDAR_QUARTER_DESC" IS 'Calendar quarter label, for example 2025 Q1.';
COMMENT ON COLUMN "SH_DEMO"."TIMES"."CALENDAR_MONTH_DESC" IS 'Calendar month label.';
COMMENT ON COLUMN "SH_DEMO"."TIMES"."DAY_NAME" IS 'Day name for the calendar date.';

PROMPT Loading SH_DEMO.TIMES from TIMES.csv
INSERT INTO "SH_DEMO"."TIMES" ("TIME_ID", "CALENDAR_YEAR", "CALENDAR_QUARTER_DESC", "CALENDAR_MONTH_DESC", "DAY_NAME") VALUES (DATE '2025-01-15', 2025, '2025 Q1', '2025-01', 'Wednesday');
INSERT INTO "SH_DEMO"."TIMES" ("TIME_ID", "CALENDAR_YEAR", "CALENDAR_QUARTER_DESC", "CALENDAR_MONTH_DESC", "DAY_NAME") VALUES (DATE '2025-02-20', 2025, '2025 Q1', '2025-02', 'Thursday');
INSERT INTO "SH_DEMO"."TIMES" ("TIME_ID", "CALENDAR_YEAR", "CALENDAR_QUARTER_DESC", "CALENDAR_MONTH_DESC", "DAY_NAME") VALUES (DATE '2025-04-10', 2025, '2025 Q2', '2025-04', 'Thursday');
INSERT INTO "SH_DEMO"."TIMES" ("TIME_ID", "CALENDAR_YEAR", "CALENDAR_QUARTER_DESC", "CALENDAR_MONTH_DESC", "DAY_NAME") VALUES (DATE '2025-07-22', 2025, '2025 Q3', '2025-07', 'Tuesday');
INSERT INTO "SH_DEMO"."TIMES" ("TIME_ID", "CALENDAR_YEAR", "CALENDAR_QUARTER_DESC", "CALENDAR_MONTH_DESC", "DAY_NAME") VALUES (DATE '2025-11-28', 2025, '2025 Q4', '2025-11', 'Friday');

CREATE TABLE "SH_DEMO"."PROMOTIONS" (
  "PROMO_ID" NUMBER NOT NULL,
  "PROMO_NAME" VARCHAR2(80) NOT NULL,
  "PROMO_CATEGORY" VARCHAR2(40) NOT NULL,
  "PROMO_COST" NUMBER(10,2) NOT NULL,
  CONSTRAINT "PK_PROMOTIONS" PRIMARY KEY ("PROMO_ID")
);
COMMENT ON TABLE "SH_DEMO"."PROMOTIONS" IS 'Promotion dimension with marketing campaign names, categories and campaign cost.';
COMMENT ON COLUMN "SH_DEMO"."PROMOTIONS"."PROMO_ID" IS 'Promotion identifier.';
COMMENT ON COLUMN "SH_DEMO"."PROMOTIONS"."PROMO_NAME" IS 'Promotion campaign name.';
COMMENT ON COLUMN "SH_DEMO"."PROMOTIONS"."PROMO_CATEGORY" IS 'Promotion category.';
COMMENT ON COLUMN "SH_DEMO"."PROMOTIONS"."PROMO_COST" IS 'Marketing cost of the promotion campaign.';

PROMPT Loading SH_DEMO.PROMOTIONS from PROMOTIONS.csv
INSERT INTO "SH_DEMO"."PROMOTIONS" ("PROMO_ID", "PROMO_NAME", "PROMO_CATEGORY", "PROMO_COST") VALUES (0, 'No Promotion', 'None', 0);
INSERT INTO "SH_DEMO"."PROMOTIONS" ("PROMO_ID", "PROMO_NAME", "PROMO_CATEGORY", "PROMO_COST") VALUES (101, 'Winter Launch', 'Seasonal', 15000);
INSERT INTO "SH_DEMO"."PROMOTIONS" ("PROMO_ID", "PROMO_NAME", "PROMO_CATEGORY", "PROMO_COST") VALUES (102, 'Back to School', 'Seasonal', 9500);
INSERT INTO "SH_DEMO"."PROMOTIONS" ("PROMO_ID", "PROMO_NAME", "PROMO_CATEGORY", "PROMO_COST") VALUES (103, 'Holiday Bundle', 'Bundle', 22000);

CREATE TABLE "SH_DEMO"."SALES" (
  "PROD_ID" NUMBER NOT NULL,
  "CUST_ID" NUMBER NOT NULL,
  "TIME_ID" DATE NOT NULL,
  "CHANNEL_ID" NUMBER NOT NULL,
  "PROMO_ID" NUMBER NOT NULL,
  "QUANTITY_SOLD" NUMBER(10,2) NOT NULL,
  "AMOUNT_SOLD" NUMBER(12,2) NOT NULL,
  CONSTRAINT "PK_SALES" PRIMARY KEY ("PROD_ID", "CUST_ID", "TIME_ID", "CHANNEL_ID", "PROMO_ID"),
  CONSTRAINT "SH_DEMO_SALES_PRODUCT_FK" FOREIGN KEY ("PROD_ID") REFERENCES "SH_DEMO"."PRODUCTS" ("PROD_ID"),
  CONSTRAINT "SH_DEMO_SALES_CUSTOMER_FK" FOREIGN KEY ("CUST_ID") REFERENCES "SH_DEMO"."CUSTOMERS" ("CUST_ID"),
  CONSTRAINT "SH_DEMO_SALES_TIME_FK" FOREIGN KEY ("TIME_ID") REFERENCES "SH_DEMO"."TIMES" ("TIME_ID"),
  CONSTRAINT "SH_DEMO_SALES_CHANNEL_FK" FOREIGN KEY ("CHANNEL_ID") REFERENCES "SH_DEMO"."CHANNELS" ("CHANNEL_ID"),
  CONSTRAINT "SH_DEMO_SALES_PROMO_FK" FOREIGN KEY ("PROMO_ID") REFERENCES "SH_DEMO"."PROMOTIONS" ("PROMO_ID")
);
COMMENT ON TABLE "SH_DEMO"."SALES" IS 'Sales fact table with product, customer, date, channel, promotion, quantity and sold amount.';
COMMENT ON COLUMN "SH_DEMO"."SALES"."PROD_ID" IS 'Foreign key to the product sold.';
COMMENT ON COLUMN "SH_DEMO"."SALES"."CUST_ID" IS 'Foreign key to the customer.';
COMMENT ON COLUMN "SH_DEMO"."SALES"."TIME_ID" IS 'Foreign key to the calendar date of the sale.';
COMMENT ON COLUMN "SH_DEMO"."SALES"."CHANNEL_ID" IS 'Foreign key to the sales channel used for this sale.';
COMMENT ON COLUMN "SH_DEMO"."SALES"."PROMO_ID" IS 'Foreign key to the promotion applied to this sale.';
COMMENT ON COLUMN "SH_DEMO"."SALES"."QUANTITY_SOLD" IS 'Number of product units sold in the transaction.';
COMMENT ON COLUMN "SH_DEMO"."SALES"."AMOUNT_SOLD" IS 'Revenue amount for the sale transaction.';

PROMPT Loading SH_DEMO.SALES from SALES.csv
INSERT INTO "SH_DEMO"."SALES" ("PROD_ID", "CUST_ID", "TIME_ID", "CHANNEL_ID", "PROMO_ID", "QUANTITY_SOLD", "AMOUNT_SOLD") VALUES (10, 100, DATE '2025-01-15', 1, 101, 2, 3198.00);
INSERT INTO "SH_DEMO"."SALES" ("PROD_ID", "CUST_ID", "TIME_ID", "CHANNEL_ID", "PROMO_ID", "QUANTITY_SOLD", "AMOUNT_SOLD") VALUES (20, 110, DATE '2025-01-15', 2, 101, 3, 1047.00);
INSERT INTO "SH_DEMO"."SALES" ("PROD_ID", "CUST_ID", "TIME_ID", "CHANNEL_ID", "PROMO_ID", "QUANTITY_SOLD", "AMOUNT_SOLD") VALUES (30, 120, DATE '2025-02-20', 2, 0, 4, 996.00);
INSERT INTO "SH_DEMO"."SALES" ("PROD_ID", "CUST_ID", "TIME_ID", "CHANNEL_ID", "PROMO_ID", "QUANTITY_SOLD", "AMOUNT_SOLD") VALUES (40, 130, DATE '2025-04-10', 3, 102, 6, 774.00);
INSERT INTO "SH_DEMO"."SALES" ("PROD_ID", "CUST_ID", "TIME_ID", "CHANNEL_ID", "PROMO_ID", "QUANTITY_SOLD", "AMOUNT_SOLD") VALUES (50, 140, DATE '2025-04-10', 1, 0, 1, 699.00);
INSERT INTO "SH_DEMO"."SALES" ("PROD_ID", "CUST_ID", "TIME_ID", "CHANNEL_ID", "PROMO_ID", "QUANTITY_SOLD", "AMOUNT_SOLD") VALUES (10, 130, DATE '2025-07-22', 4, 102, 1, 1599.00);
INSERT INTO "SH_DEMO"."SALES" ("PROD_ID", "CUST_ID", "TIME_ID", "CHANNEL_ID", "PROMO_ID", "QUANTITY_SOLD", "AMOUNT_SOLD") VALUES (20, 100, DATE '2025-07-22', 2, 0, 5, 1745.00);
INSERT INTO "SH_DEMO"."SALES" ("PROD_ID", "CUST_ID", "TIME_ID", "CHANNEL_ID", "PROMO_ID", "QUANTITY_SOLD", "AMOUNT_SOLD") VALUES (30, 140, DATE '2025-11-28', 2, 103, 8, 1992.00);
INSERT INTO "SH_DEMO"."SALES" ("PROD_ID", "CUST_ID", "TIME_ID", "CHANNEL_ID", "PROMO_ID", "QUANTITY_SOLD", "AMOUNT_SOLD") VALUES (40, 110, DATE '2025-11-28', 4, 103, 10, 1290.00);
INSERT INTO "SH_DEMO"."SALES" ("PROD_ID", "CUST_ID", "TIME_ID", "CHANNEL_ID", "PROMO_ID", "QUANTITY_SOLD", "AMOUNT_SOLD") VALUES (50, 120, DATE '2025-11-28', 3, 103, 2, 1398.00);

CREATE TABLE "SH_DEMO"."COSTS" (
  "PROD_ID" NUMBER NOT NULL,
  "TIME_ID" DATE NOT NULL,
  "UNIT_COST" NUMBER(10,2) NOT NULL,
  "UNIT_PRICE" NUMBER(10,2) NOT NULL,
  CONSTRAINT "PK_COSTS" PRIMARY KEY ("PROD_ID", "TIME_ID"),
  CONSTRAINT "SH_DEMO_COSTS_PRODUCT_FK" FOREIGN KEY ("PROD_ID") REFERENCES "SH_DEMO"."PRODUCTS" ("PROD_ID"),
  CONSTRAINT "SH_DEMO_COSTS_TIME_FK" FOREIGN KEY ("TIME_ID") REFERENCES "SH_DEMO"."TIMES" ("TIME_ID")
);
COMMENT ON TABLE "SH_DEMO"."COSTS" IS 'Product cost fact table with unit cost and unit price by product and date.';
COMMENT ON COLUMN "SH_DEMO"."COSTS"."PROD_ID" IS 'Foreign key to the product.';
COMMENT ON COLUMN "SH_DEMO"."COSTS"."TIME_ID" IS 'Foreign key to the calendar date.';
COMMENT ON COLUMN "SH_DEMO"."COSTS"."UNIT_COST" IS 'Internal cost per product unit.';
COMMENT ON COLUMN "SH_DEMO"."COSTS"."UNIT_PRICE" IS 'Sales list price per product unit.';

PROMPT Loading SH_DEMO.COSTS from COSTS.csv
INSERT INTO "SH_DEMO"."COSTS" ("PROD_ID", "TIME_ID", "UNIT_COST", "UNIT_PRICE") VALUES (10, DATE '2025-01-15', 1040.00, 1599.00);
INSERT INTO "SH_DEMO"."COSTS" ("PROD_ID", "TIME_ID", "UNIT_COST", "UNIT_PRICE") VALUES (20, DATE '2025-01-15', 185.00, 349.00);
INSERT INTO "SH_DEMO"."COSTS" ("PROD_ID", "TIME_ID", "UNIT_COST", "UNIT_PRICE") VALUES (30, DATE '2025-02-20', 120.00, 249.00);
INSERT INTO "SH_DEMO"."COSTS" ("PROD_ID", "TIME_ID", "UNIT_COST", "UNIT_PRICE") VALUES (40, DATE '2025-04-10', 62.00, 129.00);
INSERT INTO "SH_DEMO"."COSTS" ("PROD_ID", "TIME_ID", "UNIT_COST", "UNIT_PRICE") VALUES (50, DATE '2025-11-28', 430.00, 699.00);

BEGIN
  FOR t IN (SELECT column_value AS table_name FROM sys.odcivarchar2list('COUNTRIES', 'CHANNELS', 'PRODUCTS', 'CUSTOMERS', 'TIMES', 'PROMOTIONS', 'SALES', 'COSTS')) LOOP
    EXECUTE IMMEDIATE 'GRANT SELECT ON "SH_DEMO"."' || REPLACE(t.table_name, '"', '""') || '" TO __APP_SCHEMA__';
  END LOOP;
END;
/

COMMIT;
